gene	ERE_LA	MEL_LA	SAN_LA	SEC_LA	SIM_LA	SUZ_LA
128up_OG0006588	70.7619547024978	75.3489936761028	62.6313252991542	87.4401169572234	85.5616169259693	74.2307226015718
14-3-3epsilon_OG0002478	190.058347628426	230.593525470627	173.552324296558	214.533386388877	273.448081504452	189.126615444352
140up_OG0004534	13.95633730439	15.6145299117712	17.4878289204237	15.3410591755168	12.3594822114503	13.4939638820484
18w_OG0003044	44.2682986122442	54.9223434621473	44.7264485881207	36.8845836037419	70.8238551487244	46.3447800094998
26-29-p_OG0010897	245.637553705942	201.491143668737	238.032975285975	193.273230603613	221.053356009674	253.51400057629
2mit_OG0000576_OG0	1.77463980775985	1.34581369898771	5.15051058057139	2.59683316863917	3.21678862070921	5.11298567886481
5-HT7_OG0005777	2.29564391523876	1.30503749190697	2.26376903989949	2.09357147562857	2.01701113322993	2.945274077072
5PtaseI_OG0005188	4.83030660801733	4.85374403681982	3.92720394382551	4.5979992741622	6.82361056064888	4.34073392569988
7B2_OG0004187	17.3672835337705	23.5130158283502	48.3753680280624	53.5011131800137	51.7032343906809	23.7809259024856
a_OG0006460	7.86862274755941	6.71740291511667	4.27877886945088	5.42505310261292	9.74707020049075	3.40744872099451
a6_OG0007651	19.890499545848	21.5436369929298	22.03970988167	16.1620178216283	29.6254872743821	18.1509121881508
AANATL2_OG0003640	161.524975120699	113.862129057625	28.957895903695	62.4435499913168	78.372472722766	20.7653051421202
Aasdh_OG0001831	4.61170459920316	8.53790893110963	19.461720417145	4.66325514086551	6.82258681162602	3.02485729070439
Aatf_OG0001947	28.6131796024926	23.9084921445771	21.1585917038021	30.5389277715772	26.818432106729	19.1336945978974
aay_OG0011265	64.5756544142682	51.7962360542752	42.9489363019488	37.5007586092429	54.0698997736845	36.8431439585572
ab_OG0009683	4.38813589878274	5.03137415777365	3.50171535184229	4.65786887612945	6.87082021734654	3.16198428149212
ab_OG0009684	66.5434709789533	64.9377195588088	51.2391743253966	53.5642878825173	84.2430003659228	46.575055808735
ABCB7_OG0011281	13.4250446631619	17.903007659768	13.2819189879508	16.7436649545283	16.9557487722174	15.5374244535812
Abcd3_OG0003257	18.2586299101912	15.70413141957	10.3143292526955	17.4775973905957	19.0235509619696	11.6707092256895
Abi_OG0002227_OG0	36.9861345395406	39.5597846131684	37.5167038410169	34.2790908533227	49.4073370443554	38.4215152089937
Abl_OG0010722	5.84741771934433	7.2905124285984	6.86582538192176	5.80766114989177	11.0939483555896	6.07535815672501
abo_OG0009656	14.0637785187476	12.2596999427126	14.4170434228691	10.6326622739169	12.4055557010776	17.0970135132002
Abp1_OG0010565	41.9975399412549	47.7112834032419	37.4790473118256	42.6421958582736	72.1103266643337	40.6372220254119
abs_OG0003097	16.9061080787439	24.4383383809264	29.0135982881836	24.9466021165138	40.0196889741281	31.9301587704148
ac_OG0007843	7.66161810746631	15.1641007541753	5.54502789994523	7.74250498409546	17.8150342251352	3.83747360134699
Ac13E_OG0008321	4.95387285458268	4.51792387423022	5.47248240843575	3.99929362832752	1.43968945018007	3.29179080467973
Acat2_OG0011313	27.2431514047092	36.9129917401513	25.6405561727794	38.3634478848499	54.1482154038796	44.2840008883262
Acbp1_OG0009246	136.363702900058	145.954167222027	85.8558643563368	132.811264638686	187.558973660747	114.992497668085
Acbp2_OG0010415	38.4376627012359	55.1678727003437	81.7581240283704	76.6660149449807	59.1290125187459	89.9184327492988
Acbp4_OG0000311_OG0	42.2866706880631	160.552944332363	426.912717547213	857.989899934612	77.3986366059942	122.265061705419
Acbp6_OG0010414	38.7812835819922	10.529764136713	65.6283594093316	393.394346607227	41.91876113405	49.4324619305937
ACC_OG0007193	18.5553604811591	22.5767596786354	27.4965610598578	25.3433770746824	27.4406580708009	34.8833180122662
AcCoAS_OG0000812	9.2844400678719	12.9483761670846	10.7607088170959	12.6152736265461	12.5931852096156	21.0832077208588
Acer_OG0000953_OG0	228.492229310887	583.181988629887	143.441766860437	292.554867548728	617.011965602347	109.493797524329
Acer_OG0003808	44.0346019443438	43.5167898547233	46.9730917784606	55.684904170982	120.36592966988	18.2485024393107
Acf_OG0002671	23.8047693842607	29.0826873149705	22.4997542042033	24.1064040466272	35.7323913444646	33.1701066788176
Achl_OG0002770	7.74380489212866	50.6967220097404	1.93879670730756	23.5014578320363	129.269535745479	2.700950965017
Ack_OG0010507	25.499302646528	23.8595573029006	21.2910765001862	21.8114256667077	35.3381151160711	23.5849613059285
Ack-like_OG0006546	22.2689315911893	28.1099642901927	18.6606785319488	14.470488618451	35.3774139626094	22.6393781291104
Acn_OG0009540	107.137138827342	126.36709102209	100.445398281065	114.460173460687	176.160461374079	109.999424672144
ACOX1_OG0006075	20.8269946838765	27.5929760934393	17.9040793323618	23.9583660481412	22.7991089583453	32.1928674422013
Acox57D-d_OG0006913	3.90657366289788	3.90920681673197	9.36249167339579	12.6352812347293	5.81853819042648	4.06625011529398
Acox57D-p_OG0001151	4.41731909147485	10.0325692614035	3.19567914630709	11.2676590083464	8.4374955951236	8.61373799830545
Acph-1_OG0001513	45.2299359910367	36.3515954618974	33.7382963150921	28.2335938080392	41.6171153126798	34.8701596179499
Acsf2_OG0008829	51.3027167220503	12.2919829156495	28.1944901760056	19.4516516160068	9.56357149142727	15.4969634327086
Acsl_OG0007133	25.1093411213046	25.7365817793711	35.8799791363929	31.9980397197935	30.4500741418006	36.904742915087
Act42A_OG0000022_OG3	13280.7917364119	15715.3670367279	19006.7292423033	21121.9697609674	9684.98526430899	21306.4909057251
Act42A_OG0000022_OG4	3484.55478036601	1403.81170213338	2115.98409840935	3062.80072460254	2341.03023882138	1670.41178884618
Act42A_OG0000022_OG5	749.444525446397	1037.72417917724	527.490682099856	673.256512154217	1122.53000739788	105.421780331749
Actn_OG0003148_OG0	215.431928319225	243.111642163124	306.953015739315	362.424634091442	218.585789305568	401.595674136413
Acyp2_OG0011498	34.671147011447	35.9611806140534	23.8004643839484	40.7148550547329	44.0040449921175	11.6354230693052
Ada_OG0002342	6.44821045459556	6.06114544362783	2.36169267914794	7.05136111366459	5.54846410900642	3.10853781540333
Ada2a_OG0005051	5.60886682170833	14.9170540751467	7.91702742878714	5.16484997430329	8.87645704707824	4.5778804460589
Ada2b_OG0004799	25.0241588798149	20.1736203500655	15.8290441107458	19.8147593241422	30.641785640975	16.6708836729632
Ada3_OG0007872	23.1416638763606	25.9802188819166	26.8900699099549	27.1330135790405	41.4853280265948	21.6091300321255
AdamTS-A_OG0005247	17.7719970857404	19.2751742553134	13.8588743735922	15.6529643638635	35.5254356172144	11.2007667646879
AdamTS-B_OG0008089	31.6044563851554	32.0873435807583	26.4993880699126	28.4296409332446	31.7176322800187	7.24527394393834
Adar-PQ_OG0007649	5.82055075593276	9.31035240184156	6.2637710964467	4.07223125247866	9.21311334647195	8.37386095888987
Adat1_OG0003596	2.82319623901128	4.80721887452392	2.55220657147625	2.30341815870206	2.91563208569985	3.86495834264416
Adck1_OG0006032	12.5061028449548	14.379368786057	11.3901238534752	14.2908778430467	15.5270577382765	16.7399018593286
Adck5_OG0010063	15.4292244796445	3.97596451986454	9.2940914470481	6.74232768335062	8.99766095285778	7.5699741226328
ADD1_OG0006579	12.7752742307508	16.992326045163	13.1128790856898	10.91723371341	21.8280709088735	25.1085573967475
Adgf-A_OG0003900	8.63598771718115	4.69936653479261	6.89731054599296	7.62319417477865	10.2011937169387	11.351920786146
Adgf-D_OG0002208_OG0	2.74684603945868	6.17649761311719	7.00106304363537	8.47302913897274	4.28160588761707	1.64828821360359
Adi1_OG0010940	43.3023586037678	55.7535579955469	33.5174443061251	45.7748122798152	24.3211328909823	28.1138606768321
AdipoR_OG0004727	70.2468129028852	50.6645179230742	59.3052829093652	47.8214350669673	62.7501071036945	69.0944088605788
Adk2_OG0003918_OG0	25.8925375001419	29.7438487422147	22.9661301829595	34.5691490236226	14.0670760922022	25.8262090659476
Adk3_OG0002958	18.9106422688931	19.9239514068196	18.9221963357387	16.6662916935288	9.16713834517432	10.7502067362305
adp_OG0006108	17.9132985130221	20.4336785484609	11.5207859567767	15.8673872741826	25.2502527497973	13.91272582194
Aduk_OG0004873	6.05618399186778	8.01110985450812	7.51145915299	6.13492645696373	13.3509418599329	15.5955082715614
Ae2_OG0010984	4.19823262395668	6.2092318533816	6.63364740825565	5.33669355084104	7.18376523149887	5.60180221749217
Afg3l2_OG0010913	75.2040857367649	68.7730107588663	52.3256815975545	68.3535203796976	60.5833049537399	61.0049079681075
aft_OG0006080	22.1121621486394	19.2918578693115	15.3760837276893	17.065228828878	31.0108010617124	28.2389379445245
Afti_OG0005567	7.08864737168439	10.2587890943895	9.38738160145335	7.51742926432921	14.7462590450819	8.0174766345308
Ag5r_OG0008212	117.58015396431	83.1249172478282	883.758456779054	340.190143094489	258.310074108482	192.616556233521
AGBE_OG0007237	97.6457351325135	72.6598699555763	139.038642017768	136.435010848222	71.4388816538216	57.7748273617211
AgmNAT_OG0001753	6.10072896588424	4.04419282585575	5.37477663049453	2.53025132704807	4.34495434324093	13.3091449312456
ago_OG0010530	38.1029145005078	42.2734990898746	32.1741370481664	35.2834587103282	69.4871903008168	43.6209018407688
AGO1_OG0007307	18.9786136247468	59.8620740554661	30.0713557616866	18.853477832802	35.2675353776763	37.6178791023325
Agpat1_OG0008448	8.68924489924388	5.16923944837767	7.14533588527576	2.98464084459652	6.2531879493094	3.49260023662736
Agpat2_OG0003465	8.25701620833598	11.0639375313095	37.3819236450408	17.9824677393361	11.6837181730908	4.3134972215508
Agpat3_OG0004018	58.016518007178	46.7590743056287	62.6687177876036	65.5365215054804	65.8797187690644	75.2635412001269
Agpat4_OG0004019_OG0	4.73473691207762	3.35753806993516	4.48962470840906	11.5570500239398	2.84378688115608	3.05022688318734
Agps_OG0002932	5.80707806739797	3.1429590022213	3.96426264366212	4.93574780578572	4.70660403852138	3.20175216439439
agt_OG0001016_OG0	2.59343968173159	8.27383445550609	4.61427833602787	11.2650734346684	26.9369716464745	12.327083501817
Agxt_OG0007723	5.0968826194746	17.8168679112718	12.5630231976664	32.0552593130542	8.20177392776144	13.8200196125698
Ahcy_OG0001195_OG0	130.884018200444	108.94261896822	105.096184216823	147.42677391762	176.332076881288	142.2785741284
AhcyL1_OG0011110	46.3981304288758	48.7672085115281	43.4319490784875	47.5440524606527	65.5424436896644	39.5964282665913
AIF_OG0001225	25.7462181384415	28.0537952165624	19.4986361444863	26.5179921381453	29.9736948172869	19.4730544626686
AIMP1_OG0007108	104.876817765697	64.418225553174	59.5393080623578	65.4099321502664	76.3751173770247	74.133925649683
AIMP2_OG0009977	50.0949347008902	58.7665841902407	45.1391005301248	55.6525908697235	58.6970086348842	41.23121188968
AIMP3_OG0005998	53.3573574671187	63.0668704367022	66.910494070808	81.7618232354606	69.3577828647144	50.0814670278103
Ak1_OG0010829	79.5782906618357	53.7750758573318	69.5814877664847	76.2902033676405	15.8158689124802	62.0888809184104
Ak3_OG0005467	38.4016589966526	54.2763740793922	38.999498770592	84.079052604454	52.542448560408	33.2341360089689
Ak6_OG0007201	23.5873302132673	26.8393392804385	21.5046096185375	22.4852398174345	26.4196152169045	19.6116590591362
Akh_OG0010512	19.3826710136503	12.2471997844932	18.9630240587142	57.8855567319915	34.4426740597366	23.644868335015
akirin_OG0010441	218.764073349727	379.527423591637	210.767439839166	241.835188519655	403.080984451355	141.583989524385
Akr1B_OG0001292	106.381531087278	92.3252073548488	143.192779562158	200.544212345335	78.4896662984402	91.9291481152066
Akt_OG0005415	73.307179260565	76.4889414942243	60.2153940492207	58.7159659484611	92.1811975887552	102.83788397011
al_OG0008749	17.1565137691733	24.2925443801954	10.3117728753857	10.142074962558	26.3003505029866	9.38808856140053
Aladin_OG0007570	25.5648553766062	25.488505427306	20.4009563589534	23.5757457457401	33.1456976285062	26.2228526660974
AlaRS_OG0003477	128.561603374381	128.171575205174	111.167030746897	118.870180055496	147.329482002391	131.3431792111
AlaRS-m_OG0010596	18.049715465227	15.3330476480329	14.8712169832068	15.9171826307609	16.800380391348	15.8027566301978
Alas_OG0006853	73.3434982089413	80.9239502387889	90.1240355826117	75.1144977352638	77.7063491218348	74.281714038107
alc_OG0006389	40.7958982175141	36.878982589397	36.7644584480769	32.1157082195164	47.5559860910189	37.3829987751304
Ald1_OG0005647	1552.20745521553	1556.15922746627	2153.91671204392	2263.49937287431	1113.3857908449	1965.1749057577
Aldh_OG0003615	91.3395029295444	144.129947691691	153.948593746252	212.968620625642	75.8144778762855	104.735269660794
Aldh-III-PP_OG0006742	25.731540882379	27.9933380510666	22.219763349355	28.1228215040287	35.9922006179038	32.6935606234646
Aldh7A1_OG0003841_OG0	5.48552554039561	16.5993516942789	17.5911058016729	23.4645721864307	15.8752145240454	14.2693355167942
Alg-2_OG0001588_OG0	78.7445563982346	78.2568098092733	64.1541736387299	73.8278932197578	71.1607271261656	54.5387374031511
Alg10_OG0000709_OG0	24.8560083925938	27.083383607361	20.3772672361175	22.3733397327179	38.556218165833	23.2083766792325
Alg11_OG0012170	33.6308352530577	40.8154809007028	33.3806630192861	28.4254280478529	36.2389977160061	34.7858869748052
Alg12_OG0004562	34.7756054472327	34.0373015286171	50.5600204457669	44.3538652157772	34.8026764282199	56.8242723070403
Alg14_OG0001194_OG0	14.7569128575668	13.5942824446425	12.1800238512829	2.34938623695676	3.59521082263604	29.5614937690405
Alg2_OG0010641	51.9378943066878	30.2322911124604	49.7278351607794	33.9819425478709	36.5606301159452	51.572304791343
Alg3_OG0003012	9.76097706054305	12.4913128606624	17.600096486534	7.84473602521437	12.7660336226921	5.96949172358488
Alg3_OG0006966	19.4384463270304	20.1982113824977	25.1042162262423	19.4965464151471	21.152088997015	20.2085800997631
Alg7_OG0001281	35.8401961954138	25.9350597427188	31.2463508942602	27.8259502081477	34.4063439001833	11.1097239943655
Alg7_OG0003790	18.8201946105548	13.4726045665371	18.0289357768332	11.6468121944655	15.2058860355125	17.8608492142004
Alg9_OG0005173	28.5531094587964	24.1586982486826	33.1653775834259	25.1436234080005	40.9508456848705	30.2162632102593
Alh_OG0004317	7.95566265539483	10.7239118440854	8.57983614878154	5.38433828854623	17.7156141805155	9.00715823083013
Alh_OG0004319	4.84194722509297	4.0459689632959	3.09056146179355	4.44942310445934	7.92166885439716	6.35677837344878
Alh_OG0011430	32.3884508367552	39.5605953171091	49.847974274155	20.0337454086264	52.6652641032983	28.4665712253099
alien_OG0009301	68.2238141570603	67.0044280164986	54.8629903014494	52.2033645948795	64.5154778091633	47.5592986996166
ALiX_OG0005343	118.028478457378	83.670285070838	75.5212135361774	87.5354940824168	118.153948888858	43.059573292663
Alk_OG0006414	15.0351112741239	11.4323368961873	14.6299610237769	8.39940395490734	15.4450633286504	13.6966822456449
Alp1_OG0010289	117.883506628454	19.261525227594	48.8091680486446	52.7108808952009	107.229511484161	72.0677398499127
Alp12_OG0003717	6.90420460144161	5.55060578349247	7.80120946310321	10.0681611814131	9.65412068925454	9.47520083381198
alph_OG0005113	28.7307730709126	33.1875255623393	25.7747890162356	30.7013771170407	41.685749909352	30.0143560045416
alpha-Catr_OG0006852	2.23623620015995	3.33138402981932	4.79320402385868	6.07182987248321	8.32305877558691	2.82607930013549
alpha-Est1_OG0004357	2.70549012952717	8.95587255383468	6.72295955739649	6.5684352584691	2.54912175948273	3.71480638276063
alpha-Est10_OG0004350	13.9580995921192	7.54155696345441	7.65737436494948	1.75548367755655	3.04913776249513	3.31682862709821
alpha-Est2_OG0000314	3.52690758637668	31.7638306185972	7.8650421691862	23.8655133992302	9.51496171862996	2.27884260686347
alpha-Est3_OG0004356	19.4712035417189	22.0952904812801	15.5715783846363	20.8840103779586	13.976785179933	2.18422667666604
alpha-Est7_OG0001351	24.4960353077605	26.7738961809871	32.2336021875759	46.9002858806776	21.0431597904452	56.9808092969013
alpha-Est8_OG0004352	3.50417328138729	1.27846294695697	1.72953204542819	2.17526364010778	1.77816129268571	2.23628667268409
alpha-Est9_OG0004351	27.5782191831764	30.4309490906475	29.6129836443266	30.5769047048581	31.6634318514831	8.12278860712741
alpha-Man-Ia_OG0003130	17.9997533297543	18.2362240528309	9.72113547718672	8.18686402545384	26.72365196216	30.9044734367402
alpha-Man-Ia_OG0003131	5.45954421693487	10.068014898882	4.46813837732907	15.4456322313624	9.62378176621504	1.48879115450088
alpha-Man-Ia-PP_OG0001168	4.63710888667234	4.55101475221067	4.93721309746305	4.95073047127034	6.360159713265	4.43733605448902
alpha-Man-Ib_OG0005087	22.0435607165437	28.5960758431505	20.7567123114492	23.0954536798018	31.3839143861944	26.2917388369381
alpha-Man-IIa_OG0004878	23.2495125016671	25.5676975770478	27.5672715235476	26.3863636661366	47.4410624491116	36.9427088721389
alpha-Man-IIb_OG0005229	6.45624392719487	2.90925157328525	2.7784408094192	7.82669650490763	12.9876320623931	2.85409485193543
alpha-PheRS_OG0008296	84.7553574777993	78.9482538801942	74.6783209198702	76.3191469736349	80.0169989448581	72.1762656221005
alpha-Spec_OG0011040	125.505693990753	123.030352604001	165.577054556877	118.416858737602	161.474119883436	168.634330876748
alpha4GT1_OG0000948	21.1940829396727	20.5905653436897	20.9574737407328	32.1248795257878	38.9297756716162	16.040263863565
alphaCOP_OG0011275	128.477870708996	119.689240921173	105.965006083817	85.6176713511628	119.259442786356	96.089904886435
alphaSnap_OG0010384	71.8452889758756	61.4687299216316	65.2443814926449	53.0812084636053	75.4192738017378	51.0209485411127
Alr_OG0008278	24.8751988785352	20.8786802179991	20.2479096186541	19.9925532156403	21.2618461639401	25.3927813295217
alrm_OG0002498	15.4080316167917	9.38968137438816	17.8309366841648	21.3269707974743	14.6134172732581	14.6614476736881
Als2_OG0009863	16.2826133142624	18.2255755401193	12.7599968251419	12.5618703279421	21.733173699059	11.0118316125381
alt_OG0004894	113.058342755511	162.963002053517	102.496901391384	96.7352316333378	207.479816950116	125.022649443886
Ama_OG0002112	64.9346552011008	59.3096988176648	89.4535248141676	84.2989664974185	176.295777035426	62.4018464245337
Amacr_OG0009433	11.282631043398	21.3660390468693	12.8059011759623	16.5599432675014	17.2779677104121	12.0386202047096
AMPdeam_OG0008245	68.6517419213855	25.8345119928372	24.7462892173472	19.5889070927947	49.558615622504	23.7091714621034
Amph_OG0007204	10.0519058921761	8.8480646612047	14.1180578450585	10.6052938241118	8.37137548909169	13.7730660211497
AMPKalpha_OG0001698	111.92035450045	76.946475608121	84.8841149792939	72.2951858487576	95.5632545003322	79.2258187594522
Amun_OG0008385	150.230804288194	201.640113481103	142.732642290051	155.928810421573	245.574525675948	152.984329249379
amx_OG0007575	16.0970126914297	10.8974297032908	13.0212698499635	15.6032955653125	19.0529522710725	6.05041452128067
ana_OG0006403	7.89589510110559	8.50294940877114	6.93110764166796	4.46800965423845	6.84459970650579	3.90688299735672
ana1_OG0002269	13.0173047232855	15.4619216851535	10.4878251664584	11.6462738560248	21.6566562161075	14.6348001076261
ana2_OG0007120	18.3441073793181	10.8929005773786	11.1757552100623	10.1337189533658	12.1759696345526	8.67891499917081
ana3_OG0006194	4.00971987657256	7.96987609269692	5.10578426338662	5.32953470158436	9.94242948134516	6.585720328491
Ance-3_OG0001891_OG0	14.3575917081211	13.6475992101498	9.83563970327238	17.8527481189327	7.9678008619682	5.24801957470506
Ance-3_OG0009407	6.05612291687916	15.0441823442352	5.33927706797637	18.0818170127586	6.71934273131377	5.61367085866659
Ance-4_OG0006406	14.2268532003157	18.4240421683015	22.7152748423278	21.9686425990155	9.03028924169811	13.2734515444387
Ance-5_OG0005870	6.88114231061244	4.76825667928062	4.56573576078548	5.35258850299589	8.07460144441943	15.392101995627
anchor_OG0010100	6.94359520815614	5.8859199042003	4.49793044749554	7.26709800932635	13.5586355040843	9.74998340444097
Ank2-PU_OG0010460	12.6207493078564	13.5295239230056	19.9466413164793	15.1829476022503	6.93201780913357	23.8644912209537
Ankle2_OG0000780	25.2396158069475	28.8520713528614	16.7425685519735	20.9024280951489	37.6041445310734	31.3220922670422
anox_OG0007490	90.100037123768	165.82529682422	101.380890877629	160.829095071241	150.753648393395	114.520143754389
antdh_OG0008007	36.3499141173288	62.3124296627584	36.8764505479533	3.86601931042508	6.76352860397083	38.8887559911521
Antp_OG0002113	4.01621787902768	5.33125657800221	4.2547942319356	4.58330279688452	5.53857029810808	3.30633046279603
AnxB10_OG0008082	35.9494919753336	28.8541566161848	40.0709209664874	72.8879509081322	113.535036893585	37.5483707355141
AnxB11_OG0008196	86.07384509113	73.5923669383149	97.5621555103389	74.2722701314683	91.3223268645334	51.0281024150862
AnxB9_OG0004410	262.641640078665	225.368150224091	249.617611486362	223.161917080835	227.207176668091	220.265679906445
aop_OG0003458	33.1080389012437	51.9587308211645	34.2488166593234	32.3273832593246	83.3092649082914	37.8860193424374
aos_OG0010741	1.67704587196631	1.30951813059001	1.72945937640943	1.19616172252239	2.29983694907411	1.20947201146038
Aos1_OG0002145_OG0	80.2899443367621	124.431773579178	79.9385978213028	122.094217809814	155.560840010952	59.2308452043612
AOX1_OG0005242	15.1586361482575	14.0764315365828	14.3716077477171	43.3088219174074	27.8454818985062	7.81312035060177
AOX2_OG0000143_OG0	60.15990235849	52.0569877445692	13.5947512985075	45.2871101956085	37.8869281385567	48.0406402779517
AOX2_OG0000143_OG1	30.5279232394752	46.4503844189396	40.3497850410012	23.3670076451806	11.8634063074902	5.52561569125563
ap_OG0005832	2.19086957837272	2.56964325956847	2.19809624563634	2.12433734783855	4.64330782849926	2.06422570552961
AP-1-2beta_OG0008273	85.0829600314256	83.3003890191286	70.0994321469353	70.7846251602249	101.953108761922	82.3894242381618
AP-1gamma_OG0007680	32.2150859881012	25.6314715415859	25.0430197771149	21.4978793546086	43.5580424384321	23.2458506887487
AP-1mu_OG0005553	72.2952081301378	73.6791741755954	64.6234558460155	61.769714757694	80.8180071216523	75.6192663955159
AP-1sigma_OG0005334	15.7137365665547	14.3527019423509	12.3873188947844	13.8456536155001	18.260499795452	10.8826544474018
AP-2alpha_OG0008751	40.4980949969864	53.485582821314	38.1111521385539	37.0803055532714	54.0330699062174	40.0965571891774
AP-2mu_OG0004736	88.4039418195338	75.4698063503904	71.7895306470942	73.1365788365975	98.412853807279	70.6709532415992
AP-2sigma_OG0004385	81.4622726850712	99.7592614649778	84.1433991944656	78.5344782107639	95.7280329463871	90.3094483922896
Apc_OG0005387	13.8285231133339	19.2536843881868	18.3267055026077	15.8999555979868	24.5196894913313	17.2170302401647
APC10_OG0005888	24.0173567400194	28.6276673911772	21.4939509844822	18.52779855513	29.2274786345978	26.7551190964024
Apc2_OG0005308	21.0513772648834	22.5889999300002	15.197602046775	14.2721340478043	25.7181839935763	18.6445339186481
APC4_OG0003171_OG0	14.6360212160059	13.4184222957778	9.22533668107349	13.7420384183695	19.1159182573131	13.8601841886792
ApepP_OG0000963	84.4690276536595	92.333346357732	58.0293346972174	66.9093854877594	88.5829966740497	65.9288423707724
aph-1_OG0003552_OG0	45.9893158884955	54.7678788687778	31.3081182950556	32.5672336822867	54.1494671411744	39.3295764480673
aPKC_OG0006607	42.7008048965144	48.8929429441131	34.6314718689301	42.5995805382362	68.9507835479679	30.2565886357831
aPKC_OG0006608	8.49488220559001	9.60767604819621	7.91753068733855	6.58063556255346	11.0382173631849	6.59454899908543
Aplip1_OG0011323	5.43946322821862	7.8238175647021	12.163595712331	13.241230974575	20.4757600472247	10.4223094176497
apolpp_OG0012638	192.819809329055	1239.77311642	181.584404741611	31.7780619640062	37.2845166631739	389.995409558478
Apoltp_OG0001879	5.23810514990079	13.4005528757124	14.9838234258455	9.2721234067829	5.75079405056159	16.8487507336242
app_OG0010830	3.45410242403369	4.27026568424233	3.22251460062392	4.01987332946279	5.39141471523336	3.60364662140106
APP-BP1_OG0010070	18.1115426874144	22.1756342555589	19.2685133309882	24.4800865412161	25.5552843227993	21.7076326694803
Appl_OG0007834	1.52151165505383	2.21796758776098	5.06826551811508	2.28437200765999	4.27375476040694	8.04056657994682
Aprt_OG0004075	32.821646552818	24.9399869656321	22.6491114919151	20.1965424654802	21.6274652005176	30.4742042375271
Aps_OG0010085	170.323254938625	195.537763539136	156.274334273042	165.306502684528	284.707233460056	154.070030821586
apt_OG0002733	50.6990888193497	41.7619707892344	50.5705859009917	41.0013409624263	49.0687040473045	39.2350817266791
Apt1_OG0010034	33.0510193632989	46.7495377164449	40.0153761955431	35.0056831938182	36.0035361589635	30.3018243855692
AQP_OG0007242	19.7301170794109	26.1193328004002	41.2106335593712	37.0190382465502	9.89097396885234	24.6081696850081
aqz_OG0001049_OG1	563.886222478191	436.050537722115	291.862646387016	388.166928533313	559.085704962462	364.990243228036
ara_OG0009939	6.27510763531457	5.46764402144349	3.17042140581912	5.03965719229373	7.6868964620793	4.09426445642699
aralar1_OG0001518	30.8109904165539	50.164137923632	55.872583410549	56.2706582988308	25.3892349026636	49.191104163033
Arc2_OG0006127	59.2464844485674	22.7380951326501	38.7331210249102	46.4535962358117	50.6573072469521	8.62084809332045
Archease_OG0002289_OG0	10.801886188175	15.9523701525599	9.223434720657	16.5363447452726	15.1967461022693	2.52916753207465
Arf51F_OG0006831	91.5739043478935	94.5490983767194	82.7214081532748	82.7273059165341	115.124330729757	62.2804522069952
Arf79F_OG0012164	562.442238636536	666.586603274948	559.22960421653	580.312907191488	809.721265393757	499.321123422388
ArfGAP1_OG0010836	47.5125535897808	55.7269535548673	45.3411093515347	47.7540403097058	50.9508497316626	33.7193858346099
Arfip_OG0005451	25.4566587084812	22.5691808688072	17.6317207187651	19.1590119511052	25.9618076820153	17.6003520209356
Arfrp1_OG0007681	20.9410116298628	17.3013694185462	11.7757990861357	15.3093203232673	19.5340737143404	12.9762796529461
arg_OG0003183	4.24350936551344	1.52049384971194	3.16546547438922	10.0722473735417	3.86140267856917	3.50685721006828
arg_OG0007835	5.90578787898041	4.03690189654263	12.6286648642388	14.3122009375737	5.04425525246786	4.90833656631794
Argk_OG0011233	3650.15198341305	5094.93962107992	7211.70568585958	6413.63036889617	2800.38642865709	8006.59583213903
Argk_OG0011925	11.554117405543	24.4393048926301	18.9108272800416	20.9540058235628	10.4870645678953	36.1806791927444
Argl_OG0009800	6.20108167776244	22.3414593239916	5.54654104566178	4.37060345774212	3.83469079036032	14.5360455556591
ArgRS_OG0008151	59.1924165535708	59.6601083107392	49.7346469097189	43.6659543761814	60.4222054367174	56.9783872676705
ArgRS-m_OG0004367	7.32129297872248	8.28538808722282	12.1876375380494	3.61515048954484	5.70579058807812	9.20337863278791
ari-1_OG0007878	18.4220876776825	15.7472501235853	17.1849470918654	17.2189877536954	25.4930123555141	26.2020632721116
ari-2_OG0003028	18.0650592563123	18.8514454102939	12.2014395749508	15.602066227634	32.7934750483768	11.6596885241988
Arl1_OG0010003	51.7886454699482	80.155525505903	49.2160002219801	53.080497312217	62.5215432095961	52.7227211763338
Arl2_OG0004816	17.8489899786253	28.19628422393	18.6309970443393	23.2161588720513	25.7766112041635	36.0305892988077
Arl5_OG0011164	44.2895347683403	41.5042283392674	31.2247147778607	31.8014038522131	49.5992878644678	50.9258398235269
Arl6IP1_OG0004993	63.4384819389042	72.7939412577721	46.894048128962	67.3651636020326	99.7218885781073	54.269129608714
Arl8_OG0004797	27.8919912026723	23.1543095674081	23.9352183536751	26.371847654815	34.4009402542715	23.6616770645256
arm_OG0007636	112.141583512964	126.415246886611	94.9931802438995	114.399513317414	192.300729608899	108.282026627884
armi_OG0002027	16.3626732327411	22.6144902282064	11.7441845237619	12.9740787736145	22.474684206925	11.2152717782321
Arp1_OG0004441	84.0200921937277	96.4663024268959	76.3969193069853	74.0723101515972	87.464745509973	97.1994055676452
Arp10_OG0007423	49.6107731506448	41.2165301475864	38.2172263147483	98.7578189855532	108.570295379432	53.3672264928605
Arp2_OG0001770	29.4831357134047	31.1946842807054	27.9486310902258	21.5153294510521	31.8339183836701	16.6775306109964
Arp3_OG0010555	72.4957957700561	78.0575537931566	79.3517269324047	67.3859104550198	87.3779370578723	60.6566643648878
Arp5_OG0001448_OG0	15.3486238820879	18.8537677287635	12.2562655105283	13.4784902555628	19.4767351900597	5.66906777021616
Arp6_OG0008512	24.6180036007695	50.7167583538588	25.8646744922582	57.469975971845	68.3703641416926	35.8081567879791
Arp8_OG0007614	23.6435323627283	15.7394457815049	16.3045058680646	27.0647016726937	49.6135386027695	14.3971745934743
Arpc1_OG0009187	161.753464079801	171.074325174463	157.078199520781	160.863840916771	211.183556632283	158.65519791127
Arpc2_OG0009417	30.9141434244108	25.1574626614285	24.0689225216807	24.9335198277586	26.8916065862077	20.5555661959739
Arpc3A_OG0005226	82.8103269835684	78.4832664502682	53.0559531730551	68.1820221134441	90.1868599648221	53.4929071132995
Arpc3B_OG0008590	2.56957539662647	3.36659514960689	2.55999701264779	7.1910935384499	3.94646411823278	1.30677804409302
Arpc4_OG0008719	116.481372376438	152.470265781662	119.598039366708	140.252828333288	158.475366894278	150.743557227684
Arpc5_OG0008957	105.340942830985	117.293849090041	89.4973359294529	125.387794591606	143.497265634688	72.0101325732913
arr_OG0007264	38.2282310551006	27.3325741057848	7.88127507020032	13.483092009615	45.6587827754977	19.427428345009
Arr1_OG0009490	52.244542223198	24.3522837928137	37.9503658636039	44.0645528086893	45.0653701384517	69.5538334383799
Arr2_OG0004099	5.54688317420434	2.67960575734836	3.28945566481241	2.98908042121561	2.46909305767571	5.43302086720819
Ars2_OG0005840	79.6645643674571	77.022507367042	64.0729399185946	62.3152354543429	94.9834212257487	55.7243138869452
Art1_OG0004911	102.221394008161	130.61873899122	114.417752822723	97.8772491843577	127.623270499186	100.963994576032
Art3_OG0004604	28.0343517919861	35.5118331231317	27.0485444319016	32.288383966407	29.449201994623	21.3928872333265
Art4_OG0004574	47.8811695290568	63.3082147592702	37.954964461277	42.7170412212887	65.9396426742851	38.8315812938901
Art7_OG0001547_OG0	20.4682638788736	17.4802977444398	15.5906575843096	23.6825035119302	22.8448714465939	12.2555995644943
Art8_OG0009662	25.5248790868777	18.4999901817597	16.718485140266	18.3005086341191	18.2129672710494	20.3299299385954
Arts_OG0000486_OG0	49.5631303119504	29.0207602729484	54.9094036825332	44.3372307288979	60.3468248300569	64.5608642736791
aru_OG0003377	69.925377882684	58.2464667339027	50.7918008491477	59.2545644350073	77.3793597022034	59.2078202347712
Arv1_OG0013036	5.3237770131572	14.62793815006	6.89521789081819	7.7563973347018	8.88291807501128	2.38543792445242
arx_OG0009914	8.83089411203247	9.71262128681302	7.30144341884087	13.6402533442351	11.7127481693424	3.15716658059834
Asap_OG0007180	15.0389687209891	13.2018218386413	16.9276678569542	15.4574330471072	20.4824418829769	14.912797876621
Asator_OG0002682_OG1	2.6313892892062	6.71370750586674	4.60030446635493	2.74357589013173	11.2754659795756	10.1147818519575
Asciz_OG0010646	6.78414180696248	7.42262302045389	4.48835381100862	7.09046826326826	6.94722983576044	7.75531157508588
ase_OG0007840	1.81827110011435	5.00073322000833	6.56767003515767	8.70152312662274	11.6223183165011	5.3370149799669
asf1_OG0009889	88.6268745514281	100.312910272367	64.1200149330052	101.986387263585	95.4744331601398	112.852141545452
ash1_OG0000982_OG0	10.69096241396	14.9764043786591	12.260520967353	10.5560104633955	17.9501630088587	13.04412738618
ash2_OG0004623	15.6603036403702	23.5026171677172	10.0967996233584	17.2925592216546	24.7134251426782	18.7472464091842
Ask1_OG0004518	22.4843464093053	26.2788486866882	22.0945780171144	22.2206288563374	33.8636127362055	20.0114540880629
asl_OG0004217	13.8441164796235	22.6007020126573	14.7068542321433	15.9890732011064	24.0710961266006	11.5809613772655
AsnRS_OG0003707	120.44449438637	145.574888372161	101.008788521679	124.706471488509	116.048904805308	117.052211031593
AsnRS-m_OG0006452	11.2064199298872	10.2361174294378	6.55871949039484	6.51480191257949	7.09372261285131	8.87298251367209
AsnS_OG0000992	25.1557467725273	64.7753601294167	11.3917916997453	10.2206523430572	8.86856624349323	10.5813430572834
asp_OG0004633	16.5693559329643	23.5884736007006	20.0647773893192	14.0785165610591	24.3414309381301	20.1436203467973
Asph_OG0006509	49.2077887883417	70.5309374923452	79.4821837556523	47.9934327072035	69.9483879648664	88.6670478401029
ASPP_OG0006932	26.9161238744951	26.7378579876657	22.6518183873796	17.7797056090835	37.1646042378061	15.0103921149145
aspr_OG0008488	42.795409752302	45.3910907896161	89.5547357343293	52.6342520586207	26.7895971785741	51.4534706120426
AspRS_OG0006665	141.213981626798	142.316454919278	118.533927051321	129.950101425965	184.433852176272	111.487346893545
AspRS-m_OG0008886	42.4779729716326	40.9540291399265	46.2959124575813	37.998493638606	59.0254868079373	82.527865810456
asrij_OG0006972	58.1651163286728	48.0976050087851	43.6481740198983	77.8693081583069	59.5480200450573	40.3400375796042
asRNA:CR31429_OG0002339_OG0	1.94419849929325	3.04723047950582	2.65022065997236	2.72589800700475	4.15911907867133	17.5538935263513
asRNA:CR42254_OG0000288_OG1	5.46166199242494	9.83098033529761	8.76845100853102	1.24356688822808	1.44033013186035	4.8683625080947
asRNA:CR43463_OG0001607_OG0	4.28709183118707	5.22142820232449	4.51035422342287	3.15711456770561	7.52793850975077	4.14732996829456
asRNA:CR44179_OG0001455_OG0	87.1108599128891	101.854074430969	74.9303290950037	80.4393795368935	87.8907734045817	109.422192946163
asRNA:CR45195_OG0000203_OG0	92.7163066331902	80.8924152571178	181.830154681625	247.19718494001	56.5627794062939	132.297290103715
asRNA:CR45350_OG0001645_OG0	108.627565087489	133.875384118561	175.679440688305	3.73490406543615	128.242314807445	101.27781577158
asRNA:CR45943_OG0010336	50.2537187129903	29.7084153421043	44.0208902711107	24.2342653267727	36.8761167827095	47.4465406244756
asRNA:CR46354_OG0002193_OG0	4.38931352776726	4.2742081124291	5.44281410453484	3.57096114437857	6.28977933150948	1.21511992634801
asRNA:CR46473_OG0000925_OG0	13.3601365246246	18.1095269740611	13.1852901215834	11.8939966009237	25.8309910517379	19.054636240897
ast_OG0003560	21.3053659895359	13.229615221678	10.9569978630931	17.1032276056488	17.2785688864471	5.85851362259648
AstA_OG0004634	9.04754642779543	9.64683747065341	8.71331334712527	15.0462789386112	8.95033337517	6.77077494093454
AstC_OG0009668	11.0728608207406	3.20353962031016	8.79329007835852	13.9429480111419	5.70452231516441	4.91497904923158
asun_OG0002419_OG0	11.8004896264979	11.2379739123593	7.87667129208977	7.35215899922315	12.081781444256	6.69370388883246
Asx_OG0006138	10.5634955528777	17.4976852559142	14.3619697127242	12.8340509232074	33.8406567664712	18.5930641355173
Atac2_OG0009508	9.52058900203072	13.771951778282	9.20242562785917	9.30711185392097	12.9976067760575	7.15475023570998
Atac3_OG0000828	16.6996133905355	14.5253538721524	15.0133083232628	13.9928053168485	8.94329962099279	15.7415714978729
Atat_OG0001330	9.39889687805817	8.85323355087509	10.1464683361168	10.3104949246635	12.3867152196879	7.85106528894871
ATbp_OG0008714	9.20985682835872	8.27070652436668	6.64993613149614	5.82741674915515	10.6026357933911	6.45777031306483
Ate1_OG0003045	26.6603118856122	33.2670400581133	18.7896877384419	18.4001413751849	34.3461046606728	15.7978987337424
Atet_OG0003384	14.8330796856018	7.62295396713219	9.47769939766052	9.57416908740193	5.75682908319423	17.5652796298134
Atf-2_OG0006059	17.1386246545744	22.4544656785937	13.3745739697412	14.7098132987612	21.7964545387482	5.1790696461444
Atf3_OG0007763	7.72012300750779	10.7122176420967	15.4981470689915	12.329730178653	9.21405666392876	13.2963269785274
Atg1_OG0009931	14.1543182886945	13.960588452368	9.45937833283056	13.3446654719262	14.5339116524217	8.30126664418206
Atg10_OG0001598	11.3695335904321	7.9536717870134	6.40321099253928	10.4666915124033	8.16094853242907	6.45932613783617
Atg101_OG0008681	30.6518673417482	24.7849831209591	26.8596531277506	25.2210326489062	39.7956858437237	27.4233360855524
Atg12_OG0011904	20.3579577258462	22.1289915560283	9.96130905934434	13.7213866208658	23.395469675945	12.6262233568174
Atg13_OG0004817	28.4335554121791	29.0363297175281	22.1101653816382	31.0144871095216	62.6958075853206	24.8462558284665
Atg14_OG0005089	22.3276488197794	31.9331752538459	22.8385437804578	28.2363411619352	39.0829555402344	22.8415538059734
Atg16_OG0005703	9.33712651950407	6.08384444188664	7.34440253015985	7.558482831939	8.14080542912479	7.38987491321831
Atg17_OG0004232	18.2274166902309	18.5134348275336	18.3395563516478	16.0962578960799	31.0707574129344	25.8771100996134
Atg18a_OG0011152	38.6434800075615	35.0122304193413	33.0589214553407	32.0299184905309	51.660199599749	32.6304976202134
Atg18b_OG0001271_OG0	19.3935000556913	16.0400079101768	1.63560941457882	18.3248177191082	23.8818369173841	22.7417819217428
Atg2_OG0011112	33.4606766441113	31.8762287639476	20.4574609381687	25.5246038006872	42.4455669222337	30.3710161805429
Atg3_OG0009922	44.3070692701183	46.960518367238	40.3931857754673	40.5222080514773	55.1177410468712	52.7043919040372
Atg4a_OG0009014	67.2200952831407	57.5353234255463	47.4631608755307	48.9253839382991	81.7806993846963	39.4065795813177
Atg4b_OG0005256	18.8336134411347	19.1142903898734	24.1555636590369	15.6424820108307	21.756967308898	14.5728602726181
Atg5_OG0007974	2.90929200535474	2.62097051585452	1.72541955924222	2.14578232362338	2.89666232976941	2.10800693800265
Atg6_OG0005323	39.7313255020478	25.0428500225696	25.8128458027331	22.3691400239219	30.9549069535376	31.4756044072987
Atg7_OG0006714	7.59681570176361	12.0464411264224	5.74019469992538	8.58477517040991	14.9564322570141	7.87270000898018
Atg8a_OG0008043	210.265302261669	126.239174805783	103.480484435166	108.845605468731	151.222024907437	163.214949179582
Atg9_OG0006487	106.633954238859	57.606570775608	43.0925546657564	57.5503294484813	79.1642905609458	49.1627912305848
atilla_OG0011822	114.614252608633	36.6032883853353	65.3182785992457	63.3772072261991	47.8718220694124	132.278955072949
atl_OG0001399	194.973022202717	127.738513313457	124.016443301517	105.430755783702	149.244936498173	125.271330480357
atms_OG0004154	36.6279727595079	48.750909934969	22.1869545264506	44.4864826240737	56.6296100714028	34.0620429224671
ato_OG0004804	18.8625044129266	23.0241881159949	11.5311083457414	10.8410073428413	20.743112302602	14.4825073513614
Atox1_OG0012695	55.2134363221376	55.5907904104778	37.6525240796638	49.6207784418671	48.0003372702956	22.0179796620321
ATP6AP2_OG0004869	239.41469327195	184.511011926752	173.183297389236	161.340485054897	213.538632491896	192.677282711743
ATP7_OG0008369	6.9819832932491	5.92625198503317	6.38578792651622	5.48746154380484	8.75491895936007	8.30855169709422
ATP8A_OG0007260	17.3050193630382	9.4200021857748	13.4855283645471	11.3682984457729	12.9504138837701	15.9494479217693
ATP8B_OG0004954	2.8310243489522	5.95409836951579	2.85884628920978	3.92079982756181	5.99214326732885	2.21541181664258
Atpalpha_OG0002140	99.4266778925179	94.7029800587896	111.670145522311	74.9481920525127	102.198879780621	114.516974161878
ATPCL_OG0006680	66.4391091468403	105.235072914012	68.8808674192855	96.9183246842565	97.3002424844462	70.748991295426
ATPsynB_OG0010987	426.310195846407	625.546561780451	641.59883986976	602.317299901031	372.505283262743	545.723317231184
ATPsynbeta_OG0005823	1082.75640569386	1419.40431206153	2044.52883168658	1429.46610943773	784.367921590461	1993.41158834469
ATPsynC_OG0005792	634.139929246072	1151.5066521516	1411.26698760986	1116.1489915942	635.141359301232	1267.92241267687
ATPsynCF6_OG0005500	595.165804928158	1010.63773129752	918.617397348232	1019.82025148324	597.278156039027	1079.05101796419
ATPsynD_OG0004477	787.208389039534	1248.14257042957	1617.43332604211	1166.62757600068	686.590144951208	1212.90014450719
ATPsyndelta_OG0007526	334.362876994733	450.783423014693	667.611494177006	488.793896518596	292.149662475601	308.805279919062
ATPsynE_OG0005568	868.751815270924	1482.83951348615	1840.13769744674	1382.18414550737	729.332891072737	1542.12761734829
ATPsynG_OG0009657	529.909226008467	1028.52649125389	1197.80723094254	947.706660294931	586.273073684973	974.242126573225
ATPsyngamma_OG0005690	760.084785658474	1062.15085182653	1333.02248298403	981.639721728903	611.070022203361	1126.81293031305
ATPsynO_OG0012619	346.01176798617	590.791164362381	771.667223981984	534.230121671598	302.659605811258	835.43461548614
AttC_OG0000164_OG0	19.4588522808872	38.182599881641	28.0923398308207	109.721663179572	45.6511064697656	87.1941061527878
AttC_OG0007258	1.80008761409109	29.6717863616352	3.77960802103412	71.6988378232905	4.86457889950886	32.5314947011017
Atu_OG0002096	45.5039093182426	56.2623729851069	26.0772815577202	34.0848677974245	50.7378309450103	28.8825780972829
Atx2_OG0011501	50.73775066682	44.2287504617869	35.8041014371577	37.3151644824157	74.525244132402	46.7953332317622
Atxn7_OG0003444	17.0462623603727	27.2377832219961	15.1248127045329	24.0695096972971	33.1095509382061	22.0550219611604
aurA_OG0004964	21.3064624842835	22.4469203979396	18.2683023782271	16.8045409023836	25.6532279113234	21.0379754598256
aurB_OG0009647	44.4962008842161	53.5517330352245	40.4588031502576	51.7041532039701	64.63519849883	54.379576931822
aux_OG0003096_OG0	22.877304302771	23.7835661782801	21.3300137239372	24.6277564073428	46.5574190862655	10.7170496411161
ave_OG0006159	14.6507237023924	18.4617944365443	15.6478909332091	14.9404576070822	21.6175398698452	16.4935756918006
Aven_OG0003291	17.1014388105556	12.6216293774938	11.0264058806744	12.4668292693235	18.9877853791556	10.9208318725319
awd_OG0002664	1358.72693978174	1631.8244338782	1364.54928197329	1414.38967279594	1532.84091903757	1566.3682596347
axed_OG0010262	2.14367345405767	1.54009493963921	3.34173285401383	2.68833221111974	2.43328743621616	2.20332146341272
Axn_OG0005720	28.7804964315552	35.6399136266037	24.0908619924705	25.4528064808845	46.9514771838557	27.0687231428798
axo_OG0010626	1.44044816785774	2.6367913119947	2.08479176345568	1.74483121221663	2.31600617385133	2.13388615258316
Axs_OG0008319	32.3185240640117	29.2125072069886	26.9550967089156	23.5857845927066	31.52431706643	27.3209706424407
Axud1_OG0003447	25.7282279768463	24.9456806998473	26.7079224790412	25.7213808641498	44.99266100317	25.6212757762213
az2_OG0006736	8.50150015587294	11.5953637140835	5.07949755449933	9.15484734657147	16.4844222171945	11.111251017251
b_OG0009189	2.18025227543637	60.9696695533741	1.43258963935242	79.0485212603516	309.118541448681	34.1140048248382
B-H1_OG0000267_OG0	3.32311372061385	3.28509464881899	3.00977368300098	2.06336543123015	4.63497271808262	2.97177505688975
B-H1_OG0000267_OG1	2.51299044451639	2.26581767312782	2.00386145646096	1.58333787750093	2.8637615074029	2.10390378069112
B4_OG0009202	7.35790617442799	12.2395051953603	8.01206216717549	7.51681985616985	12.7942574542021	13.8090242489928
B52_OG0001376_OG0	86.4892495375624	127.725992396216	67.6708844705885	92.141209160869	116.760430971907	20.716494679713
bab2_OG0011326	2.79132639839095	3.89774919425942	2.32873721491252	2.78317467163372	7.98654870398482	3.6046968488652
babo_OG0006628	6.28552745864081	12.7422292861194	8.90995293320389	7.33535391589261	13.1352644913942	8.82984102782482
babos_OG0007027	8.99761460884487	9.00597782044415	11.960922872658	9.78018626967755	10.9243582603773	3.84834331441898
Bacc_OG0008947	306.733936708526	328.019748526533	260.488826707519	302.949855423592	448.032840130812	288.489800741569
baf_OG0003792	360.777476863158	256.302253931428	184.380291060343	259.016737719591	330.535570944349	25.4701859980285
bai_OG0005189	214.910992176187	196.46666391846	174.871073750927	160.867587917384	199.828872746061	125.066421893188
Baldspot_OG0010721	6.03252322249249	8.85057767035736	6.44105372705957	7.37399258370532	10.1743858004743	6.1386585354368
ball_OG0001092_OG1	31.6284941948109	58.6518364684757	38.2217799397961	57.8231783405514	85.057580424278	51.9771871533737
Bap111_OG0007677	105.518257436332	122.205163388947	94.9874143121927	92.8063940515899	146.074329398322	110.436971113247
Bap170_OG0000903_OG0	27.5984168174639	34.6910660870327	25.4212612350317	30.293423546024	10.9635887413008	31.1053611401125
Bap55_OG0005900	83.3485771439219	77.810259791197	66.2090375140891	67.727440989835	99.4977863460769	83.9930777444444
Bap60_OG0008560	140.204153068074	125.360332661297	111.211995416124	124.000330424663	182.312966573699	117.380735912319
barc_OG0010291	37.6896163102559	21.5722968751481	20.810046333452	22.3269465879247	29.9146613382914	52.9817406973137
bark_OG0008784	19.1868230158649	24.6043300320251	13.7922595439556	10.2102602319965	23.3346192412283	19.9076904322036
barr_OG0000425_OG0	43.9461752497363	40.9330843375499	37.636224079146	32.0999833999242	49.8066059217403	31.2661620578119
baz_OG0008596	12.5373665472609	11.9869826579296	11.1904137971821	11.2605916268597	20.8659772818776	13.410816337384
bbc_OG0007266	12.101721188257	14.1674024666175	12.3152477892662	12.783312413413	12.861661180746	11.6238547512525
Bbd_OG0007098	86.9308684664728	27.3801529830977	100.321073818902	242.627201988414	135.424148435067	228.979363200531
bbg_OG0010871	11.0163495144673	7.00546636966397	13.8492116455877	3.24860016374764	10.3327013912809	9.86032951307455
bbg_OG0010872	33.295375246535	65.1293625386286	57.6836381170797	54.8349305958766	85.7295672426981	63.7703527171213
BBIP1_OG0004876	53.6918890545203	34.6259758332413	57.1421392741278	44.4721248139434	76.1295550447311	45.2204507342552
bbx_OG0008688	66.7827980043609	48.1264113555636	42.7857620198654	63.1591185020634	82.588142772979	59.790912906528
bc10_OG0010387_OG0	57.1356684304111	20.9034923709361	35.1041513987715	48.0983962853419	7.86733312427971	47.3752148284853
BCAS2_OG0005540	39.3543036248788	46.2031277443902	29.487796848613	32.3655200836387	34.1467046175516	25.6915948289392
bchs_OG0003722	6.67575101105644	8.57609920197438	5.41410098595459	4.49754487545806	11.3616884382952	8.85445530616862
BCL7-like_OG0007566	50.8954665195137	44.8451960492495	45.508814948232	37.6612973976436	67.9709426186871	45.0057554348657
bcn92_OG0007793	25.9185621460112	32.2108395232468	25.3328669067683	39.7201345715823	44.9186289074615	18.4159457914335
Bdbt_OG0004400	20.0967576863804	30.0558252740158	17.8632132694165	26.7562350527074	32.882668126285	24.3611310952276
bdg_OG0006805	30.8812418498484	22.0243096914833	18.767129695585	19.0652869732467	31.515875315741	21.8506502615697
Bdp1_OG0009215	24.2839633647848	27.1077264374838	16.6248230076098	23.2605101835712	26.6439551900563	17.0797764517426
be_OG0000785	9.37441965128266	8.50199303746728	5.58812533507586	5.66346039516279	8.2581653754954	6.31329037717684
BEAF-32_OG0006164	50.7135144469006	50.1418028051456	37.8736872854655	46.2978865323729	66.9506722934952	48.6014826588279
beag_OG0004860	27.6650388048288	26.0562227593695	42.4508109342515	23.8058966273254	33.1589972563057	24.89457768978
beg_OG0004008	12.438661824867	18.5551452402962	13.3720521888132	16.8200871234963	16.7385399230051	22.210627573672
bel_OG0001048	125.682966240153	136.52580880097	128.50753818135	132.912933093958	183.482284945889	120.004242352656
Bem46_OG0008920	19.8066218350918	18.6359372411453	15.8525336648326	16.2323835853749	18.4392847081567	14.406677137277
ben_OG0000514_OG0	525.777444727979	594.96834624241	300.42467931405	446.141975632289	507.429804640796	339.990152896406
Best1_OG0002590_OG0	19.4527751127031	11.119808488484	9.88845399605148	16.3712883538932	21.7325274231428	3.97829122882457
Best2_OG0010251	14.2833229332159	12.8471833466947	12.1659298724811	11.1752733054727	16.031753250927	12.1128810104687
Bet1_OG0003845_OG0	86.4456232922518	103.880372259455	95.571798542679	82.710292228645	111.330085709582	39.4580540370403
Bet3_OG0004072	49.5058711630549	55.0243726272008	39.0627635993854	44.385787468717	56.2010005679276	45.3709421360853
Bet5_OG0005736	31.482995993681	33.3660184441918	26.6144965496692	45.7846221389329	35.6102541500476	41.1349221390275
beta-PheRS_OG0005298	63.4997226884766	58.2212982712917	43.761437414119	47.9774072560586	52.5390524916935	44.1620058019619
beta-Spec_OG0007697	195.004556358713	188.168950697164	232.095582434741	185.450019027585	244.592161436809	265.853062109542
beta'COP_OG0009212	119.476527694036	114.377513028239	101.666426658314	100.112511996355	129.52983919446	98.90560000286
beta3GalTII_OG0012738	10.9811071806542	7.22694739727358	6.09032022302306	12.5066781826814	13.3942423232104	10.9100409399021
beta4GalNAcTA_OG0006521	11.8022691403917	14.2576557017787	11.7290615657319	9.94297187710987	12.4075567590031	8.70699106674136
beta4GalNAcTB_OG0002610	23.1829167477324	42.3118514435474	12.1283119644814	20.5145965133309	25.1690199046893	18.9280702452765
beta4GalT7_OG0005195	21.654546920041	18.2700248495558	16.8923649868936	18.1328663442887	24.2875333285666	20.3621635840805
betaCOP_OG0008653	129.034975376729	130.07926659822	116.755638839908	103.729668770042	128.227206216762	99.4914570423831
betaggt-I_OG0008962	25.8134907753099	26.9547164213994	26.9855914940013	25.9298768870649	37.4122720603085	21.7536716445344
betaGlu_OG0002667	32.3958587916942	22.99196591604	19.9773904682382	19.5192545618359	27.3565626061809	122.163589368168
Bgb_OG0011276	60.2917641177118	77.4559125679529	53.3326240716832	77.6488146418249	116.488727941406	71.6508377894273
bgm_OG0009412	3.48153054774619	11.9379722090744	7.2344893434983	5.79047480813351	3.02827119599702	9.45311980927555
BHD_OG0010421	9.95977168859527	12.5131043095515	7.45451180739921	9.02532193017302	11.9746475814871	9.98522026564001
bi_OG0003201	12.757968190515	16.1790343805068	9.71290726433779	8.57645456187963	16.6531746727732	9.77419784912617
bi_OG0012904	3.62629074068773	20.8705908662904	1.91628974223848	2.47987035739375	4.54429129753544	1.49213638569696
BI-1_OG0004087	133.274267295766	82.9270687239526	69.5002153015361	60.4537973964828	71.2122844488691	60.5174470582922
bib_OG0001843_OG0	5.03804812843055	9.04460391531995	4.59055022032601	2.87616883282964	9.96712206051042	2.98496304037363
BicD_OG0009474	10.6880882087952	14.3533667266088	10.0514139990398	8.21530644010828	14.177475082958	7.8412236717411
Bicra_OG0005086	1.98612339233875	9.32392357264476	21.6878780467978	6.94414394806905	7.80294016217581	31.7009591669303
bif_OG0003277	17.3445167808852	22.0635092410092	16.5645701640499	17.2637006937465	32.1360560733246	19.4064353288592
bif_OG0012761	158.461643840706	144.944957560949	101.11198152111	105.758879379385	76.9179673683576	20.9464904497404
bigmax_OG0005365	23.3275233107536	19.8379382927727	18.8147978187627	23.4883149209009	28.3276771070857	17.8173559066073
Bin1_OG0005423	81.7305768775846	87.6551887419579	80.0912959793823	84.1056948774364	110.758334464658	61.2597879113373
bin3_OG0007310	23.6566176647087	25.3039399935016	11.7084852616756	20.1396920592454	28.837098328305	23.1970773384429
bip1_OG0010560	12.1045315459356	18.1907917943327	7.64225227789092	11.3802674350683	36.1189111770723	7.00881581614712
Bka_OG0009250	36.45722275182	22.9146711163262	31.2636425460732	32.4729093770209	28.1426298470593	40.7130800679639
Blimp-1_OG0010196	2.41173715144778	17.9918229778216	2.15247590803629	2.54527204858906	20.1130067915211	4.44410777867255
Blm_OG0002608	8.04012238401598	7.29808604651272	4.89472849528248	8.69494196102842	15.1528555459397	10.2148946631004
Blos1_OG0006148	25.7852075244528	30.4732151673124	20.5474468261915	22.7800015835643	25.6279522076188	23.7659853684774
Blos2_OG0010078	22.7066195647202	20.229937766433	13.0539707914823	16.4742910019135	19.0074710640527	17.3832197104849
Blos3_OG0009918	20.524223562035	24.627735664798	24.330033990303	20.3649829253353	31.3271937408692	27.8877543573387
Blos4_OG0010933	12.0030204042542	12.2437356151812	12.8630048165306	4.60436241049474	8.69231151681288	13.2711576917476
blot_OG0010924	15.4050944694893	19.9592347630095	7.86315599230785	15.0058563290432	26.9010858024482	9.21212799233378
blow_OG0006726	28.431968144474	36.6725930306093	25.8342465824321	33.1618884829564	49.2390100976463	17.3313142688536
blp_OG0005216	24.8838499313728	48.7699793162318	37.6722439531911	44.7598538751678	31.406451987868	36.431272224141
blw_OG0006982	797.797919017126	1556.54116647361	1794.25366286239	1372.84232111421	707.996764764477	1378.87090231422
Bmcp_OG0010022	23.1042196357216	15.1221944343282	14.4881477638983	16.1983394203811	18.5929762567174	16.4559659372261
bmm_OG0010858	2.69071363717515	3.36667304951089	1.86722837213241	3.94500355279072	2.9658488896832	1.61244427778903
bnb_OG0001206_OG1	321.280565034404	477.358140358822	281.621804976637	267.533904624503	581.26151694106	342.347150912551
BNIP3_OG0012191	66.3342659805249	48.3645437532688	25.3321795581103	42.9321733356357	95.5579607212687	43.417306389126
boca_OG0006727	91.7884849343277	75.3693883323823	113.583061800818	75.6278864314787	105.927952323173	75.6939243061584
bocks_OG0002575_OG0	49.3358887379382	37.1973745792116	35.2747023883405	45.4630888825166	58.7869669238831	9.32063940580192
BOD1_OG0005544	25.8057977491973	40.1777070194056	21.0063445349946	33.2492135392789	58.0539240740895	19.8330429728006
boi_OG0007601	34.1980486227701	31.7016225936241	24.438948368497	21.0883009368442	44.7710047876552	24.4162772475927
boi_OG0007603	26.5702713060017	22.3157986884097	14.842430164419	11.4191271872577	28.8024245877527	16.3011734377948
bol_OG0011238	1.90342434981603	5.17439078550288	3.95980568825772	5.25467471955899	3.41400947221744	7.46599529016325
BomT3_OG0011469	9.66389671381788	10.8586386190865	1.97374975242881	27.8244754740611	34.8255093004333	76.9697209644338
bon_OG0004934	6.61149680242681	8.73503008333168	5.66545127930752	5.77457653671364	10.6348384451115	25.303037782575
bond_OG0004726	33.7183666079044	33.7857971452277	33.1281556935985	36.9924383549499	21.3024374930744	39.3873902836621
bonsai_OG0007008	40.8132804416776	49.4281817666896	40.9996777886642	40.0413509924523	36.7263329566524	39.2879814329765
bor_OG0004967	27.0519287196604	37.7208725704554	35.670598331921	41.4820951276586	38.0876436257979	33.6117388838717
bora_OG0003911	7.54944038627977	7.68602225747903	5.71372772472832	6.51018367552248	8.81357824505333	5.59486662178021
BORCS5_OG0008208	26.7433734261361	16.7592247470925	21.1440965476814	28.836999426815	33.7264594543165	20.0600220520406
BORCS6_OG0011365	9.82591816979354	9.76206389830439	11.5751325076588	11.3777602256862	14.6312019270423	10.778469168508
BORCS7_OG0007103	6.05641194410522	7.85434149723828	5.79014896331902	7.24697411556514	9.13410624267065	7.61604079661378
borr_OG0009292	57.7087962815619	61.3854364067799	35.6412556683327	39.9760987148858	60.392624100984	35.5728056380815
botv_OG0006642	11.2252695999798	13.7393453630351	13.4224067630637	8.26906480494157	16.0025998839824	10.8775460487054
bou_OG0007819	105.747425328763	110.471712996081	81.2241539158502	92.9559023473751	110.077003472496	117.044412861386
bowl_OG0008785	80.8930316938605	149.826086750819	119.27348802095	77.0815356396192	46.9819683267751	78.5590042158832
br_OG0007659	21.025922118252	31.1818432811469	7.91436269849047	21.2921884378039	53.5760941317343	34.5417863273496
br_OG0011928	39.051601585575	83.4877678787851	30.146802785841	174.214763778686	101.247859229996	36.2193582630071
Br140_OG0001629	18.6503980348995	17.4108256592864	12.960712655506	15.4532932125013	26.0861715743639	14.762604873554
brat_OG0001919	31.6003439179169	88.2003383505795	51.7059624813142	46.2202973114332	125.102275243078	56.1931879785451
Brca2_OG0000883	3.04319758396761	4.7858486722733	2.52307537149016	2.94265219508676	6.3547593894658	1.78330442541472
Brd_OG0010852	49.8757509771607	104.860673168839	90.7425885637702	109.142469179071	150.745510636052	50.3300867922214
Brd7-9_OG0009310	37.7621094310191	40.9127617398292	40.2072830759678	32.7457780821503	52.8258624930659	36.8879910524979
Brd8_OG0002488	21.8005723529129	21.180662722787	18.0005509854768	25.2015014062038	37.9296495124809	20.2526927680918
Bre1_OG0010209	41.1797547552035	46.3879118159513	39.3010051784999	41.0484139441497	67.4848044918849	40.0521534502134
Brf_OG0005483	25.1595562934984	30.2494306832755	16.3462062672461	19.8030157741333	26.4955655863938	16.6862135622478
Brf_OG0005485	15.3024076781211	18.9296237002434	9.57241516671598	12.9740282875371	16.5241794384104	13.9305756163657
brk_OG0007975	39.0962684550121	44.3126215797375	29.7103219112345	33.8523450918039	60.6694740095771	40.6286168821242
brm_OG0009999	108.369094483899	96.5949316729254	74.4755095901703	79.4751673184047	127.210670437704	109.863363926219
Brms1_OG0008442	45.5174409890395	41.9029240288983	32.5896921308415	44.4951284185406	55.6059375932861	24.5207273472172
Brr2_OG0009997	29.0454618071622	51.7284959967663	39.6396875327359	35.6821816497773	62.8111868968263	48.9891274029382
bru1_OG0009737	1.34997797322493	2.87047249562993	3.76289258410207	4.31485855570663	5.03959511984482	1.97977842491887
bru2_OG0009740	2.98075020961025	3.32923515293295	3.66951749482867	3.13123796198431	4.87000763005773	2.74481071410713
bru2_OG0012161	16.5168898254162	11.8900604622924	18.8574895347668	15.6675328080238	21.5681960127456	15.8471218726248
Bruce_OG0004896	13.1947990194384	23.3980565722966	16.9339717371273	11.0415645703099	18.2082273667465	27.9205887396557
brun_OG0003663	20.1871268090283	17.4730374294492	18.374323804859	14.5436385076934	21.4901571696001	16.5571269419734
BRWD3_OG0005288	25.9654990354109	30.7253888079198	27.0496906407558	25.040046374467	40.2588784985091	28.1375793071989
brwl_OG0009277	24.4364204595739	16.3196405711064	24.2302267928782	22.0720040887903	22.4287415104193	14.5987717741514
bs_OG0003002	5.02888480479656	5.6152476218984	4.42459278597496	4.9180384841451	7.50860194127168	5.15636096977397
Bsg_OG0009780	25.7034142477779	33.4126815574821	29.9882243296165	25.7115276900184	29.7286128789161	26.1826455430312
Bsg25D_OG0003412_OG0	12.7980435130894	13.6081646321885	9.98021565885374	7.00898620707494	15.426219871053	11.2260912702444
bsk_OG0012344	47.9356889158815	57.8328763174351	42.6168232185587	56.3103681225813	72.1592551001926	40.9867170250277
BtbVII_OG0011887	12.0937083353855	17.6769834367875	10.9594041554353	18.7316778471207	14.9362704747529	18.3998860966848
btd_OG0007557	8.52461636593251	13.5944124628077	7.93031224863257	8.36478112015126	13.9908050513341	6.98820940020137
BthD_OG0001191_OG0	36.9400765131802	40.0765446780232	22.2361209012425	8.47545604692222	27.6248267739063	26.805646614719
Btk29A_OG0001838	9.44309492220177	10.2891703962393	8.68043002883808	9.61873755123004	14.3616712869339	7.94897037894735
btl_OG0002041	15.3874215486298	10.0335186104217	10.109592866458	8.63935881278356	13.0753308545503	8.45677111450074
btsz_OG0001035_OG1	21.0439724262842	15.8427330058874	17.6464804016877	14.7017827018672	27.2308317610086	1.63352838269325
btz_OG0005342	60.1040089446497	60.3124789274306	52.4236887773112	65.2390027754712	82.2351589556603	58.8900148064829
Bub1_OG0001806_OG0	14.4907500331547	16.393809244979	11.7499645146359	5.43925690694456	19.9505589591356	20.4453783288675
Bub3_OG0005120	123.066455975965	147.327663985401	81.4791894113617	125.546826236343	158.313599929319	124.310016455787
Buffy_OG0006561	4.55087716460752	5.31420184344091	5.14129047811287	2.94820136293873	7.88375628639637	2.92826574859762
bug_OG0006803	15.6695021010362	20.8488117577063	23.3705678778204	18.0207607913078	19.6387036993704	17.6795574828052
Bug22_OG0009372	48.6370760420201	42.6455653214698	41.1534801890546	50.8288145577246	73.2872832977237	30.8839944932981
BuGZ_OG0008876	14.4385691113718	17.2962357024741	10.932583343862	13.2168661903691	19.8365986094546	13.476609361716
Bulli_OG0010257	13.959075607449	11.0229221709583	9.21918390458574	8.5831191218915	12.17067228499	14.7215577233766
bun_OG0000556	3.20198219823907	4.57289467537634	4.23472987460376	3.1203410753653	5.61379409471424	2.96031330121343
bun-PP_OG0009749	33.0200286175375	59.447672015229	31.0723082973092	27.276071841694	52.9254727312844	28.4798069067054
bur_OG0003683_OG0	49.0067724411045	50.6972854161025	48.3099018197798	47.7557740908112	67.3351083000104	42.6805171456845
bves_OG0007497	1.65147320479804	4.72236966407664	1.26372041024974	3.08240432330886	1.38800451916111	3.62788090282358
bves_OG0007499	8.93768662086428	12.4167715164357	12.1497590341678	9.41711656324028	12.2617764676199	13.3885227266514
bwa_OG0012525	4.98558864518948	7.38910735995935	1.49407852068429	6.74645660072295	12.4380767480293	1.36404193325634
Bx_OG0008667	2.82270145629947	3.05955858975746	2.95784125520522	2.72820169695512	5.33607027722147	3.53664969849445
Bx42_OG0007682	67.8553067613468	52.2470018734322	57.6511693638596	61.4336176950637	90.7041653574518	53.4195468259791
by_OG0005550	91.767143354721	76.2215616220511	81.1944637277456	86.2401749668158	92.9424910600552	94.1592988785582
bys_OG0007950	40.6749324291776	35.2692089711792	30.4322895487058	36.7606204244631	38.1430287871766	32.2327081426036
c11.1_OG0007569	17.4662801170774	12.0437331229189	13.927936533773	14.5085060849882	22.9167749321455	14.5407279405297
c12.1_OG0007568	52.9373019010597	52.3006297342354	50.3697785484243	60.3462525125394	85.9155063023428	55.2918056987622
c12.2_OG0007567	16.9514911292604	14.3726051595789	10.8124319659626	14.3579424535068	16.1871659812535	10.4098231818679
C1GalTA_OG0009799	22.5419366585665	20.2800414081955	17.6349592748933	24.7697838830841	45.1127840566001	17.8868881515165
C3G_OG0007801	14.7620311958284	15.1305385763422	19.0792574994855	6.56351666072565	20.0892103306325	14.9158752285403
ca_OG0005700	18.1317744453372	16.471345050946	17.818672603763	15.5108599515696	21.9406358435049	18.5620123738003
Ca-alpha1D_OG0009140	2.5015439729363	3.12125510759543	6.52733430292248	2.53355713822054	1.93990591339297	5.0509849224454
Ca-beta_OG0009681	1.57491221760516	1.83387901001489	2.24129204495689	2.31900569644493	1.59318921806476	2.54327132138986
Ca-Ma2d_OG0009139	4.76845734102727	7.43538698581708	7.87588128246357	7.81944894900969	7.8698204836077	6.05256072840019
CaBP1_OG0008860	368.290827961372	345.826411838164	301.639908406475	309.147827842485	357.742968427576	222.120794713068
cact_OG0009392	29.0996445669567	24.8080618889352	31.3274039214755	31.0623657400302	38.683197613559	28.2235425224957
cactin_OG0003129	24.1807160344303	21.1741408592414	19.1651935979923	23.8046501018668	34.9911582094847	32.9957047275588
Cad74A_OG0010922	13.7420730235221	18.7004232139853	10.2731975499154	12.0078330571407	22.6316103389482	13.3533994529348
Cad86C_OG0002368	13.0266502089252	11.277107141281	12.182638765015	7.18384041369652	16.9610949689479	15.0740907035565
Cad87A_OG0001088_OG0	16.8927560445336	23.7276627032634	20.1487854460553	15.1124960092375	33.7588606893804	23.0959109054516
Cad96Ca_OG0011497	6.2060135823433	8.52455807312457	7.74903778039276	6.07681907363764	10.4177704993243	8.32689935039817
Cad99C_OG0005704	32.4727857845351	32.8997473198334	32.5686667680803	29.1947395985874	38.4482094249748	22.0278829465874
Caf1-105_OG0002830	15.5411793645134	18.2217786578273	15.4549066165225	16.2872761498594	20.8703336393333	18.7456747891179
Caf1-180_OG0007408	29.7766908120149	40.8367718875574	25.5732069843035	32.4759339225109	39.3767672785007	48.7650083033093
Caf1-55_OG0001036	164.570211341833	169.594583956884	153.39984200435	172.450280168963	228.154468487967	159.112536724245
CAH1_OG0009192	49.7837713740128	35.4942426809136	15.0290500763486	20.2619364434321	31.9914429618495	22.4375367936538
CAH2_OG0001000_OG0	62.264318345626	76.5273305540076	16.9029212839744	7.79960818095991	13.5030593636032	7.93830168043141
CAH3_OG0003177	86.0111515405995	60.71608657579	58.6077950854293	53.1728499239218	59.5600306479161	46.4487027054973
CAH7_OG0000840	8.44239942246453	30.1121866056027	34.6937784648906	21.7809879392325	8.92551264763716	206.296112690184
CAHbeta_OG0002334	4.91111574451438	3.24297893248901	6.12648064296515	4.80342744923203	4.71440361133943	4.00133721063197
CalpA_OG0003035	45.963835044992	30.9435468397316	34.9904349478551	40.6449143420705	36.3542441304528	38.9126728263254
CalpB_OG0010971	47.3348033902801	31.1609697417288	37.0441696058708	38.7231182727052	45.5414053778711	61.1527758959077
CalpC_OG0008186	24.552723618616	40.6965201591583	28.0887360590562	33.7423350826702	48.9798927411432	13.0173366880869
Calr_OG0005564	1168.72611068618	1082.43444289271	981.231918875033	1005.62115245429	1165.09526619913	906.700129491552
Cals_OG0013279_OG0	36.4859729809366	37.3284310889326	75.2573987460553	65.2681423721249	47.3184829247066	8.56377419414216
Calx_OG0004417	1.89191141506763	1.83362637481597	4.43634649308173	2.60203247712437	1.72440174005498	5.47394222820947
Calx_OG0004418	7.35919629188296	6.68608672522374	17.8163719537748	9.88164949753911	5.799215913419	21.7538859551665
calypso_OG0006121	26.8017093827709	20.7767150467942	17.3907384481409	22.2885507221175	34.3607192752039	20.7682391014594
Cam_OG0012053	44.685555468993	55.0122990479699	42.1911022288432	48.0640714732999	51.6202277293613	46.725169627231
CaMKI_OG0012767	25.1351216492644	36.0555296950733	17.604461206824	24.5996677639995	21.3210206190894	9.62092108006805
CaMKII_OG0013280	23.3278514494632	20.263788342706	16.1574404572713	18.9103492443993	21.4395976343757	18.362483622396
Camp_OG0005907	17.588373547008	15.1843557902787	9.55297638753432	21.3175025057482	26.9120512416417	8.46037854062524
CanA1_OG0005778	9.91876326985528	6.65416299690981	3.8137061279642	13.2050602856179	9.79708270251675	11.7500597540031
CanB_OG0000231_OG0	12.446636107447	14.7641513928836	27.2110359300223	36.3080756534903	40.2261552929748	15.4139488452754
CanB_OG0000231_OG1	52.4832043599936	51.5679387862786	48.1296557425558	37.6345218432071	46.1432374114301	63.3421386235309
Cand1_OG0009382	48.3180151397818	50.7260606743557	39.5631091655744	42.247957716094	62.964137848667	54.393044137653
CAP_OG0000587_OG0	22.0954080591641	15.9590374558894	28.5547047841072	27.6260289379527	17.9283307690626	16.2942051122363
Cap-D2_OG0005121	25.0239056302697	28.9812704970717	23.7929383528618	22.6284428882023	31.7646932132907	23.91326253106
Cap-D3_OG0009448	6.66896820552073	6.91133627732397	5.94323217393697	9.50081640286419	21.890903251204	3.77026875452981
Cap-G_OG0002924	29.0740087585848	18.604602505796	24.8145639666033	30.252170035013	50.0174555611842	26.7594827596418
Cap-H2_OG0004906	9.32212984769452	10.9897195138147	9.45140007546953	11.5857331432577	16.5557418622564	10.2742933506787
Capa_OG0005712	2.29675662557643	4.319451569167	4.52262186954691	7.09473543564207	7.38934580282825	3.98885398032943
Caper_OG0009347	59.8002203069431	62.2579933737205	47.7203188936508	51.0530592099362	80.9293307430359	48.804589880855
Capr_OG0010138	141.431304947109	146.771832832174	97.3885896336067	120.549879494702	192.626472217069	126.07781670811
caps_OG0010156	74.9682862039888	52.8398262142929	66.7828480186748	50.3986575545634	69.8233331019573	82.3984873328674
caps_OG0010157	158.688221286645	105.832004873931	139.118451203305	120.838453112035	142.825038242612	167.378460482517
capt_OG0009025	160.316249813319	179.034349297775	128.83186648927	166.763844071115	214.266362132319	187.271005276917
capu_OG0000612_OG0	5.53757019546493	6.35422221653746	1.90936762118835	3.17654382243259	7.17159365008703	2.67599945029708
car_OG0007437	16.4634278885758	13.7975200842222	11.2964150683823	16.8552549357688	20.630630223852	18.1118649062127
cas_OG0004236	5.21430389121667	7.03023095841002	11.3570749205367	17.8514912998533	16.5765496290929	8.55574128841822
casp_OG0006502	35.1325608702852	49.3457365035921	26.8653097293234	32.414996822979	51.8376114715905	39.2480833360051
cass_OG0009476	106.414586614067	141.645588051366	112.111080948479	131.118200719582	184.806818312517	115.976686868608
Cat_OG0003869	77.7470340678193	132.120009803456	97.7522032008348	139.303052184701	168.146605906335	194.543535603135
cathD_OG0002862	540.081469074695	439.664161090117	297.132141393429	566.242531693398	634.196718983206	535.864705105163
Catsup_OG0009538	110.972158166946	130.029181899575	137.596563424282	84.7136156379639	131.797105784187	133.463994398125
caup_OG0009938	10.6554677989856	8.4502392080213	8.48305685243305	7.29052152715181	14.7726430660808	9.56525423798631
cav_OG0000654	15.9744566004472	17.9063224197041	7.95266126512058	19.4023924536738	40.1652741283779	10.6576722377327
caz_OG0003243_OG0	45.3668884892356	50.8762135334076	38.452491973299	59.0645836297211	82.379227548536	32.4391208795789
cbc_OG0007265	14.125043041979	17.8328227687822	11.6209510253787	17.2951164414814	23.589294664691	12.0744809089025
CBP_OG0001721	64.8157829086929	190.24679411627	68.7597348533057	190.384242182437	265.775811101431	198.098860617527
CBP_OG0007971	8.32074712354375	28.2466628651299	13.8476424527771	25.3865104815563	35.9379652363318	27.4907612733818
Cbp20_OG0005066	31.1709361280511	51.753964869988	26.8488553945078	34.7662681527724	46.8154785773069	22.1870131040629
Cbp80_OG0007913	27.1941668391418	26.7336753711593	50.9512738654146	20.5963521459135	25.3708070131704	15.7137528386536
Cbp80_OG0007915	53.4535458504718	57.5512522919355	45.023319302013	45.3692189126027	70.7228742281633	47.3341442207829
Cbs_OG0003124	59.3692240818009	67.7300198278097	77.045081220428	69.0378411168043	58.3402518014865	79.4455591472427
cbs_OG0007263	19.123305585864	17.6383704919397	15.3548968802128	11.1065700344571	17.7488727755061	13.3547076425695
cbt_OG0008760	61.5650197835473	64.1758858436997	56.6835219706199	45.2132491085955	75.4944302424062	47.5464356248201
CCAP_OG0011467	1.51364754876464	1.8086185015726	2.82939979836437	3.71086902866104	2.70382938358706	1.24691305600662
CCDC53_OG0009785	12.4940196525497	13.489266837544	12.6618363255273	13.4782853825955	15.3253307871692	20.6776109968727
Ccdc58_OG0010399	52.1305169940615	62.2045775778242	53.5692732252055	50.4066205750404	56.4987021961467	41.2790906398379
Ccdc85_OG0008917	25.975924824795	22.734255937084	20.6711084837403	20.9640528004822	39.8572284659787	26.922548084723
Cchl_OG0004776	67.40435169666	103.964510948145	91.3052227090158	115.385706073011	88.9586837820052	113.121271775058
Ccm3_OG0005250	40.5163427070575	32.391938800376	32.325239694844	30.2037397118933	41.3017064102633	27.6790542196754
Ccn_OG0010107	3.68870058753381	3.8266626899189	7.42599899219386	6.43506401674568	9.81984960967686	4.08013941856426
Ccs_OG0006299	31.4643203431389	22.9375846395987	32.6768211424803	19.0356730092059	25.9417493776115	17.580346713513
CCT1_OG0002281_OG0	171.241868275058	192.283468711088	167.974369572238	188.344065647444	221.53775799701	112.108157014741
CCT2_OG0003145	166.958653254896	150.552486764703	203.369732444637	148.370178781305	190.636796064654	161.232172352013
CCT3_OG0004995	250.503315983987	240.805775463884	190.105929749795	262.401981844786	292.760625949381	258.401517542792
CCT4_OG0000979	164.252232509031	174.05255446037	150.97530634074	152.811027762959	176.20802521605	209.347730670264
CCT5_OG0006600	221.0968554106	215.380230717486	162.96889515965	281.638705445554	550.857098628903	307.446921965697
CCT6_OG0008508	219.083028227627	215.777977721201	184.999310782029	222.6072452885	246.697230875962	216.484279921692
CCT7_OG0004839	166.584056907006	162.266321649165	128.178290915288	157.573918880156	183.064542443089	191.382418407281
CCT7_OG0004841	269.373711666119	196.099949269808	100.932336716059	257.58166240929	306.400165267221	147.662336034431
CCT8_OG0007117	239.20437710861	225.261899452258	222.968407150222	239.193294207895	281.148669800847	252.140115210963
Ccz1_OG0010481	15.42571256268	14.9790683154242	10.0502671439869	14.9176543198013	17.7804208090145	12.0101535968346
CD98hc_OG0001357_OG0	121.079155589749	141.02491153089	176.645096058907	118.751049027468	162.690088507869	32.3754164660837
Cda4_OG0008701	11.6597229059138	5.80276832340313	9.84000956707005	9.12495812381223	13.4164285845736	4.56817223595782
Cda5_OG0008721	1.99806855034427	1.58482595766746	2.73100297022536	2.36621842491174	1.0133929938058	2.81524702488395
CDase_OG0005749	6.60014107013048	10.4100022052762	12.2622828090751	11.2924945956047	12.5355025778695	8.75577557872797
cdc14_OG0009306	14.2915065646376	13.8316096080533	13.2911554232733	15.2887685392961	20.9866854704518	11.9372324137437
Cdc16_OG0005493	13.0575433693783	20.3702724507431	15.4421621577865	12.657500460695	17.6795478961777	11.3592432249762
Cdc23_OG0009421	26.6780401523144	13.0411609973395	14.373472015126	17.5483146040066	21.712325976726	13.2418068905718
Cdc27_OG0010426	30.7028465599889	35.8452550729604	24.6540087014905	31.3455136962655	47.0206583246937	30.0332509056771
Cdc2rk_OG0006290	8.23533192945279	15.5894870565299	12.4092260721031	17.1972889464694	18.2061200082739	13.1309258792661
Cdc37_OG0011041	106.100455314278	107.293795263699	78.3352653647084	86.5455483502982	106.496379518826	91.4118123655293
Cdc42_OG0008268	271.364290121459	354.555412315758	263.193894240035	254.839295493169	359.009813182341	258.413490899851
Cdc45_OG0007388	21.1456522271556	30.8711514362695	18.4786060976722	30.4058380530874	34.8505833165371	21.1551150321544
Cdc5_OG0011371	40.4468609587614	38.3811685930743	32.3165838815993	31.754768578228	51.5537969767424	32.4525942496337
CDC50_OG0008483	42.287599020576	30.921837621875	36.2921261828635	37.1225319631708	46.8721687266334	41.3419256266074
Cdc6_OG0002054	16.7150822565699	12.7918452667216	17.0490319586277	11.5684881630983	14.4676509948197	10.9041283764182
Cdc7_OG0007729	13.0254172745041	20.914264612469	10.4403613895964	13.2195122553161	20.4742138184397	14.8865982911257
Cdep_OG0002087	4.1198354281724	4.38428831824237	4.20107831114926	3.42167804925276	5.79086828570873	4.75993017735152
Cdep_OG0004159	39.0218433783659	23.091808284164	24.625981150463	31.5508992740672	55.1506516290657	30.0658616016511
CdGAPr_OG0009111	22.8853690871861	29.5612683163408	29.8015717117411	22.5228270680416	36.9134606036393	31.501249103488
cdi_OG0000729	2.12988536995453	2.22019399055374	1.72836380740951	1.61367266269962	3.69180295877597	1.62271285486868
cDIP_OG0004394	5.17699753120717	3.28492312065602	5.72310288482128	4.63362980055132	1.09760094284248	7.09813762321067
Cdk12_OG0009875	38.5849365456476	35.6932312090647	31.8304262604887	28.7599818115462	45.1468696932533	29.8551355706907
Cdk2_OG0002391	30.4565669848688	34.425702580275	23.295132125051	33.8850572880593	52.0886902961685	28.3764385218859
CDK2AP1_OG0008015	45.8814792454482	49.7898165747777	36.6560656310561	53.0788767270914	71.1483451363479	35.3457494286195
Cdk4_OG0006632	20.2394221254008	18.1956132238109	9.41225934667223	12.9072241949795	18.3859416704042	10.2766657119431
Cdk5_OG0002993	25.7394472050969	25.9752321659332	21.2986698877655	21.156691314393	27.987640891998	26.6242058160273
Cdk5alpha_OG0009389	5.18357003020592	8.43336246889481	11.8809432550356	14.8105287058392	22.2072665262973	9.40276522020252
Cdk7_OG0001724	38.4147638394766	28.1985713905309	26.6380402791368	26.459524331587	40.9273628776211	20.1676676683162
Cdk8_OG0010977	13.6820513359213	15.2185576680898	10.6844833248973	13.1871357815725	21.2552253070242	12.3083134437375
Cdk9_OG0007009	19.8646598816052	26.6267399681209	17.3695401930815	21.039990463973	29.4692959357291	18.1672746198557
cdm_OG0002482	22.1120767436488	42.1339664028905	17.6087044658932	25.9346905283279	36.9682181388429	28.2135224115383
Cds_OG0010549	29.9706076526738	22.7611864115742	28.9076334481267	24.0431096309477	30.7860489892453	26.7814760186583
Ced-12_OG0009727	16.7381015131818	17.5260295649406	12.3730199808147	14.1091558850932	23.9175847499021	16.3508017727833
ced-6_OG0006366	74.7783940659594	70.3507540972433	52.4909391876902	56.3764735663725	95.1310435290207	57.680071728653
CenB1A_OG0004675	20.3312839209021	15.7119729866501	15.1407693680734	14.4092243291591	24.1763899218089	20.5558767068164
CenG1A_OG0003595_OG0	4.37049599489655	4.62325409517816	4.52545844164359	5.45369660740054	9.06323878057166	5.73232123559343
CenG1A_OG0009182	4.72408478697089	4.1121927475871	4.61202326306782	2.61251607800047	12.535219631372	6.62483813913906
Cenp-C_OG0002322	23.7662567841818	17.8582403143677	20.3075256998846	17.8505327199328	30.0917834357883	19.9061764287514
Cep135_OG0009952	9.62758958550393	13.4959957396278	8.55768919886913	7.98450594325202	15.681071681274	11.8877767510014
Cep135_OG0009954	8.11624047902334	6.81950506577261	3.81041148035327	3.53534572890459	5.72984601327601	5.472869999993
Cep97_OG0008778	11.6075311397168	10.4723619651826	6.29857191300662	9.01429878664828	16.2366824468323	7.86422418309995
cer_OG0012078	1065.41117997761	592.643171539816	308.370585872956	625.328460171361	1301.84495653229	607.86342423242
Cerk_OG0004182	57.5999356090223	27.2010492847535	10.6910691747745	19.0227766889849	34.7963810928505	30.3311871227157
cert_OG0011161	9.67373279601979	10.5470238172552	11.4885555439117	11.9183881230373	17.5176559573632	12.491955816756
Cf2_OG0008971	19.6171174032557	22.5542221248163	19.7958379952105	20.2508535561874	23.9831075798695	20.7997067353585
Cfp1_OG0007571	13.4780069027671	14.7802809113139	10.3363395156529	15.8490593240081	30.2483820250067	9.84224972225587
Cftr_OG0004615	23.9128351993321	19.7383256439394	5.06569688911512	13.4708567260054	22.443944060509	25.665444405171
cg_OG0006533	30.8388126448448	35.3906734563956	30.164274471055	25.9164936357861	45.2241965721868	27.4851141275714
CG10005_OG0004963	14.2157418259824	15.5947995643023	5.95222470729526	13.7332975572221	15.7508617525914	7.13319049606402
CG10011_OG0005399	6.09036211119002	13.4302569031949	9.25777358205572	8.76034410126461	19.4716640048059	11.8242374463628
CG10026_OG0009081	71.2927195490221	29.0989863796003	14.7639028984846	29.5399689405527	12.4527645313791	57.3473341201502
CG10031_OG0008792	32.4568938353501	12.4204969356508	12.4909871020843	30.9989755651715	27.7469965434768	6.20725722589968
CG10038_OG0001436_OG0	28.1512721356043	27.6153435275457	21.483035995774	24.74425473562	27.4725089580182	15.1711239729128
CG10053_OG0004336	29.6717449251447	11.1427371383356	11.5169391524391	9.26865921593857	12.9176735568364	11.2050979377408
CG10055_OG0004329	18.7965194940942	17.6064880673438	18.0148636143449	18.0757504591962	24.0179082813972	16.598568126958
CG10068_OG0004321	22.8796848420245	26.7968939158812	18.3602815836684	17.7813439142184	21.6998708141772	13.2490804422177
CG10075_OG0010279	25.9318928921725	22.9079166944171	20.2223735681342	21.9099202528216	22.3936896744396	21.0082538538208
CG10077_OG0010277	90.7796535325606	144.276621413274	76.9254967030312	93.8538241604572	148.84557248917	97.6316497478887
CG10082_OG0005964	27.1773783155989	27.6835142460853	23.2857686376358	22.4955473889418	37.8271743696344	20.8919855860718
CG10089_OG0010567	2.24398708652007	2.99973107768304	2.88870589826796	3.51395553760727	6.91667587590615	3.65494643122841
CG10098_OG0004320	43.4491465804721	50.3015100829764	31.7016117200956	42.2396177284909	71.4626728683904	27.3257545920604
CG10126_OG0005023	91.9869357756435	40.958627866437	62.3544257171998	58.5942313097083	63.9240575206376	51.9412792445471
CG10132_OG0009091	12.6607524587568	12.8630905839764	20.2683879146087	27.4228119166196	19.807949656749	17.7352121924135
CG10137_OG0009093	2.7139019836231	1.55582130274555	2.49635920054712	2.60739605631421	3.11484988601371	3.02691111656917
CG10139_OG0006151	45.8289472435984	43.3519079534125	49.7812354482405	60.3548201820256	86.9123520418533	67.1090402747797
CG10147_OG0010256	4.10887846968406	6.11114500785373	3.30456414652036	5.00935151487742	9.32382551537511	10.3208193232265
CG10151_OG0006160	6.60231590127659	6.05523555102379	6.18186934042793	5.51147252888008	10.8803582783321	8.53143493226034
CG10165_OG0011781	10.1413128200968	7.4065656447468	13.0141405737503	10.3584664887633	12.6404350281045	12.1255426599327
CG10171_OG0010163	50.9263551924609	21.6077079889082	31.740608554452	31.1028477239226	37.7281428595096	25.5701100437241
CG10184_OG0005509	17.046063567958	23.1601588047628	16.2330348406053	40.2120669225315	8.33833214889441	15.2076001504931
CG10189_OG0009087	11.4338929804379	12.4828731996588	13.2941387681914	15.3015411036438	19.5683479831927	10.008208630318
CG10194_OG0009085	6.48878670207193	18.5003772618555	10.2787820068814	13.968033594928	13.9424921074587	9.28139148255065
CG10195_OG0003572	9.17885257600005	14.1772367845147	13.1491704576482	10.4953466728144	23.077279189138	5.55552839286083
CG10205_OG0006168	170.449148647875	118.312823413589	100.643477316912	111.274330090838	72.3747189861774	170.778611821337
CG10208_OG0005527	4.59851650725815	10.7439575792434	5.88346662707263	12.9343714518375	27.3410441420528	7.98121087745663
CG10209_OG0006169	17.0715996198018	13.014586004006	15.0769717407833	14.7026283135001	21.6568042050886	16.4100635190066
CG10211_OG0009505	31.4179397172594	28.9657224856219	24.6025029254049	26.7055160771128	31.4165937347269	43.5552677307298
CG10222_OG0010165	6.61150281215994	10.7685548398967	8.01564748586737	13.1673957021633	19.25999734345	15.4458509638214
CG10226_OG0010249	5.38655381113211	2.98906694698993	5.84311269927349	5.10323760691493	2.55499119520345	4.27002850308682
CG10237_OG0003462	11.0827685423687	44.7247940408377	16.5085213358126	92.2898484243557	115.814398392581	136.956771405683
CG1024_OG0004294	15.5906260680497	16.4697897028283	12.6025184372396	14.8274358640757	24.4449339035301	17.9460702738611
CG10254_OG0002565	21.4354224822018	21.0293520591251	21.0933294064272	14.0061169982394	18.9390340421281	16.0278397246518
CG10265_OG0006935	2.39990045644549	11.0612316334557	3.18279406142015	8.14865469662836	13.6478554115712	3.92013197159998
CG10274_OG0003940	19.233823573799	18.0459432358134	16.4291117466738	14.8341159351422	26.1884233107746	15.4139022128968
CG10286_OG0004292	68.3220234054578	46.1039931865799	30.8097301032809	54.6321017609693	60.1900726970301	46.2097542029135
CG10307_OG0005957	4.30108358200846	1.35854192646341	4.00951984180735	11.10730580009	9.29349511754242	8.60627188397291
CG10311_OG0004972	63.2641455881942	34.3136952040973	55.8510784793089	50.2495111507791	34.2910112961683	36.0816080533467
CG10321_OG0005965	40.7012690850856	39.880145075919	33.7363797702545	38.4097414965289	59.0946493861021	42.1252895896682
CG10324_OG0004994	11.2609324169364	10.7490052522421	9.97788042609748	10.3994914283085	12.8159505191391	10.9436395836541
CG10333_OG0009507	34.6609439800219	33.0747662896369	26.7016142422652	30.0259029390378	47.7623190678534	31.3218412797565
CG10336_OG0009516	25.5829313268393	22.2828336903335	21.1690637911545	19.6718909409774	20.6799287818328	21.0296086381759
CG10337_OG0009096	7.12305206787933	13.8568150884266	18.3115863523001	20.2645803567234	16.2144473237966	11.5824730133275
CG10338_OG0009517	15.3874045914743	14.0569528531499	9.18040783784277	11.370570347934	13.1796927659514	11.3220448091339
CG10339_OG0006873	3.52852188730801	1.58476763750178	6.06537339578872	2.28041389773686	2.18081971238095	1.10309768930174
CG10340_OG0001059_OG0	48.1960367587728	60.51402661511	77.2870681738431	74.6108198310136	58.2974266120505	76.3582791080968
CG10341_OG0009518	24.6528999415363	33.3966344153855	19.8351151101681	24.154266841888	32.3992718556427	21.3902228066293
CG10343_OG0009520	35.0695718819893	43.140397555314	29.678534730415	31.5325506170242	38.9846401748835	17.4646205712869
CG10344_OG0007020	9.92414101173018	4.88656902647399	8.57449861474167	6.02873781773688	9.62143914387463	5.08156617769639
CG10347_OG0000607_OG0	29.6934570850398	30.1767340421076	30.0198462817707	30.4182358733307	36.4426952123052	8.84630590499389
CG10348_OG0003704	1.33752444045994	2.93520054710518	3.85456909166829	2.49014112280762	1.23415459996637	1.80372965022726
CG10353_OG0008206	28.7450103119526	23.1911731434999	19.6248866962326	18.3448892306873	17.303385324901	22.9378600327378
CG10359_OG0010469	82.5047399118134	77.6446655127196	69.3777291500111	57.952480995746	57.247271173749	83.1693320525505
CG10361_OG0010014	19.9854306470763	13.038709983667	85.2961978163876	42.4736862917602	31.4009548843093	63.9202844634197
CG10362_OG0008202	1.50064479570387	1.64301024245387	2.80404396530536	2.84679312224622	4.57694467483318	2.27720077900354
CG10365_OG0005518	13.0394588197362	11.0020291630861	14.4905931945539	9.18510072944957	13.6894691757379	7.51596583380176
CG10366_OG0009102	30.4069741562659	18.4818347797221	15.4398511739091	20.5839368933508	24.1109076999759	25.0641793523241
CG10375_OG0005526	45.8413122305703	44.3447503442395	35.6535264517309	40.8623176694254	63.6151732161599	29.8866037664524
CG10376_OG0009519	26.3794049805484	22.8824011325073	28.9821966818478	23.5002991578488	33.8268975155764	14.8608531763353
CG10383_OG0001909	6.56372701551202	7.45748631722987	6.64153197051598	10.3436936179018	9.5608083681412	8.8378491168104
CG10413_OG0003703_OG0	27.5575102118663	26.6128831953605	19.5050282249874	20.1968578573208	24.7693500969988	16.4927619395796
CG10417_OG0013094	113.300587199155	93.2395912877824	60.8307782823236	75.5957974426829	116.30992498665	82.7583441593878
CG10418_OG0010832	59.0055337134455	50.4893803534512	50.885348365829	51.3909280859646	59.4281923603637	39.2869201321866
CG10425_OG0002500	21.4832159045396	17.9520242561929	24.6278706165317	23.6447034128525	35.995133569831	25.5747953494323
CG10428_OG0001263_OG0	21.9610753778729	19.4391820767042	14.6059435108166	19.8431935803596	20.890304107104	14.3636606555934
CG10431_OG0001914	1.57525530348803	1.70011341877766	1.96846107265055	2.63583100883598	3.52960812476491	2.77076552799054
CG10433_OG0006904	166.316815240782	57.84861614077	86.32661106566	90.2972793395541	52.1074858852286	80.5298408639835
CG10435_OG0002296_OG0	21.667475890531	23.2347757836137	19.4376209323714	21.303912295214	35.2426727530614	6.47739968673757
CG10444_OG0007082	13.3150047038809	30.469417467604	10.1111427376523	10.4296854730831	19.4534066998813	28.7507121458406
CG10445_OG0001356	1.42270249124614	3.92899840120963	5.08753656251391	1.95493098235654	2.01027960566828	4.01639986902242
CG10462_OG0009105	12.0627490771261	20.2879214443218	14.6775565177727	12.7419961716231	21.3058455852371	19.9551637026987
CG10463_OG0009108	13.8320653976055	11.2883695226527	11.6543838140053	14.9168130535734	15.8429593273509	11.2452349732846
CG10466_OG0012145	17.7669577072886	16.4995206309492	18.2165077126702	20.9825944002453	26.4590970529946	14.4289444915852
CG10467_OG0010233	30.1969072070684	37.4908896346139	27.60787435436	35.8622604554079	31.5048528188292	41.3794052966922
CG10469_OG0010232	6.9733686386453	5.69341283419778	6.11492860684504	13.7136625707997	14.684169591886	14.0827761446082
CG10470_OG0009541	57.1124296358342	63.0276096040015	49.943667394598	62.723305132043	58.3314021511108	45.5856732474088
CG10472_OG0000811_OG0	3.78483781770262	1.45904479814995	3.01471657681621	81.2542706415063	7.56910347327043	4.1826320050814
CG10483_OG0010221	12.9485674329763	8.63392950202271	8.66721789569741	13.6377906786244	10.0824335567041	12.66865548888
CG10492_OG0009544	23.9030434029594	28.2622100281559	20.066388988413	24.7712828331322	38.7211290031505	20.6335030072067
CG10494_OG0006908	8.53701851555703	5.61395683207316	6.59396614290487	6.68788343468754	10.4315026123227	8.2532414680092
CG10495_OG0009546	8.53984600748053	8.3999623487557	7.08259390902489	9.44913459362174	12.950237829535	9.2911014574676
CG10508_OG0010314	2.06771189970978	3.54711571843926	3.18715280257471	4.08908988923192	6.67813566989745	3.6156016847825
CG10516_OG0009998	12.7797128319814	19.0338422463805	14.3830566579552	12.336660995167	26.0346245758492	13.2160655365899
CG10527_OG0002810_OG0	480.161415654983	386.560483646442	568.124401835046	502.396576672728	25.3567682318103	450.800288779396
CG10543_OG0006262	12.9477634304398	12.800288786673	20.8839409615398	11.5986364521167	18.8745041427124	12.2224388659075
CG10550_OG0000747	8.33190103649702	35.388072130178	13.6425421874856	20.3903440345414	9.4448047473202	3.4013438946474
CG10555_OG0008527	38.8896951934152	62.0434301730678	46.0986479541183	42.2550628861707	69.0952349180626	43.5676591956836
CG10561_OG0009552	4.69998440970364	9.82100674308335	10.6712692139738	8.09458994112797	6.51967566129364	9.71574012453409
CG10565_OG0010321	79.6917354499358	76.429298300913	64.429696822297	77.8021929337928	90.5612128927941	70.1068387949868
CG10576_OG0010200	186.238868906141	180.874909628764	169.192637543359	156.584371408927	184.067821898899	166.740006151293
CG10584_OG0010328	10.4403281409515	12.8259256070112	9.79932147505678	10.0258189279004	11.7290430819311	14.877026746202
CG10600_OG0009530	29.7694054437951	34.2480971895398	25.8180855522068	27.2261571159259	41.5381592022506	21.8276865712611
CG10602_OG0009532	132.789688033853	85.6763194916228	77.1713385095572	79.7887004959702	91.1447012244709	70.4445451364729
CG10616_OG0010838	39.6905384721913	34.3289973511176	33.8172604221054	29.1709381245836	41.3038851251596	24.4774701065487
CG10621_OG0001911	6.35139673549565	43.4466931935619	66.6743175869861	71.0788006907677	16.0526048801097	56.9122530181121
CG10623_OG0001912	98.9491061608851	100.165127340442	20.1909254137364	85.0834958372299	226.332990346635	28.609174219534
CG10628_OG0009107	15.2729181235844	17.8689985628072	15.2482435235627	9.01351541148841	9.98175443251272	15.681931759405
CG10631_OG0001241	7.579965601221	14.2199681966886	15.104995728765	9.32242296196325	15.8472943082216	12.4716783364556
CG10646_OG0009949	13.6937867073414	13.4845609161123	10.1828928665326	15.5749783087787	19.0971698959148	10.5070336731685
CG10654_OG0009947	1.61097172614634	2.46392452507056	4.12963183133772	4.83975878530554	4.40368967617583	1.90565551529559
CG10657_OG0009951	7.27381285215956	5.33947954278126	5.69523614289223	3.67187497285951	5.50677106567046	15.5271387737297
CG10660_OG0010840	4.06831141472632	2.9777971878011	1.93211552234862	4.72435694798037	3.54154079223161	2.60618292066331
CG10669_OG0005156	2.93646376284648	5.42807553416598	3.38167197585582	5.25097688419758	5.68475445216637	5.46252253349114
CG10674_OG0010603	80.3095922010703	64.0955794824268	51.0270981162122	74.5331620819662	100.511714535809	71.7530758184086
CG10681_OG0009950	13.8716837008236	16.6163997079249	7.29572385461149	12.049327647958	17.3206075978448	10.4431954639842
CG10702_OG0009548	8.01980193150544	3.07856084066814	10.8670117298392	6.43255205496492	8.91048486054564	6.61486524504515
CG10710_OG0010908	14.4113921549957	9.85970727719685	10.6803629832291	17.6248098467377	8.99372134137043	17.6242107209288
CG10713_OG0010576	1.49745192030698	3.99715568969546	2.64485405876862	5.3031184439881	15.4478669805068	2.24301981393118
CG10725_OG0010574	47.8533346551148	103.06023199291	169.662540896784	435.749508716705	19.248549951033	1.82545916719985
CG10731_OG0006517	7.04725977467302	25.5428081596265	8.25713978786183	13.3087999669489	12.2265246264396	8.11644277817611
CG10737-PT_OG0006638	70.9357550221574	51.0198178152929	84.3665522485128	87.2572163719227	70.2255715764812	79.3436735636033
CG1074_OG0007339	15.0648171421507	14.7910962739403	8.49830185059136	16.6929044278708	16.263615383412	6.46712614191401
CG10747_OG0009127	16.1391775553649	22.7111597177849	12.4775852613962	17.447643044088	16.0676995213235	8.37879997941248
CG10795_OG0006915	24.7897373440593	26.1245906031592	16.8118151642332	21.5369404444641	37.495626178943	23.8028991306329
CG10799_OG0003081	12.7559681717055	7.93406372800327	105.530035942608	30.0020416288087	8.55824601274889	41.3866967767696
CG10802_OG0008133	22.9589083159491	26.2112525855269	25.8476544745696	30.0964538555891	38.9773226082877	24.2420983081917
CG10803_OG0008134	8.31723033167037	26.8011615778076	16.9842688607899	9.71319773073974	21.0937909562017	27.3112941477176
CG10809_OG0010976	30.9462756467481	30.1124951343163	30.6126904069163	28.7599074911716	45.2816050072904	30.0955041953396
CG10862_OG0002017_OG1	65.1998253502203	66.9788149494234	61.4908066800975	54.5047577178679	80.2788627270532	59.8715277424773
CG10863_OG0010486	113.276049097505	70.9475834455277	102.294650614786	82.8564519564757	47.1155713854723	92.0614126400448
CG10864_OG0005043	2.60617189171227	1.51254770609975	5.42112563613269	2.06940603499325	1.58128528711329	1.3876059129761
CG10866_OG0010485	13.5523476737423	9.93659035903092	8.52341818123608	12.1069683451507	17.6351492583803	7.00165981054761
CG10874_OG0003457	24.1762923161131	23.8956952298807	20.041095951743	21.2967720696304	34.584436367533	12.7264028149166
CG10877_OG0002385_OG0	12.4075200179997	12.8337320671265	10.47008723692	15.1383844570725	14.1868134843999	5.14107472824108
CG10898_OG0002547	11.7461641615848	21.1284355354275	16.8129340846078	22.0399640852568	20.1773559447172	29.136533577837
CG10903_OG0002293_OG0	25.5441803411556	28.4929915801829	19.1478325474567	28.182683800102	26.7766825725694	8.10042134155476
CG10904_OG0011634	23.9309734963814	18.5970243996058	9.99607202421231	11.404865121288	17.1361003482202	7.66457721993077
CG10907_OG0001984_OG0	10.6585804310657	14.4133159875285	12.613970625973	14.7231588277699	23.4157121923197	11.6675216043949
CG10910_OG0006092	24.6311946591904	10.2041646324402	391.011605105474	152.285543416157	7.86558218245838	19.1644165761519
CG10914_OG0006109	12.1785479144202	10.2148331060262	6.63323876170174	6.90295196062672	8.45405344336495	6.72255628501457
CG10927_OG0006710	9.8896452006844	5.29036844957777	5.43985814076201	6.51294717987809	7.17181097873474	6.03593705247084
CG10932_OG0007954	162.59297994793	160.939829536319	204.972862661604	342.111923033703	142.331330559745	244.70817068861
CG10936_OG0006064	24.3748021455343	20.607184697962	22.1165195223221	12.149118916632	30.4349999876234	25.2574389101065
CG10939_OG0005908	316.697964461549	285.085059863098	226.178772676495	261.596215259093	315.822215441596	301.054597604762
CG10947_OG0009415	1.80716438883487	6.19408660704003	8.58160724121732	9.26920894221604	10.8665342019924	5.99320436312448
CG10948_OG0009927	8.98283780906787	10.36789245227	11.4142655222955	12.1615980323481	19.8721918764552	8.26172249019113
CG10949_OG0009416	8.25326365066887	14.9992406605746	9.62519129064884	7.07483514911336	8.57658692133051	8.98951930683224
CG10958_OG0001743	5.42390425802914	5.72402479783538	5.28345756345352	10.4080679277274	13.9425945581008	3.90308158381053
CG10959_OG0008299	5.00762165431342	4.90695644152699	3.55463439824694	4.59013189950413	5.21777393582537	5.66492852402761
CG10962_OG0007748	21.8451695240536	12.7729089158794	5.59265305465986	31.0705732439995	6.16803793354983	66.3099511700605
CG10970_OG0003173	4.8880541469031	1.08653268647935	4.91313750267133	5.11507765033266	2.72205083220558	2.308307700944
CG10973_OG0012539	19.0367515552392	17.1271938749707	13.0857934946247	18.2836500523963	18.3850913277881	15.0367389642203
CG10979_OG0004244	13.3531551942764	13.026293323798	9.03346920319452	12.5836142475167	23.2107662730778	12.1378163308934
CG10984_OG0009934	27.79544641256	38.2726936906562	22.904874211054	26.9558626883177	45.1116773439742	42.9225484693335
CG11007_OG0003037	23.3486643175695	21.2368140186673	25.0594835145744	30.5566485759742	40.8309469279501	24.4647585786346
CG11029_OG0001270	101.043559360564	121.036349207446	59.6659588570419	27.6449539403192	21.8263976032792	34.8896436894869
CG11030_OG0003728	21.3454222770913	45.7293586644798	46.7733188101133	42.3462254135777	43.6244039125818	29.0539075914727
CG11034_OG0001268	15.0729794490677	3.48455200061766	1.93842535265808	6.51416671571861	14.4904119582508	2.4620049707918
CG11035_OG0002292_OG0	15.6709210591661	13.6261572649112	15.764548423609	15.2329446094608	14.1172730927141	8.38916109861582
CG11044_OG0007073	2.65554857040409	2.88845541005708	5.1969893753434	5.82170169327154	2.10210945062662	6.15633509948945
CG1105_OG0004314	16.2594056177793	47.0243225031896	42.1377499928781	46.354191867911	41.6304302938539	44.6314943289119
CG11050_OG0009604	27.9738996439058	31.3322702653747	34.1345806756237	26.2929395434157	20.4910997519396	31.2920506848794
CG11069_OG0004655	29.8320138528305	28.4743182799556	23.5683363532896	17.8955057866222	31.5169207051866	25.0991903472549
CG11076_OG0001759	52.64641816104	123.073323398461	55.1693373273054	74.790469106327	104.19025629322	21.5968041942045
CG11089_OG0004653	59.4927898249311	66.4599304668055	46.7332628049012	82.9439445841117	55.8472878134495	69.4217922157134
CG11095_OG0003249	18.5777562505009	13.1431853789824	21.9108731398435	11.7372553012689	11.0717232504491	6.31609728923776
CG11103_OG0003250	11.3700351611689	32.768256036165	21.0098862778491	19.2686933222972	26.0306421998939	17.6232603831747
CG11109_OG0001964	29.3719764178993	23.005549356055	25.142017255747	12.9837878717125	22.126179183971	4.51608832263968
CG11110_OG0006619	18.0973172881336	14.3255832333436	17.1082015548112	20.8953900270324	19.7797028624698	31.0259478956775
CG11123_OG0006752	18.7923267121549	19.9971150304466	18.8362611674465	16.6949854336702	22.7402242673134	16.3066311616032
CG11125_OG0006747	6.52939804904649	5.4862455875679	10.1529654286536	10.0463203596835	22.0694811928594	7.17574782923895
CG11127_OG0006744	27.554857754749	30.2444725191112	21.5612977306674	23.927008645778	33.4610968532757	23.1497135570756
CG11131_OG0001957_OG0	733.921867259525	1532.38267371908	1780.36656065127	1435.38651940035	763.920803350549	626.667995935515
CG11134_OG0003251	26.0807569184707	41.4842832577342	36.5524959658707	30.3887949890233	36.0714804348925	29.4621634031795
CG11141_OG0006745	12.3692198354122	15.9987449773201	10.0787464619012	12.3729636483557	18.4518452305076	12.4898872995629
CG11147_OG0003729	11.6545087370391	10.3826203973209	20.5880624845988	9.65973059117396	8.68319719768498	20.9533431030193
CG11151_OG0008256	134.515313052502	142.922376822944	97.61309929859	189.943526942954	135.571697196375	59.4828556668249
CG1116_OG0004164	17.7094928695741	22.2464124504808	23.0167693750134	18.67393644388	28.3343286460307	8.21267150634225
CG11168_OG0004657	31.2417755472813	19.8949417981599	16.4705259875941	20.6511805407551	21.0746571710172	18.7226521337082
CG11170_OG0006462	9.42002752502988	12.7975900060531	5.56520349840097	7.82406763003399	25.8758358420188	4.99176417462762
CG11178_OG0003327	12.5897350947282	15.8714447083103	12.3993286779709	13.9174574707654	21.381998611869	16.5046414670783
CG11180_OG0006625	37.5168447045456	38.2664865700393	20.0305171226883	33.8688388358769	28.4736749428466	18.516991899819
CG11191_OG0007189	4.98800683076129	4.21506307622225	6.62172944905029	6.78991631965486	10.1638495371426	2.75017936539366
CG11200_OG0007088	41.7533685220088	18.8593098852153	28.2695068912217	23.2499452142626	30.9407677748965	17.5977674965677
CG1124_OG0002090	46.2009821338241	18.1284653701127	28.2450769371473	23.4041202030156	8.23119843387399	16.5403691270024
CG11247_OG0009861	17.6713968924156	25.6201307655196	16.5772620408653	18.2303252790243	30.4758435788883	21.2990143362684
CG11248_OG0003830_OG0	9.34092132763829	12.81575656541	8.5341636089989	13.0636334159432	16.446596919925	11.4876771680272
CG11257_OG0007039	7.94068153573468	6.32862080436471	5.73950523754891	6.75493523677346	10.0512058110227	5.77307949793384
CG11263_OG0001789	4.35185675658917	2.14541044876518	1.42038331140714	11.7804676978017	10.0479937658169	18.4486616192785
CG11267_OG0011856	215.297998903127	196.325401113248	208.228905451606	203.529608056908	167.397945211632	257.192565519357
CG11275_OG0002906	55.0308531242195	37.6687488913022	14.6547092506613	26.0862015855271	55.0317589326967	30.263717114901
CG1129_OG0002085	25.3536745261982	33.2459358086275	20.0513655126346	27.3476605131585	40.9493389078327	8.4121391695562
CG11294_OG0007761	1.02726462788521	2.51059053806807	2.87177682153301	2.78103280273504	6.65181937676752	3.75984057946841
CG11309_OG0010303	22.8844412184055	28.1199070638134	24.060063037186	21.8661574725401	20.3426940015714	26.3539680706872
CG11334_OG0005804	36.2132219707881	54.3318486046447	19.3843341701019	32.7272483784867	41.8448952187407	19.6656273778763
CG11342_OG0011920	5.49603211421209	7.41428603779505	4.40655249754947	7.4123468067288	7.40472477004752	3.19821653075811
CG11345_OG0011138	96.2684453593612	188.913114254709	282.584350497674	44.5873049384037	166.254629408319	115.935253252603
CG11349_OG0011131	378.590582495572	312.475483846943	426.023971394619	388.132814183585	319.779283295615	277.692048064866
CG11357_OG0011126	27.6058328912437	42.8838302575567	20.5433237447461	32.3994141423898	68.1984290988433	18.5583846075833
CG1136_OG0010499	33.0972413741508	32.011242703398	38.948087520788	25.439288295238	11.4793751929805	31.4055567614933
CG11377_OG0008723	35.2120635366517	35.192008703713	42.4841865862555	24.6631003257018	30.8036587494005	21.6977918561779
CG11378_OG0007395	11.6547703893549	1.52163975587179	15.1265335535244	15.6828603616104	4.80990372741714	2.76211337615185
CG1139_OG0004077	30.0777364702848	26.830351533828	7.13846253165746	12.6143298934246	9.33428978903909	37.9952615216151
CG11396_OG0010345	20.5107505206634	21.4770044841055	19.7699176978817	16.9814486715447	25.2094030309909	22.3049539817146
CG11398_OG0007405	10.9731270705587	7.50381159326272	11.8306342420718	7.5867332554004	12.3625775517524	9.89944276271193
CG11403_OG0007406	20.659954949837	14.6104321893821	18.1614476483846	10.4028069916716	23.8968789824522	25.9816252031517
CG11409_OG0007766	1.26242955593993	3.80457911255112	2.66747175983464	1.39228736261949	2.57022879660246	5.3369415306132
CG11413_OG0011575	2.17881964953895	9.49559884589432	11.5588646217573	15.5803056742713	3.55260330466875	12.279366195475
CG11414_OG0006019	39.5020458636236	40.2977889375162	31.9721342150088	41.4135816136079	58.6315732990179	35.838684315493
CG11417_OG0007590	33.4654517094016	33.0243281393031	27.9357872382819	33.5622546636404	38.8676148453785	17.0916328722683
CG1142_OG0012974	24.5770045951937	40.4893146220358	23.1246839081369	33.0775573005493	35.2909933255676	15.4075606587372
CG11425_OG0009823	22.7767199674492	4.80004816064512	9.96594936314621	33.7865672602121	6.61074273503652	14.5297844716242
CG11426_OG0009824	9.05184154729833	10.2919495032414	15.6429006478725	10.8297320964109	13.108415809866	19.0484196913562
CG11436_OG0003200	16.3217688815291	18.4763464860033	15.3448324264226	14.0710853882583	25.3251142616023	10.1791186522645
CG11438_OG0009826	39.0739690551066	33.0489207468185	35.7002927924099	12.8146630007491	22.5735760552685	33.9587582611981
CG11447_OG0004515	20.0116526894255	15.4995753772907	15.3501829373426	16.5276533013231	16.1440846402288	10.8852415397692
CG11454_OG0001792	27.2139212702241	43.0279989237533	21.7131523568389	25.8505325765747	42.0209005717727	32.41378837362
CG11456_OG0003951	16.9815719130398	13.1338551861465	8.45909681341872	5.89030113930056	11.6726960960034	10.4245984222176
CG1146_OG0011093	40.1371485580826	55.0811495559239	23.7004117235997	42.358299114461	73.010092569802	51.2324900368274
CG11474_OG0005934	27.1631390954531	28.5622958250825	21.224201419238	26.5772204076856	29.6699987532931	17.3360272160999
CG11504_OG0002630	29.4074675648641	32.5071576685524	21.8771034116754	38.4031108879651	55.8238743689749	25.8801291084268
CG11523_OG0009832	33.2941123530305	41.4991905302715	24.821516674119	40.5926117076983	48.0961660563285	25.9134565763869
CG11529_OG0010828	32.9103676599675	200.974388731886	24.5429268539121	106.41615167025	325.677030428175	39.3501688930896
CG11537_OG0010640	16.6832619994282	22.3565686494585	17.6040489423005	15.879350300928	20.8699610809682	20.9699816227414
CG11560_OG0010817	26.1326237942195	15.9716475892767	33.5063239170621	21.4649033907075	23.362630610804	12.6713155586737
CG11562_OG0008742	35.824946281225	35.2994264973611	26.2828510909827	42.8966896821304	41.6487695583515	22.0865236460645
CG11563_OG0002662	45.3644138232876	43.386452157116	38.2300540151349	46.3348843850777	47.4524907829518	48.6828872360789
CG11583_OG0010538	53.1478827977461	46.3983910960998	37.8900037394837	57.5458892056241	61.9200577667143	42.9593442911378
CG11585_OG0012335	84.7885188318159	59.3768798458073	285.036342202932	140.174139386233	72.1922428722224	213.697966056818
CG11586_OG0010534	38.7419193640166	33.0586697217128	28.3749717326789	32.731554299366	47.3551679949387	27.0253860538525
CG11590_OG0001741	73.1450064481969	70.2226794341432	59.7446298378395	56.9701078286702	62.2215385110536	45.0965931864228
CG11593_OG0010497	25.0133227800389	27.8950151014309	17.1282009251599	27.3304651593757	45.1759092536595	20.1293680442338
CG11594_OG0010492	14.7366695216996	23.5602289158464	38.6738667813485	24.1991219226194	18.1459413158614	23.0575599101314
CG11596_OG0007629	13.5990505353649	18.783283364172	14.9156797328427	19.3810625604333	26.0800731922389	14.6577636142222
CG11601_OG0008739	11.6011484559865	13.7147302039819	14.1348196249723	11.0081127471742	14.4085951915714	15.0279279469984
CG1161_OG0004180	67.1121329964583	64.0420954948707	51.8059803673276	49.1258868815518	71.4570936735419	53.5648821801473
CG11617_OG0008731	2.04813669598007	4.01277649879812	4.39970982591503	7.62949631790271	3.37218456337797	7.55892518167152
CG11655_OG0001745_OG0	14.5584269766663	10.1901297127838	9.64328153716551	13.2028288754881	12.5925307444051	23.8960216988461
CG11658_OG0010025	3.14339920187205	2.8604133609693	1.30722973728219	2.23417544494034	4.77550154959411	2.2927430776812
CG11668_OG0002452	52.1558944184552	17.4707172439454	16.6413248809047	20.0504111799885	15.4237531402256	13.4322678669486
CG11670_OG0005008	15.2211895440566	11.2929158748692	75.0339091215261	9.08957051112082	6.59075704395549	28.9616110695471
CG11679_OG0008511	30.6844412462695	25.1361038846085	17.5964512951776	29.890035068993	27.4641185466009	22.9774166513855
CG11686_OG0002448_OG0	65.8346395480244	55.7487574279664	44.4034373162402	40.7422033770166	76.9124936237821	4.48105810098654
CG11695_OG0007879	11.4320392121291	11.2973800469571	9.55605887373144	7.53658156065358	9.77405859187199	13.4425165194169
CG11696_OG0007880	20.2416984171879	17.162096925311	17.4410698688126	14.2644595710398	20.3932301846427	19.9609352373086
CG11699_OG0007882	73.0280039328261	116.877677838138	61.3363899929622	63.4613954738371	61.9534749943674	102.317597823032
CG11710_OG0001691_OG0	10.7282805239804	20.2595891243547	12.367132676243	24.2774327065332	27.1608319610857	16.0282062181083
CG1172_OG0004189	16.0790377178224	32.3281453687479	11.4415003526293	19.1886715694454	34.2653070445789	13.7865751933511
CG11722_OG0001391	15.9096489069801	13.2380830628859	16.5195445909789	16.1722647618248	11.4591776744694	18.7343221906153
CG11723_OG0003571	13.5226177825263	20.150692027302	10.9452305737223	15.8533924144567	21.8920648490065	20.4626568278782
CG11737_OG0001419_OG0	27.1971806366751	27.5548766079769	18.2510951788336	21.504561111218	27.8294082096041	5.19059798297821
CG11752_OG0007995	200.037937256257	215.52519631042	262.911655947307	210.690543289748	146.833527975551	311.556199978982
CG11755_OG0000851	28.2708146975157	15.5197332078632	21.9614147275488	15.3007817336894	33.2116041361678	26.8474089128429
CG11760_OG0004826	23.5467170085149	27.805791744448	21.6594583214262	17.0731753380324	23.5334293146464	20.8017121977863
CG11768_OG0004832	1.18317199304572	2.11852033592443	1.69891450325567	1.07841868310794	1.60235296142822	1.41145315021256
CG11771_OG0005200	31.3448005963994	44.0909466591198	43.0020096015972	42.3125962515349	41.3188432899126	44.8917648440071
CG11777_OG0006309	22.7917166389239	22.8372499403106	16.9693637204211	20.2830672490997	26.1890453281968	17.7732913222099
CG11779_OG0004481	26.074894296478	26.644724566466	34.8112885656068	27.4371020287381	24.6726320854443	36.5980675562151
CG11788_OG0007083	12.1339501665006	11.0260074061011	16.9591632214039	16.4685911059095	17.3754909381162	11.1398794002251
CG11790_OG0005187	75.4879750758685	75.028687348911	68.8676724161225	67.532454158349	99.5663400660236	74.1451148459641
CG11791_OG0012008	122.868691813105	64.430685279574	188.068405677458	64.7998008280599	84.4649268214294	58.9069773781492
CG11807_OG0003009_OG0	17.8570743902745	21.6962455427049	9.49679249959007	15.7362177304093	20.9956788671604	18.6930637524019
CG11808_OG0006841	31.9439992892569	22.4332405923695	20.6121403391135	22.506692741714	33.9735503926877	24.4985205216498
CG11811_OG0004058	49.7046223009147	90.618086553125	58.8575322048293	79.7476484604222	87.5499546771455	81.9023091726653
CG11835_OG0000264_OG0	2010.3089609763	1794.24473935197	2564.2110741131	1896.90949394745	2298.40672486539	2344.73406555696
CG11835_OG0000264_OG1	74.8393380816014	61.8825403871191	62.5397349916941	96.9048664394948	64.0953299053309	39.4124212653973
CG11837_OG0005082	25.6953248430094	20.660277591705	17.0899716223967	27.3050062802972	26.78124017876	23.470504701411
CG11841_OG0005083	11.4591453339829	1.5052349384426	6.41654457873734	5.21918604276666	3.19803315573625	12.2723589509776
CG11852_OG0002502_OG0	41.6994222277544	13.0482569965525	118.513843862207	48.5549354165452	18.2840655558329	21.8910302613097
CG11854_OG0005171	642.522531627127	344.620977529187	116.694281536892	779.713552473888	1359.60898136046	680.049689032312
CG11857_OG0005167	141.663144413271	171.319333233413	122.66131416465	111.420083040437	134.467840075052	102.543545134157
CG11858_OG0005166	50.9459281185282	77.7066050318005	42.2013905718781	30.7890526451706	71.3274200584035	53.9490732573721
CG11882_OG0005094	34.2819068400083	53.6587009908908	19.0668684187178	33.3954503021012	51.4496262891186	23.3466296941516
CG11883_OG0006313	4.9698049514874	12.0937311185253	7.73009487030648	9.13506814409697	7.40408529596132	6.34731080790236
CG11885_OG0003355	54.3581477514234	54.936212011914	29.8853853236335	39.1321774674852	62.8551838271699	31.4195198509681
CG11893_OG0000039_OG2	8.5168593199726	13.7206388511098	7.02437035423165	4.02578916214935	1.29700770070171	3.10324248289028
CG11899_OG0005100	84.3581300231102	53.421719186983	32.1768532896134	16.1349514016635	108.00953014186	30.8026947555223
CG11902_OG0005155	6.34288625841174	8.1122552658104	6.95829668343239	7.03072623033941	11.9184539649773	7.85065249850466
CG11906_OG0001618	13.0821926195758	9.64608504401157	9.47933885375227	10.8322591899648	16.3643256722758	8.81704079033232
CG11920_OG0005183	17.4451933030027	19.7266055083438	19.2367715299009	22.3927329021065	26.5117914781445	13.0856606100801
CG11927_OG0003556	26.8639453150956	24.590590105701	22.7680665493249	29.5917636893153	40.3658849109391	52.1430594709886
CG11964_OG0004848	42.3560946456476	37.9789363783391	32.7128941111431	39.5968047399227	49.4047315063183	74.0091909594643
CG11970_OG0004849	17.4092345266175	17.4732094284671	16.1403983086184	18.2549112043659	29.7167463465694	19.6064962688356
CG11975_OG0004850	43.7569043891949	32.6609047121885	31.5577041251746	35.1648619256849	48.3410065999593	43.8555030243395
CG11980_OG0002337	30.1865532671687	66.3735781842482	25.5483629348656	37.2178859906993	20.1758152498989	32.4215937626427
CG11983_OG0004852	1.80043905581223	1.27373478890212	2.23246202204291	2.45123078510549	2.96925522395177	4.50104623028823
CG11986_OG0004855	8.3659454046813	13.0750129806654	6.40168350863666	9.20299095729334	13.737090209805	5.95977936229539
CG11999_OG0004179	88.6039568366297	74.2844238398584	91.2416570337059	66.6329510535398	64.3353044319869	76.0755918917285
CG12004_OG0011286	26.9605335312928	30.8945564622716	27.5717155861731	27.628779095815	38.091611514514	28.9869075136218
CG12009_OG0010662	2.52869083937349	8.59985575659261	2.70728848037012	3.03426187088562	10.9132414434147	2.89299762294514
CG12010_OG0010671	7.08774585239736	7.77226324303519	4.97560586293521	6.52578442818834	7.14148348162437	7.16694574593151
CG12012_OG0010672	107.524098996958	44.7717090571753	34.6491572892369	30.4890458495292	45.0841929713668	44.9834739657807
CG12016_OG0010666	28.8726548890131	26.3847862131764	32.8816697387499	28.7137290364167	40.6142282127306	32.1938483401391
CG12024_OG0011050	49.2042558568226	41.6491224441855	26.0774867436296	30.1329363929612	81.0195714668507	33.1161402562009
CG12025_OG0011053	20.1740527287386	32.5857615430289	19.1325500644633	21.3511617393955	29.3180109724929	19.256290368312
CG12038_OG0011331	3.58236942048518	3.65879112255968	5.83133253431956	6.05523105940133	8.67344277110616	3.93212951532575
CG12054_OG0000497	9.85696518187107	11.331735154537	10.0988551349304	8.01222732698674	13.4611172771368	12.6606905563677
CG12056_OG0003138	54.2589484440671	23.2139471859037	31.3629912611395	20.982173826457	22.7219593184781	58.6893705381854
CG12065_OG0007412	27.5862174225707	21.6588582052895	22.2004301252053	22.1495930287569	21.6091873857989	31.5429010640993
CG12071_OG0011553	4.16576318276638	7.19534999632133	12.6411334109937	12.2500858534279	18.6957293818526	8.20513205680449
CG12071_OG0013484	6.27619307363431	9.12267955516049	16.1407555278967	18.6482419394047	26.3267641308379	14.9424323619858
CG12075_OG0007754	61.7352906318206	28.1726116027017	32.624113173583	37.9273855836227	43.6964815105025	38.73747435921
CG12081_OG0007411	59.361964213269	48.5955845848287	53.2131388249451	50.4999815613879	76.3270458110007	62.4240878741089
CG12084_OG0011296	26.2165635720032	24.290148628621	18.0246953419946	27.6552221153626	40.8513745084	19.0405244190098
CG12091_OG0011293	132.788717329702	114.136845728177	96.9025861885073	90.004789200406	113.563767661681	95.0958798865152
CG12093_OG0011111	58.6735491375116	31.3862196134118	37.1872725714499	37.917091549094	42.7947543633205	26.0295315002255
CG12096_OG0008559	41.6113395036732	31.4604133194383	25.6906892209428	32.663056888688	48.4735991366246	35.6146792634001
CG12099_OG0011289	133.896149704593	124.548261201005	117.442031652301	112.974780110044	134.995000257765	126.823701470414
CG12104_OG0011284	11.3344726132566	17.8020604469514	10.6980696321517	13.6027130318773	16.4716002787939	11.4727830109685
CG12105_OG0004111	7.57627085390323	7.47448970982701	4.61571509150042	6.24773803702741	5.42749793513327	5.94459153999314
CG12106_OG0007586	12.0885606032243	10.2294058513801	13.7600283863214	10.1914791461711	13.5850475463306	16.5888250666846
CG12107_OG0006719	61.8066344814507	70.4180858294139	50.1141564243031	54.4886342341412	59.2500171330876	43.2651385193607
CG12112_OG0012598_OG0	14.3117983771056	8.80986435345611	4.15908796436964	18.531869934036	13.9091747404833	17.265235531852
CG12115_OG0007587	13.7118957580769	11.5131282446296	51.5976087633093	91.4977368080544	106.071354996791	2.32112656678795
CG12116_OG0008625	25.5256955603668	56.5021676293414	61.4947297832034	69.8061909660499	72.3091654916413	23.1661618945184
CG12118_OG0007585	34.2651136647909	21.7064378978638	22.413899955634	18.4947206087926	22.8313552734907	26.8154620156805
CG12121_OG0007579	56.786204645463	46.2457202185916	45.2636175653363	34.7102246981406	47.1009986338499	49.1740663710088
CG12123_OG0003325	13.7551784687757	20.9818030988379	13.0787798216595	15.9547163966606	21.985990512747	12.0524266836974
CG12128_OG0002879	22.1694704665657	20.8015614771653	18.4665526219107	21.5543826341704	26.8641058219461	17.9215992328151
CG12129_OG0002878	39.5561412909591	29.2061928822687	42.2805978883689	23.0849720942827	41.374035192076	26.1512408157717
CG1213_OG0002105	18.4593132494266	6.38975972926303	12.6174966615837	15.1103989180134	37.3785802154815	4.19940464865334
CG12134_OG0006319	21.6179585267227	23.159913487867	11.4726200032166	21.8910164610311	21.4560241646944	15.7707437559026
CG12155_OG0003210	21.9610987425193	27.5440016820055	23.268708666822	22.1700875479313	35.1199380582598	18.4888697126308
CG12159_OG0002860	36.3703024774012	33.1252787285652	25.094834688145	28.4856365062493	43.7508479466259	22.5674150857807
CG12170_OG0002098	28.2752691259738	20.2738415872301	23.2687063243467	21.4442819300034	17.1913158152145	22.2394606032831
CG12171_OG0004222	72.2683205886738	60.7602852555069	103.615804982962	113.687644009212	110.347353324827	41.3755366939188
CG12173_OG0004172	13.3739293860052	25.1464617228504	35.9185523748467	15.8324072912155	19.5168604614709	13.0595952964911
CG12177_OG0008262	24.5416872733576	9.22482624509709	11.0279726118413	14.5378542679898	8.85419990234835	9.35582556599151
CG1218_OG0002103	25.1404484726471	29.0125621754099	26.0885396951183	29.3215104328268	33.8871537561132	31.1925510868903
CG12182_OG0011099	6.89475318154	7.5661753246592	12.1605054589113	5.17123591218747	12.0289913962703	9.02288211889965
CG12194_OG0008975	3.93695265181353	1.90217660610026	3.63152608831232	3.16422888966378	4.12081812941149	2.71514263875425
CG12204_OG0001687	17.5792835607229	13.6386203105312	7.37864264230359	17.8392718346104	20.9513163174445	7.78586624129785
CG12206_OG0008131	12.2625859805757	12.3859630533473	13.2731253178925	14.8656845842589	18.4542044928787	10.7553461791889
CG12213_OG0002418	55.8470344832646	40.6970078530355	42.6278189301134	37.8887765949597	72.2005020741524	45.3918143366748
CG12219_OG0007713	16.6263612530366	16.6234527316765	13.0270882834135	14.5721302631392	20.2902557408473	15.1264858058173
CG12224_OG0000651_OG1	1.51117423229022	10.8087172915593	5.02662894028663	6.59322407824166	10.3342457010248	40.5857153537435
CG12236_OG0008414	8.39739136716871	14.8184103318409	18.8924862346896	12.9746227402968	22.5522687897829	6.91444422858726
CG12237_OG0007424	48.3357485218317	52.3178047745933	59.3605666575467	58.515162509632	82.5031364679731	83.8486052425671
CG12239_OG0001754	13.4126044331005	9.30223978963473	26.9653462779256	44.7631253247625	39.4496324718777	15.3715701851962
CG12241_OG0001396	23.8945307172334	21.5986264038759	14.2041271795532	21.6370382902636	28.0873276529594	20.5308688368603
CG12253_OG0011818	12.2823689782595	15.1738661574196	14.0057749472343	28.7399615553017	43.5620486815634	10.9423264689079
CG12259_OG0005539	48.14143997141	27.6205762054382	25.0685154667953	31.3741886576062	48.7872234585549	29.7455938350332
CG12268_OG0005336	9.30105978419892	5.16972389232141	3.40402990215175	3.77405236931659	9.92208732573048	4.50221034764302
CG1227_OG0004337	15.4975054260902	15.4496745825148	12.318076485582	15.8777541200373	14.5643010590436	14.3147654103717
CG12279_OG0004445	73.0220770048722	68.2420372743853	51.0143271583326	93.8080842480812	144.022578356419	86.5196503444473
CG12288_OG0009457	24.4183148239653	23.1263757132844	14.2479140556759	24.6422933962414	30.6304818426652	26.5903798315092
CG12290_OG0002618	6.34328584434665	6.33265149166407	10.7437305128329	9.63062253166732	10.6669310552161	6.68520002161405
CG12299_OG0009634	17.4972553780363	42.1276867472485	24.5120569990506	34.2042683488716	69.9304418259328	16.1238249231482
CG12301_OG0001981	21.9313031774459	20.916985975399	12.2081222300858	21.6793860506244	21.5928574747706	18.4926010621467
CG12316_OG0009955	11.0927567805122	12.4698626671278	9.88509562961343	11.7172897349551	18.3112619908149	12.6551601976037
CG12320_OG0005053	12.6585443602434	13.235510034568	11.5950890479954	11.9376553468983	15.473720436188	6.81225323448011
CG12321_OG0001064_OG0	144.254896070036	103.031283118537	67.8128942974587	71.2188036686583	125.70886974038	54.6160740967576
CG12325_OG0002854	12.6501266294718	13.7997783184417	10.005557133175	13.4824574016492	16.7752632495021	12.2036915972353
CG1233_OG0011370	14.9600421407428	15.043247463623	12.3833422756365	12.1311052602936	20.9824745440887	14.2605702495837
CG1234_OG0004335	29.4782892678383	27.0490428581614	20.4686902133537	22.6923913450658	26.1539005918273	24.2634733475265
CG12341_OG0002848	32.749195979451	31.3721794757843	26.9777075632413	27.1629898518802	35.2607359472622	29.2927933607081
CG12343_OG0002853	50.1277860900771	53.2391943729148	32.9136899321465	50.342761242315	77.1380612567181	36.033608299304
CG1236_OG0002100	32.3678747059494	75.9872452236662	44.7140081759694	45.4133697552091	34.7090115907769	50.0950183583644
CG12375_OG0009777	42.9983885986423	52.7923838408477	35.1486780830745	41.0977862562957	26.9858859148234	21.8940838386555
CG12379_OG0008514	4.21435245680328	5.67121108363997	3.2844906544558	5.43749667332539	4.43237541828564	4.02793829608983
CG12384_OG0006229	162.28899856652	160.898183718126	151.722085144003	134.463957578961	211.807889631845	143.920600976223
CG1239_OG0004237	10.5980994607214	10.7583414230198	9.34346777430522	12.0025766216571	15.4141746902885	10.6214432710003
CG12402_OG0002224_OG0	1.24268112522858	2.65330183808316	4.40080468539277	2.42712592188163	4.19841082014559	2.07861670092299
CG12481_OG0008237	11.1939643788195	17.8251155777747	14.554806571584	8.57908591600373	31.450555995348	13.1694406392229
CG12499_OG0002285_OG0	13.1333046303618	17.4165146046049	11.8758994369102	13.8339643414617	18.0292235907069	5.82550705883292
CG12502_OG0011339	5.55558560148902	1.11465914444853	2.65211317325763	2.88301310619423	3.22139587355915	1.18519746546977
CG12560_OG0012234	2.25980155869325	6.65913786843918	9.94006759232928	9.2406404597924	7.75215487096028	18.4953861097222
CG12576_OG0001784_OG0	49.6437380374271	17.9474788467041	23.7378022577868	24.0274141058452	38.3162770019171	10.5637118211587
CG12581_OG0001679_OG0	24.1917407364378	36.969252993016	17.5039284371935	22.2925000979229	33.7598528833345	1.04319291001942
CG12594_OG0005596	1.38170303160363	1.03752826789037	2.51637071080559	2.00713398901182	2.14231737953176	1.31717005948842
CG12607_OG0011139	69.3930088099639	81.6776155331126	297.263266314038	154.793228321948	74.1270070651969	134.65502420594
CG12643_OG0007518	123.581691039703	159.986538542919	141.10783745563	176.165052884251	332.333209919098	98.4847380705963
CG1265_OG0010531	61.7005570863689	55.3083893367835	85.0767625609291	57.5752045052016	32.7923923511031	87.6181072548418
CG12659_OG0007410	43.7571295083455	17.7124490233117	37.3696652812022	15.7654240539859	27.5569658021875	23.7905830806729
CG12702_OG0001192	13.6133471470849	18.485588346772	11.244112599926	16.209215215052	20.3936552332305	15.5662964641376
CG12708_OG0000271_OG0	6.39588503568944	2.25494213746602	5.03403625260076	3.33975842113217	15.5006305471851	7.70666290392171
CG12708_OG0000271_OG0.2	13.9100951855854	25.9600889243289	8.28226599953814	5.06577207541994	17.168341330138	10.5752793522302
CG1271_OG0010635	3.27612274315659	7.77313050885907	5.3836415842354	6.61306582725838	8.77966790587622	4.993324399883
CG12713_OG0003881_OG0	9.26947935809871	6.50702490192843	8.22777587775305	4.27834781831842	6.18638632967859	8.76474977448399
CG12728_OG0000928_OG0	4.58967176219234	10.1246654301128	7.01043327917372	5.94423046189463	6.99415851853597	6.19277611513986
CG1273_OG0010536	3.58939655653705	10.4927883711357	5.19257609073739	2.3281207451936	14.6794276760556	4.47731961711069
CG12730_OG0007375	22.46900296544	23.5868309296772	22.8720486631719	21.0627282240237	29.9144416988065	24.6575546366935
CG12746_OG0004208	25.6122382698831	23.1360108200896	20.4222429784203	23.0096541225916	22.6099121984755	20.1788367319483
CG1275_OG0011072	31.4371433495713	34.5657723160227	34.4585797633548	29.2018524048376	28.5969463757494	22.8510872082106
CG12768_OG0001283_OG0	4.53348865404206	4.77148534495927	7.06204865826893	6.4655853058401	13.3757025074662	1.73993682892254
CG12773_OG0003140	36.4586948190378	45.9154342993321	30.7639348856939	36.465904683442	54.2059989622086	33.502459367812
CG12795_OG0008825	47.9211409938257	32.4857510173162	25.4231234433767	25.428160950855	54.681923677808	25.2061685269777
CG12811_OG0002240	24.5000270496865	38.6079539838848	41.9061469985552	24.6060453878789	20.0132591731038	52.0999679124388
CG12818_OG0004897	23.3427975618283	12.0854018413307	11.6257491587736	11.0912306495839	13.5441093779712	10.8999308129511
CG12822_OG0001599	35.4272455549326	29.9810109825084	37.8055744381161	37.7365185620535	51.2921224253065	37.7592501353987
CG12848_OG0006045	52.9673312593598	52.3529249458402	57.8540470356027	54.4830763620059	47.5118426674374	45.4142171107201
CG12851_OG0005862	1.14991352394977	1.54407718151574	3.16641156395765	2.65740280267915	5.27715185895553	3.19119618731915
CG12863_OG0011584	9.42762006369071	8.97007111946992	8.75569624160919	6.71643622252747	9.98394426957945	6.30623516308265
CG12868_OG0001564	6.70291002064228	17.0260431083764	18.8045339644488	14.8984149497675	22.1241776670672	14.0327266265955
CG12869_OG0006145	1.46326224556897	1.35452901193129	2.08115356615963	3.03982133749046	1.40754189415089	2.59296523785945
CG12869_OG0006146	2.40755361808398	3.77291681033724	4.47591839963427	6.61307075536375	20.9088835394454	4.05567507920336
CG12880_OG0005345	21.1705654951258	35.6168606475968	12.8358612114838	14.4483082499167	47.5940486435207	13.2565073343274
CG12883_OG0001474	21.0840161588112	12.6216391985618	17.974864036385	15.8958726843249	17.9062018577971	13.1656220477566
CG12895_OG0006308	29.3465681310269	50.8686838028484	59.0993249256086	50.815299186884	65.6473200828489	29.5389441541325
CG12909_OG0002821	32.9611508537885	34.2053484140251	19.8467519395098	33.9898949413648	26.7234573376531	25.6293839329315
CG12910_OG0006305	4.63356468556585	4.3428111063513	2.06775650779319	5.34879813792142	2.51944418176374	7.16966387863159
CG12911_OG0006304	6.16809356840899	8.1402897510437	11.3907300686852	4.21302372891962	2.46969665896166	5.20453452355749
CG12926_OG0006349	14.7040062906057	6.83444382296327	2.78166415290331	6.95121900308189	9.13355181843466	5.17411042759741
CG12929_OG0006357	10.1537635340807	12.2825187312167	5.3245965017903	9.33956996446621	9.25675710007056	9.27052148980551
CG12935_OG0002846	13.3788400067235	15.6536604311966	20.7703169217457	22.0347173060677	28.4387502187821	20.2005949636125
CG12942_OG0001596_OG0	14.5333587310223	16.7740666634194	1.3858795120311	11.885098313525	22.5374694300681	12.8977031218202
CG12945_OG0004570	20.6297855381231	31.7627706838375	14.562367521664	17.3039603400742	24.0945015269453	20.1876230637784
CG12947_OG0004568	3.92135557203366	4.98288124463518	1.07136049220046	2.63805455367961	2.72475891607552	1.49915341379868
CG12948_OG0004558	38.7107595512741	54.5692388041712	29.3505364456106	47.2098855947234	63.7938438906031	34.7525664743072
CG1299_OG0000523_OG0	48.0110414727928	68.6516960943983	25.6853108412862	50.369946203086	62.8846074119714	47.5108066770253
CG12991_OG0007703	48.3509502837605	39.8219467316281	30.5043698006829	38.071435356987	65.8971271078971	18.549928296389
CG13001_OG0008580	34.3272047050507	37.8849643110264	30.7984095192989	33.8244163380281	72.8470945136954	37.3286185817725
CG13003_OG0008572	24.1483939755114	9.79796188789273	8.43292322620346	9.61005373854251	19.0863176491393	19.06117873303
CG13004_OG0008570	3.73300323241538	4.99983952545735	3.83600238650178	6.39285229266228	7.31031550993647	3.25278810764297
CG13005_OG0008567	9.6779446111433	6.42221467019001	3.62526057762869	4.19022921154404	8.23002229056775	5.59677241984677
CG13012_OG0008317	9.9615806405455	9.99345103702857	10.9992505964217	10.3778409032816	12.5810140147395	8.09626675623396
CG13014_OG0008547	24.7702690943709	22.9113196264694	15.7692808913755	33.8748313968077	38.7593221262006	39.6710002879232
CG13016_OG0006536	16.5833962312524	18.0286821665365	11.8960144024237	11.6289293576713	15.6143349084924	11.9915273727416
CG13018_OG0006537	13.0477004516494	17.2531589223957	12.8708184356403	23.7233243375522	19.3066830219728	16.4281844880993
CG13023_OG0010699	1.41027142836775	22.0560626068316	2.1381017899076	2.73420868482082	22.3186743168706	3.23686499028871
CG13024_OG0010708	44.6798891047775	27.8888089193154	28.9466890856069	31.7132825257026	27.7251214708061	27.681800098603
CG13031_OG0012200	9.76643687024422	7.73226713175088	64.109263879785	45.4090701594762	84.88137885261	29.5161955581633
CG13038_OG0010761	11.7724598451429	6.26511852629155	2.0912492314975	5.72200945179215	3.98976732087349	12.180747370777
CG13041_OG0000280_OG0	78.8027078593297	95.0158360016206	130.811225254112	15.0252880196126	31.0313027088344	261.2682300373
CG13041_OG0000280_OG0.2	164.720255962818	111.973422634249	124.123932075047	6.96552627891125	37.4388092947007	38.5601128272645
CG13043_OG0000281_OG1	137.131769435797	212.759187197319	632.33840280219	305.918165543527	77.290918153021	796.903811089075
CG13044_OG0010768	737.341159917122	642.761378447659	480.042767883077	545.418659428134	276.972791585472	969.694999116704
CG13046_OG0010771	19.7076176871055	29.857678851849	21.2010415053726	35.0110678921646	26.8121115642525	18.6508717980427
CG13047_OG0010772	1.6867840877736	2.62715441179303	1.20810712778043	3.6154907104565	1.58684262952535	3.18736468661938
CG13051_OG0011898	19.7372152244258	18.4802668226265	34.1944226353215	9.41311569859807	1.80948105301868	11.0778187131342
CG13059_OG0010764	589.738955157464	88.2823003525781	133.774356581588	299.147996423821	69.4772557409056	429.59351300376
CG13064_OG0010775	2.86554405386963	2.9394917552768	3.19470025799366	2.45472429052037	25.1012775232386	1.74182039872261
CG1307_OG0004308	52.5036833011353	72.1279569400049	49.976383825195	69.4797114004144	85.6218765347161	32.2236602106323
CG13082_OG0009094	102.310336849847	42.3206187644364	14.9656981790783	21.0539852887686	44.2409569069939	33.2790204333102
CG13085_OG0001922	2.0801270734169	2.75418670454678	4.94831856090133	3.98885712408328	3.75650401654116	5.01394613068967
CG13088_OG0001266	7.55214616310685	7.69061480106266	11.3085406515164	12.8562378214085	10.1688035073698	11.4755873651648
CG1309_OG0010533	41.1218831354102	41.3202257511324	29.9986954102576	34.9595206100584	38.6363032401461	48.0124180219652
CG13096_OG0003720	81.4036774254448	86.4027814287536	66.7440479409753	74.3542832764982	92.2028153134351	76.6658502517664
CG13097_OG0001923	23.9093903375316	26.0629287853639	20.8911446331006	30.5067690001099	27.8163032802731	23.0114771422652
CG13101_OG0009304	4.59755273203288	2.41306594715237	6.65619892544373	3.83128569678955	4.80096603559365	5.24806957835443
CG13108_OG0009295	5.36108181765357	3.55523704438576	4.85600528538179	4.90656508106273	6.99523682453311	4.0868583715926
CG13116_OG0001878	28.7156720095652	12.9153227340126	9.65993613749203	9.39944022422314	26.3628613742971	20.5013674776535
CG13123_OG0001877	5.97082109090956	9.79319250301323	5.64793752911078	6.44371706905484	7.68574091269586	5.57155916889314
CG13124_OG0003502	123.023801690782	97.5742504349469	103.561862504205	103.908856815951	98.6016428974629	102.101765457671
CG13126_OG0003515	10.7508140068254	11.0067905013155	8.80666348815411	12.2686561379552	13.4932681496111	6.98821159955287
CG13151_OG0006215	10.2926146678698	9.21662112179516	5.60837465745858	7.36569186734977	11.4414051383424	15.2151410403391
CG1317_OG0011084	61.9598548224706	36.9756052122801	49.1460764043937	29.792045204923	36.539098512033	57.3902003267549
CG13170_OG0006182	138.004733704186	8.37724858628766	92.1275984962365	33.3617293309539	7.56040301258651	28.1676027689635
CG13177_OG0012831	20.8972727014742	2.16741738200667	4.07576750096923	7.79317887628926	7.73677576145265	2.43870059134364
CG13185_OG0002928	6.58009753100793	10.6800176358239	8.1938153393811	8.11557675493517	8.36332897437022	17.4391778121957
CG13192_OG0006567	13.4557683708566	23.6483291399658	10.9512669358796	15.556786950611	15.2300673539846	11.7229271555878
CG13197_OG0006563	10.7146261723001	7.16758523193788	3.74170589738109	6.1168841022679	6.33270834604403	6.74895118934095
CG13204_OG0006233	13.7222504410521	36.9358827397723	13.2557722198815	12.2715429397493	23.0031239257376	10.363537236309
CG13229_OG0002787_OG0	73.7447319932688	67.6781651838893	15.4655305756852	54.6901755091403	87.9311462623332	66.0552083911602
CG13248_OG0010371	2.63465519682127	2.86597871033087	6.4154178176902	4.71596035827783	5.11786607269937	3.59014144068441
CG13252_OG0003952	58.3612170579928	50.38066513059	41.165911987774	39.7201568108417	43.7104996351384	33.8847551354139
CG13285_OG0010583	14.9523514516334	17.7757850960157	11.8800892381896	35.9760359393287	11.7179339291826	7.2730222586321
CG13293_OG0003937	1.68883877199093	4.02189225261355	5.00523935187635	4.02255946703189	6.39583973392285	3.43142621710798
CG13295_OG0010231	11.4570787118553	11.7682842624227	20.4738304453757	18.5583597064216	14.2752597790887	27.7827894437966
CG13300_OG0003943	20.6917046199753	19.1034003197431	14.9841843614857	13.0622651559284	31.9700767475084	11.8300082655026
CG13306_OG0011204	10.3877482052238	2.69717882922783	4.67684979186405	3.63468336374293	2.94794460080574	9.69959830504952
CG13314_OG0011224	20.0535504578641	71.9189449339061	3.17192056069352	25.653964198252	49.4398882041604	6.80056219242458
CG13315_OG0011237	122.760998816181	80.5880090652395	124.445255350361	167.068018440911	187.472908782317	9.74354273018019
CG13318_OG0004834	33.4220800390243	16.9833018195282	15.9943077056992	14.4911680578227	11.182347446629	19.0629143134459
CG13319_OG0006667	102.760948593625	69.7337547548157	42.0971400277168	84.5339957619699	103.858568673629	48.9607781778478
CG13321_OG0006673	3.60436628351846	3.80288090557808	23.3304237880308	40.1815613752666	11.8309275974514	2.20930274543869
CG13339_OG0007296	17.3470147769665	18.3303208635261	18.8520780360614	15.0305192045221	22.7422740741568	23.0860774242601
CG13344_OG0007304	21.0776567017026	13.0283341660081	15.8006670322223	14.3858379563312	27.9581483400755	15.2084392328813
CG13360_OG0010145	30.8521519368126	58.2833041565712	63.3564124567862	52.1794612694536	37.5313148855206	34.7800540756291
CG13365_OG0007831	41.0143958309796	54.9858278815472	67.963066239952	91.8211483165903	102.454176890759	52.7556629746811
CG13367_OG0003188_OG0	27.6903670330133	42.7394408961616	28.8503720924883	33.1657270378572	46.2990447885612	31.1622992566298
CG13369_OG0003181	46.6499964129715	34.6396930813582	39.2036460752389	59.7290941068114	50.2085667064517	40.3212933857372
CG13377_OG0007849	210.944059594408	115.341144959538	120.354957225162	82.7291066082033	82.9432011285695	108.60788103535
CG13384_OG0003473	15.3019430299767	14.6247130619116	10.173330283575	9.33876084145276	13.8432018313495	11.4010020931041
CG13390_OG0003479	10.481935400536	13.150627591547	8.18102314628447	13.3766775309275	17.1668695992687	7.8797587915182
CG13392_OG0003476	11.6855004652746	13.9336284984433	15.1722808228386	13.0991426157408	9.75143596696776	16.3923868534253
CG13397_OG0003469	5.37279459239776	7.80355422721901	2.95617681196338	5.8373442441995	10.6134768689763	4.04914797729143
CG13398_OG0003468	8.63549109828535	9.73080197301897	4.19640884457968	9.26107857664299	10.8327315395914	14.2781132989133
CG13403_OG0008236	3379.39686348424	2066.14764346147	2511.28473121971	1147.67937624208	1489.8911973205	1369.76036973219
CG13404_OG0008224	2.16300974169611	2.13194959628791	3.26283339590772	5.45410309419697	7.39082948057284	1.71167857328671
CG13409_OG0004775	2.02695007277235	2.1933666493488	6.35763600890042	3.34179593713085	5.89834479214919	5.15172122034563
CG13430_OG0001658	8.73510873257857	10.9501783508307	9.70364634311259	11.248992022993	12.4703810011375	11.9739040105109
CG1344_OG0012226	27.1252656378702	22.4797528117909	35.6059293367595	24.2775340176451	54.5372298105713	17.2691637157297
CG13458_OG0004037	5.66615883526819	5.12040046759835	5.28140836525155	6.67255848394284	3.72778405413467	4.20953641493539
CG13460_OG0010841	12580.7155883419	2055.77373143686	1961.40081942301	3331.21785924453	4649.35789673087	3416.94301873053
CG13484_OG0010886	33.7747467450994	26.5044915417794	16.2523465831444	26.1907343148603	32.6274168406264	18.0735639968889
CG13506_OG0007028	10.9077157368473	11.1430560799715	12.678987579121	9.27676231143487	13.0007980265448	11.1420857339597
CG13510_OG0006998	26.6933827433964	5.64310177094545	18.6096185235604	29.7128679220124	44.448855462673	15.8818680315318
CG13516_OG0006995	36.1289234792062	12.6267400568871	16.3215320195502	23.9567492184496	15.9569205268756	12.2609174985094
CG13531_OG0006978	7.09383763982346	10.6117803672668	6.85128702248679	8.62217210663727	14.9361002729926	14.1865431448745
CG13532_OG0006975	2.44228024241521	3.3081016978777	3.65285512574964	3.79676502397319	6.02330279455962	2.33525011703244
CG1354_OG0007555	132.314107880659	125.624077940899	137.294239672518	165.510385761023	192.285855564957	162.934606017874
CG13545_OG0012580	2408.10372150871	1361.55034782432	3593.78946742907	1552.60341989425	727.080505768749	3698.49792235079
CG13551_OG0000540_OG1	11.8119076707063	10.5793605234265	39.7474750883113	15.50056988728	7.72386490253974	8.98641026652847
CG13551_OG0012048	347.167095774246	536.944638574271	285.123008328352	361.149110955396	516.610379802433	358.090654200194
CG13562_OG0011631	3.7653624668294	6.64295723322604	4.57987729116951	5.43277085926821	8.30191839296585	12.0751793830708
CG13585_OG0011574	65.0893348535778	77.475138783912	78.3612526763393	61.2919399490143	104.47188134863	59.2725528500393
CG13599_OG0005537	14.245915459653	11.3809863960033	10.4853386889717	7.29218908950266	9.6752085786916	5.75699496041651
CG1360_OG0006725	7.69189305905256	5.65408099757381	4.710992261129	4.51709108240651	3.94146608971627	6.97267680731508
CG13601_OG0005534	29.0648472664481	26.2917354497331	25.935307153806	25.4136534667552	29.7394457827881	25.7604240332931
CG13603_OG0005332	47.5656001351994	44.9232414648655	32.8553753970114	32.0024112467298	40.7708710152993	34.6722773392577
CG13605_OG0005319	27.0196052077026	23.2829060339679	16.3381269275455	19.8739040219393	24.6269886961303	17.4263417846196
CG13607_OG0005318	18.5343947719588	35.661610172606	24.3802099138217	35.4253159704038	18.1895795310566	17.8912300435714
CG13609_OG0012982	2.83607025846832	3.93117600388445	2.1096421395702	3.3302590532359	5.01087669572616	15.8855265684455
CG13623_OG0005265	17.8244720781599	15.5081131379938	16.121789327083	17.8760175931261	11.8584205154265	30.2669368460045
CG13625_OG0004618	18.0611312793322	20.362638798207	14.9236708239	18.4694803905768	27.0104945809411	10.537510193319
CG13630_OG0004630	68.0237519102263	53.1615626613386	46.4772673351227	60.7977339289048	61.6207355803793	45.9302045181007
CG13631_OG0004635	73.8379002446113	51.4884015741121	38.0570467700704	35.9477836634728	33.5751664987415	66.5480158092306
CG13641_OG0004650	15.9791455540608	29.0780735310868	14.532689428273	33.4998743920291	38.1408863797721	27.3598520851945
CG13654_OG0005174	2.44252792859084	1.79628107509209	2.34764434862223	1.8951101975563	2.3531271188675	1.76019994245758
CG13663_OG0011496	31.9735764418124	26.8232888010152	30.4965288636067	29.8780957917142	43.0002810254087	2.45088480165603
CG13667_OG0004090_OG0	7.18366425405533	7.55821039108404	6.37648655059715	8.60044305014314	9.08359550604764	7.5153121314251
CG13676_OG0003984	125.912440649884	110.734165405497	103.567599125361	100.668691338246	136.551712251235	81.6708810888307
CG13678_OG0000129_OG3	175.311212059907	39.1939702533603	48.6896720997325	83.0890805544153	7.84425879446781	25.6422971277316
CG1368_OG0008241	2466.99483185008	394.160878264073	2186.53975879586	550.760222773157	229.085356854179	457.387152903207
CG13689_OG0008772	14.4432915104983	15.2946505928392	12.8537552581815	13.6418633269211	27.0068501119131	24.2215513427458
CG13690_OG0008752	19.7360368737331	25.1550362115094	18.8783604793089	21.9659993325875	18.8119199521377	37.1001719062262
CG13698_OG0010125	29.0859524389303	33.7955745549718	27.057681263839	19.3370060079778	53.890796433702	18.7553438412705
CG13705_OG0010610	374.048637958416	445.247458585834	794.181644553409	686.49479245875	384.610487682748	1063.30459885169
CG1371_OG0006292	53.9415737081879	48.2589263140795	49.3945780535082	42.1844995428812	56.5605771736321	52.4632576825143
CG13722_OG0011130	156.691609256998	248.081016554022	34.6998345947682	121.872601472791	311.77997415746	127.069331685353
CG13731_OG0011910	1200.22781901088	1371.09689281518	1614.21123336936	2315.97231451414	1570.87731780709	2377.63538048798
CG13748_OG0006626	1.1135892821621	2.59318486313324	5.95835860615156	5.54302875614629	2.64499816075208	2.35923356843005
CG13751_OG0001660_OG0	145.182363412668	143.792447248872	64.6174733075238	127.044778191836	72.1309611510136	99.3619961355276
CG13760_OG0007606	19.2930889634629	11.4095657031036	14.5056904920044	13.8064642860814	16.848109524245	14.8213931049444
CG13766_OG0009602	7.1305987626624	7.13410799939362	5.093767995404	8.64854522014849	9.52055292917058	5.75360037087473
CG13784_OG0000956_OG0	8.65187872644841	2.07298942265853	1.94957801382547	5.34257933702232	10.3650390921422	5.20571905621484
CG13796_OG0001883_OG0	22.4337269281797	9.49434282011122	7.73969744368009	11.3973904534494	20.5760456920623	11.400456532059
CG13807_OG0011075	16.2911797918714	30.2908760084731	10.9179721797478	19.2935563085965	20.059067560856	13.7224640765135
CG13833_OG0004687	53.2656408913828	22.9601947718777	24.3099686405913	3.25363558095568	14.893391219	21.5360538441081
CG13850_OG0004743	18.2831697901406	21.971261193973	20.4427925513896	22.742035829416	22.298347366277	20.1493559487281
CG13856_OG0004745	41.0734089078701	12.4186059010871	15.7624862589334	10.4968437145269	11.5167500686091	30.5879437310341
CG13857_OG0004746	1.31371153507225	3.58019464465985	1.0584743791434	1.29250199801882	2.4249046685682	5.22757608456308
CG13868_OG0007089	33.3002088188381	28.838442164254	19.8420308216233	27.3658840104527	47.8513305385537	27.5816409241094
CG13868_OG0013578	5.39421161459388	4.50524736986109	3.48963726407144	4.57076721903843	8.24066547454134	4.03178122813467
CG13875_OG0011381	5.11867161117243	3.30776070076647	4.87981851100542	4.78439656790368	5.28598232553586	5.44828000505924
CG13876_OG0001334_OG0	5.98468864717699	11.8522485053614	2.7482732364651	7.65230400960041	11.2083670842786	15.6560659341635
CG13877_OG0011937	26.2755553396947	6.86079995705439	11.9019866157089	34.2866254969799	31.9961357301498	13.7367634948689
CG13887_OG0011343	206.477354931742	264.682724463479	171.676674767266	174.680811765007	223.86763789349	200.882119266008
CG13893_OG0011360	19.3714977012305	13.972421781583	7.95797310738303	10.8958370459716	14.4538202907015	15.2578871558535
CG13894_OG0004129	11.3046677585204	11.3630443203299	12.8818749143507	13.5410633522534	12.6670292954635	14.7350813866898
CG13895_OG0004128	29.4829668849172	26.2826345620452	12.8326035889123	17.7819588508232	27.3445055329654	15.0032066187153
CG13901_OG0011344	31.1700362271096	28.1991576415107	25.0753465955824	31.6692451225723	36.9750157565693	31.2216190689107
CG13907_OG0011337	42.8980808167817	56.6635254896712	10.949406868076	51.5498260994227	193.370353719904	54.7767278051828
CG13912_OG0011325	7.19191618155668	9.32234872948863	11.4856524890219	12.646738041615	9.86550487739337	10.1922064150701
CG13917_OG0011285	22.7128403640238	43.3480189351944	33.3115882593127	30.9524243133573	61.2382267237732	34.6684143033455
CG13919_OG0011274	20.2212380919431	31.2365110826528	10.7301534429924	14.8452532668877	21.2436662608163	14.9045158342881
CG13920_OG0011271	12.6774915653378	16.0474913214494	15.4835856065748	20.6531953512591	17.0502900337304	24.809944498567
CG13921_OG0011032	17.1658976126475	15.3670035905342	13.4958950207471	17.1676106927305	38.8704460722638	14.1554476603427
CG13926_OG0011282	36.8312991197434	34.5197700523934	34.6895522730788	45.2061391289146	59.0777397471707	24.6082068131963
CG13928_OG0011279	51.4870344121431	67.7541631043744	94.7630140387176	126.45859993426	195.634758035306	84.3565816954222
CG13933_OG0011036	20.7212985473413	20.8218720740246	18.3209639826832	16.608809048335	26.6411698719679	24.4650870513877
CG13937_OG0011056	2.46336339185012	3.9544809543887	4.402381091836	6.51425788007482	4.86486153061879	3.46053058296596
CG13994_OG0011942	59.9446512540412	41.8121205150184	33.8556653536014	44.2565515262871	54.1224878488138	75.2772217374493
CG14005_OG0001926	27.5689630481424	15.1169859089142	13.5920732613836	13.140824280278	19.5205691349566	15.6120373359674
CG14015_OG0009446	1.76504691276562	1.97807222686367	3.65837632757873	4.71675339030414	5.04675546378796	1.55628076126713
CG14022_OG0008831	26.3554098411654	11.775586359235	29.6817656932779	13.3681802712083	13.2852582944923	32.3489099189025
CG14024_OG0003410_OG0	1.87683219667942	2.57589686456287	3.54801703829948	3.36582286737919	5.65012952028131	2.0049532580054
CG14042_OG0001816	2.61312217805801	10.5833265281366	7.14599790121829	7.82165187456375	16.2856898844863	3.50158534663343
CG14043_OG0003425	31.1257905429754	25.3554823140152	25.1504501450659	20.7550381786153	27.0442564049397	28.7378554708635
CG1407_OG0001132	18.6147311404011	13.5215276025465	13.7705446888568	13.397836461806	20.5889965633081	14.7010255092258
CG14074_OG0011836	6.28762340317142	7.53571004593812	7.03147558648284	5.42323239247709	8.40334702996594	6.97895113164051
CG14075_OG0001970_OG0	17.5711866172791	11.0308331651672	23.3788549647227	43.530732921539	14.3686459280961	14.7744376431706
CG14100_OG0009895	12.7013439213283	14.5757558718104	12.4542759477954	14.420970258187	13.8953717267891	11.4305300986245
CG14102_OG0010402	6.23934158853006	5.25025517736664	3.73755825334069	3.27967341454421	3.10585137645361	1.01076068541129
CG14109_OG0010572	45.2629628320131	56.9647612513101	29.000095264372	47.8741502760379	51.2345631658987	34.3906848165394
CG14130_OG0002034_OG0	6.78228480736411	13.2381689838544	5.54055608331495	18.0716021597673	13.5820769402206	5.22239879320301
CG14131_OG0010018	5.33828921955387	6.36642700127225	9.13299453551865	4.58479452727716	6.06144749256188	5.12730723688272
CG14132_OG0010023	35.563766300146	31.0410352146052	35.5558855349436	23.5730736018613	37.7899979892194	35.8593153445869
CG14135_OG0012575	5.285174456181	12.4428733138397	4.503634028642	11.5990029037954	12.3664102113361	3.76894927187291
CG1416_OG0009579	53.2045843976292	63.3222477637138	37.4717581868746	53.1189247186645	62.6432752055231	49.3023179186556
CG14174_OG0010991	8.81694057085792	8.8036707119102	6.36512845640226	7.88423444780406	8.97809640876808	6.59248992338366
CG1418_OG0006321	38.157945004384	40.755554418812	39.1759397505714	42.4211821923628	53.8863948327345	26.9121013792144
CG14182_OG0010167	14.0263087461078	10.9004268289181	11.4111502351931	11.247023757786	21.00635448306	10.3824592860121
CG14186_OG0010174	1.57847544035127	1.55688644219856	2.97803594689297	2.31316631955366	2.70300766739107	1.12453652147455
CG14194_OG0007468	37.7990860152431	50.3302028080355	47.8864788976177	29.0183148918021	51.5546328217542	30.8392202716703
CG14196_OG0007462	2.46577216386041	2.35968979576227	2.59828462976959	2.74710321726295	3.00414297940321	1.97125885969714
CG14200_OG0007442	18.968487555613	22.6976414272041	19.0244223970378	18.092144281568	35.7024735620247	25.8639305408309
CG14207_OG0007433	174.66383945359	164.567044531566	134.60938973093	128.823621342402	46.9085932555019	191.208171737698
CG14210_OG0007430	44.8872755671347	50.3865063331153	37.4054619184436	58.011195838649	50.5857522885175	50.372176002932
CG14220_OG0007434	24.1519279722813	31.3176902670537	24.9459338210789	29.0672461992935	49.016472897227	41.2713172804318
CG14223_OG0007420	31.9325692862474	42.6390500427631	15.7698030928031	25.4778839046028	49.5105860433206	12.5533636789369
CG14229_OG0003254	32.8910803153478	29.8505905049989	32.5429287267688	31.0514034835961	58.2230783577412	28.2048632695829
CG14230_OG0008271	20.5482068731329	20.5256103265972	17.4903477308902	30.6794318803772	25.566467735505	22.5890633783606
CG14232_OG0008270	31.2741677325411	22.6011998377531	21.7899022343788	21.201393698261	27.3628021569244	20.872276147504
CG14234_OG0003255_OG0	1.94995022541529	2.53353222809303	6.11176800490035	1.81322176106982	5.86827628293788	1.64716333112758
CG14252_OG0011524	13.3514088547696	8.38418199473912	4.15570097386082	7.3356661589591	12.5314551676921	11.4249027576901
CG14253_OG0005635	5.17618503088417	4.63705432836261	5.73993466555063	7.69964980278305	6.60199008784226	6.98317218707631
CG14258_OG0005625	1095.89706635649	444.824736898938	717.8968635709	362.917422648819	345.084846586113	1569.9814204182
CG14259_OG0005624	24.9107226362643	11.702272322727	110.258351391833	11.9032449896535	6.59064511253981	75.3011531461972
CG14270_OG0003240	51.8504730602607	33.2642949921022	30.00535375805	42.4128344507993	37.8553134922763	25.2348341897581
CG14275_OG0003488	12.1852637136487	7.90925544978834	3.96275093128423	3.58545402164748	24.8835275336674	8.15099731791327
CG14277_OG0003495	187.544225620984	124.006534169581	177.30060144561	104.05343695086	103.993159904021	67.7701094051391
CG14285_OG0004471	19.6935788494153	47.1454637274864	15.4995896219104	17.6194306014229	6.09492802335682	19.3581870387145
CG14286_OG0004470	29.4273907566642	30.259858042577	31.5688333318099	31.0050145231036	44.9866703300524	37.2743055199969
CG14298_OG0004460	22.0793283684395	20.8858949357865	18.8256006307827	14.8413742724297	11.0943625414672	14.9332155419512
CG14304_OG0005038	18.7287626990641	12.1922436520173	4.43044376988468	6.76400992242026	4.03152296810463	4.37216879365427
CG14312_OG0002475_OG0	3.28394767590642	4.06842173658785	6.61893092758783	6.63254963538608	9.51030461354144	1.42753592952605
CG14314_OG0005059	12.8835137576928	5.94661672053748	5.30524712229501	6.01198402569015	16.8915997559798	3.50616131641936
CG14321_OG0005573	5.55192662925487	7.40150953551651	7.03180465279777	11.6377036662628	11.6503352929942	7.79797831105061
CG14322_OG0001427_OG0	1.13179409342664	3.25809127019185	5.2725693513762	1.43048410196095	1.99154401187217	1.93938330067391
CG1434_OG0008228	23.7195013096308	12.1972562004729	11.4557313331755	29.8504212229339	27.1986998805618	22.3414410647653
CG14341_OG0009028	26.9199069406172	30.8719170165113	25.1237168149193	20.8203653441826	28.1266719188368	25.8168926507092
CG14352_OG0011778	9.33544369002108	10.0008668867572	9.2043795414024	9.65146180100864	16.7625252843656	2.93509613149102
CG14356_OG0004535	14.7870580184232	27.8163619904732	31.471909324929	33.7701391630711	19.0526341701094	13.1211337407205
CG14377_OG0000258_OG0	372.145858335699	723.141576895895	953.440094530838	786.816137981582	372.974515575352	1955.56565441181
CG1440_OG0001773	52.4784335405428	47.2747250389608	51.6913111838315	52.8088284673006	65.9736907127236	53.9393383541558
CG14406_OG0008360	1.96988762070539	19.4601978704816	6.62560644304464	12.1949419704788	16.1290432037331	6.4114101715513
CG14407_OG0008365	46.662309048008	74.0471859523881	80.3357967253787	105.723797463683	79.7756925703884	98.719098012459
CG14408_OG0008210	11.3522290011919	6.97428917194381	8.3067322036563	9.37529061216329	8.70262692190199	10.5557804800624
CG14411_OG0008367	53.8401794360687	38.2176597756638	49.5167612818893	40.1332702498444	62.3953678236907	36.3232997800643
CG14414_OG0008219	26.99637996113	19.781874271421	21.1548318455103	21.4518547996477	24.8285834873887	2.8797205990766
CG14435_OG0007807	11.741700449075	13.4173638424429	12.2826602060335	9.19722636426829	14.6922442249634	7.57773804325036
CG14439_OG0001707	82.791639407032	72.7620495804177	59.3873443028492	77.0715006742457	168.143684810872	83.1009263668458
CG14440_OG0007737	28.9803653416766	47.102341692215	39.1973475228924	28.3247921980019	52.5668048790813	31.0598552258936
CG14441_OG0007738	1.24491798337035	2.77620410876814	3.60426518383495	2.28862728762768	4.10050543949078	4.97950846352882
CG14442_OG0001705	33.5090359873774	42.6141355102417	30.9492587647269	33.5661582797195	53.8788542086057	32.0428535198551
CG14445_OG0008610	7.20649710956816	7.79643259144995	17.1151850810965	14.3188714604341	7.76105385178263	6.97890272533608
CG14450_OG0001958_OG0	19.0209220744142	12.2818942910138	7.17955538870117	10.5388633713697	12.1263772031124	16.3838379661514
CG14455_OG0009817	17.7418010528956	6.9449500901291	11.6812216056409	9.17539985717052	8.14899214739723	2.74022153746803
CG14456_OG0009816	398.098135746541	209.91749408264	156.260658770547	117.861006307968	95.4666109793959	41.7314841848428
CG14478_OG0005898	84.2056582316146	104.020064324817	74.7705569922906	77.4795833766058	150.047860232061	84.7340725775352
CG14480_OG0005880	44.4851051348196	61.2361781903091	36.9727359502979	53.3347340072702	71.8402785824376	37.3799028061005
CG14483_OG0005875	109.342826313676	187.225960059146	156.777910870294	206.824519264153	147.044008157954	133.691862482131
CG14505_OG0006689	1.72177029352034	2.35874302853994	1.83752027642179	1.66941695510775	2.92280403641091	3.80037070406634
CG14511_OG0005093	2.74442564247574	11.8402315291153	5.5378199455577	5.81565678766586	5.7541844156916	13.063175670586
CG14543_OG0005658	35.780494144885	31.5084315483864	27.8833912709326	37.9160823946777	39.697485355134	14.8400741948398
CG14544_OG0005657	8.48675126225871	10.1373396317713	7.62154270971426	10.6937532900504	11.8973461473834	5.88151237323451
CG14561_OG0009835	16.5229069737346	28.1967667812629	20.5498546207871	28.3651308073705	41.1013365167781	20.1183966034358
CG14562_OG0009839	13.7117445885316	13.9174362426626	9.92623217161622	10.5212547785078	21.6331044287713	11.1885469093884
CG14566_OG0009854	192.226439860694	414.429664693278	267.692837145911	134.759465788649	82.9572119575013	269.881361323141
CG14567_OG0009855	105.33534577126	31.9111313644325	12.589487387873	35.8548871118377	81.5187908830651	72.1371828548733
CG14572_OG0009853	63.8066353565841	129.655054123482	42.2260171349772	66.1347195861364	39.1635223459871	46.7719128047371
CG14598_OG0004349	22.1288801242989	18.4556095279858	15.1185875615104	36.4768394056733	27.6399211406062	23.8426280428239
CG14613_OG0008696	19.3500687275605	30.8594000805355	18.1897563448049	23.717505212787	26.9972802046024	7.12150307257144
CG14618_OG0008697	19.1805280513592	20.9202181848936	21.1169930872781	15.2028644351088	18.9565682542996	9.15743265832546
CG14621_OG0008692	14.6497586474299	20.1265646412077	18.9216629497148	9.70328042909388	12.6667580404064	8.63405361013347
CG14629_OG0007392	59.0847262031276	118.742923691498	103.171713444467	88.934978866895	68.2730242061565	89.4601893246777
CG1463_OG0008458	20.7600190232204	17.2809659600633	8.69745827438316	18.5567246273818	17.6788637142661	6.58327618572816
CG14630_OG0007390	11.281361737536	15.3018789822242	7.86072975751104	10.1033746139706	10.0022362711418	10.4241235141684
CG14636_OG0001160_OG0	16.4316608612269	37.3808313959954	17.7897156923022	21.0642337363756	38.9163000508455	1.93040594669163
CG14641_OG0007322	45.3390635506304	84.8458192821714	46.3649503400832	47.4752934938793	69.5696926615649	59.5561981624021
CG14646_OG0001681_OG0	19.3614106656021	36.2168803462595	19.3584541752673	18.2102619213487	26.6284898653544	3.75805685034006
CG14647_OG0007334	23.3894423041204	26.9573692922892	32.3445869615511	18.4382661953743	26.8244642666161	2.90302007074185
CG14650_OG0007340	38.9941401418571	47.1949804104629	36.6628384171528	39.6057097035566	72.9266276682563	51.2676123374052
CG14655_OG0011419	5.972183882865	9.73098285270843	7.80023934940871	15.2908852313587	6.39999033270812	18.1315913864166
CG14657_OG0004156	25.0330671373912	34.1383429033678	25.3194764689421	23.2442427366243	39.9142743946008	25.1729995612924
CG14661_OG0002088	70.2287860511264	44.7240850383428	71.2757525850267	38.5622416577473	37.6017727212503	79.5709899962092
CG14667_OG0004186	12.1537341496458	15.6498885024336	12.1892667145284	19.1601595058857	22.4478096058445	12.492007818684
CG14671_OG0004207	26.6006018456059	35.6096384031366	20.2123844984709	19.8488225153011	24.3790093783804	31.8488730646092
CG1468_OG0007551	9.90248584658121	102.173184506438	48.4751361959782	107.898165789765	39.5692267733834	27.0348608801909
CG14687_OG0004913	102.298406514358	202.800180175022	160.603328664214	143.608895878967	268.143833782558	220.165276523512
CG14695_OG0011514	9.88068923869273	3.09589766640203	7.29757414861936	11.3918707700832	9.89413537532844	5.68758800571485
CG14696_OG0005468	23.3239118858092	13.5789330182194	21.9222448885362	15.1868531479942	6.95750564048849	9.41224939649432
CG14710_OG0002485_OG0	6.5892992176922	12.3052415418031	8.78037302453187	13.8718179511399	16.0286206238328	12.2557438622488
CG14711_OG0005075	13.8510195646437	17.7010544099371	13.8526327496994	13.3066630930239	20.1616392774217	14.3134777974563
CG14712_OG0005078	23.260903999901	19.5600735649759	18.8846349738006	17.7671573779899	21.4956699542715	15.2579231014805
CG14715_OG0005602	78.9601390818838	104.358911290516	75.3304162230011	90.8268022355867	121.309017169507	64.9022370067889
CG14721_OG0005595	14.5712105430339	14.4678566835119	10.1973548339524	10.8999069431504	10.2201267196714	8.57342918432152
CG14722_OG0005594	24.1615280507355	30.8749165997574	21.958355188081	34.1142706687551	33.992485110106	23.994934603215
CG14762_OG0007188	9.28707852624595	7.41821211958204	14.0380828681016	13.552823035252	16.5811824795038	9.54874925133679
CG14767_OG0007129	40.8600867669935	36.9788518455917	39.8212850416388	32.4433305934718	44.335243207102	27.8567589141654
CG14777_OG0007668	11.7009198971644	25.3907320164738	11.7763926320022	19.1810908983961	15.2208543166302	9.91189966594115
CG14795_OG0007661	73.1119084961183	61.9885792963787	66.900179462698	135.744278209626	58.9641083412209	107.187310668984
CG14803_OG0007642	4.56334541555537	13.5439855450705	4.11715824749722	7.29794095788199	10.7451230739635	4.73263555993076
CG14805_OG0007640	42.8550295070908	35.1226179923719	41.3744309035739	31.8635436592677	41.0467620904159	28.9268301403995
CG14817_OG0003150_OG0	55.5814311781781	59.3261008105002	54.3449941200941	84.2032617695858	66.2913542499224	53.8967229303229
CG14818_OG0003149	142.396583253728	141.945759503423	112.522952682772	153.466994825623	164.081365634012	129.055299945713
CG14830_OG0010428	86.0681442793921	91.1233232184596	82.1281337115966	93.391748747315	100.299092074034	72.2415679730259
CG1486_OG0007487	37.33748201973	55.0818019643544	43.5605279001916	41.4343537293117	55.1943434751989	38.0251962701122
CG14860_OG0002256	2.78726452850964	3.93440401034049	1.71231414551646	3.03961620370875	3.78328549179824	6.99253874772836
CG14868_OG0005252	3.51551863746015	2.93682774363491	5.24067482206718	7.22571613828939	8.18862735283493	2.36235750593799
CG14879_OG0002425	5.46213558187802	2.69812433607062	5.33942760799691	5.16194464930625	4.28598054029195	4.30622274270466
CG14880_OG0004973	2.44550134777694	2.58730006804261	4.24577998376087	3.56661270343233	1.18476225570034	7.87532698908688
CG14881_OG0002426	12.3586389223082	13.4806239509904	13.928991875924	16.3672106632799	21.3104781176937	15.3098216619672
CG14882_OG0004981	16.5962338460258	10.1436261073893	13.96355662819	14.4466666537122	22.8028088023356	8.64609535273726
CG14883_OG0002427	21.9743644825083	18.9187235950358	18.3778945775537	17.5220153447583	20.9368833492851	17.1017896708361
CG14894_OG0004980	34.8438232934556	57.9599073775102	26.2857707399335	32.3608023444411	42.7863925196057	34.1988804681763
CG14903_OG0012001	31.3087265702975	30.3182750706247	28.5686919768195	23.0432989046237	30.5819519497489	25.942115151075
CG14907_OG0004996	2.12474001556864	17.8895568123508	39.9010100586508	6.80530550508464	9.09243472628537	6.51231227340729
CG1492_OG0008197	5.24600684277835	4.33469045864867	5.29876751940511	4.56748786130516	8.11705943173818	4.19198232308404
CG14937_OG0009699	2.42181451761559	1.40808431371444	1.43893155291315	2.90312860992773	4.24879471474826	3.89413652927214
CG14965_OG0012199	5.78180539139242	10.5535804960384	8.06185063483408	8.45248985379028	11.2601565553807	9.57790051849908
CG14966_OG0010653	25.0168381083971	43.1746565109546	28.3256390098964	35.6560935389505	43.9686069780297	32.2973998388435
CG14968_OG0010663	4.54488691326348	5.49610265835112	3.64863548754204	3.6664145694872	3.61092032989687	2.02214338312149
CG14969_OG0004005	26.4845535016908	36.874334377916	27.9142295327622	28.1348322665863	48.0037757166491	5.35986538728841
CG14971_OG0010676	47.4671024278078	14.702989951302	28.9068613313258	11.6186885233372	20.9932371226693	19.3146986497776
CG14982_OG0010487	1.19144536678235	1.81035444100751	2.21913763729206	2.59006642480061	3.77758185387669	1.53673594405418
CG14984_OG0010488	50.9405911726845	88.1161470883326	108.477881081681	74.9980231872643	51.6733029154171	58.0048762935512
CG14985_OG0010490	19.0607917317427	16.4210843980461	17.3610955577736	21.2868449938025	31.8791449688926	27.0001341436138
CG14989_OG0010505	5.86847244785928	13.3782214733987	17.5861593374349	20.2467083840068	21.1106245192461	10.0257893331688
CG14995_OG0001304	5.51042776689001	6.01621539874696	6.19296743021348	5.98264313156963	7.69732425109485	5.82700531643718
CG15011_OG0010532	7.60653706658464	14.8436410294347	7.13647961386609	6.93189247798406	9.84382939183136	8.19452555710835
CG15012_OG0010541	142.873963985101	109.57454913149	109.612170698564	96.2093209357016	161.175476139704	104.728036495128
CG15014_OG0010546	35.494630137014	25.5600681959904	22.4738798273937	28.550213654023	26.8579439506517	36.0204260897617
CG15019_OG0011144	111.929038872314	132.462048020655	83.1320507039652	110.716109321437	120.385954433764	96.6993002602036
CG15021_OG0011140	310.597675382694	363.849748940641	479.367226092579	346.041250522102	136.180153725059	411.562464095668
CG15027_OG0008347	28.4742995531406	23.3041259570886	25.4476063973769	28.9700302105446	26.3718639254867	26.1088736458138
CG15043_OG0008663	35.7249883366647	21.9895991047194	261.493782672211	299.239197311589	41.00980216686	1.76620432551549
CG15046_OG0008661	5.77700593626466	5.84406005634494	3.24527089817351	5.35214632579094	7.27421821510503	4.78832685940223
CG15073_OG0007231	4.44016791709186	6.76164972068042	3.58804343726298	5.9240736152096	9.53762516319679	7.08659659240141
CG15080_OG0006658	2.34357291074231	2.94611564450922	8.04618590532712	4.22881934227286	1.18016146584298	8.28737649266057
CG15083_OG0000899	168.424431933623	74.3901895685939	59.9256428971437	52.2702991316682	60.0643884476464	105.275592939944
CG15084_OG0006653	7.45368576343413	9.08790382646499	8.1180111047235	9.77262905377892	13.002012447651	6.49346069359845
CG15093_OG0002945	183.90143891708	314.073346061682	491.027563344098	334.271029798085	129.432634415907	413.725063660952
CG15096_OG0006656	45.9867762588567	5.50959458883374	15.6096413856278	19.9489330577661	28.0705826847731	7.20011501311284
CG15097_OG0001620	3.29966649928226	7.7779176742328	3.54130536839353	5.35738418995117	17.2823089946231	2.10795939991708
CG15098_OG0000767	460.769048411298	362.949279701389	161.716487233722	206.44617276978	347.494461366058	556.290821936916
CG15099_OG0001619	14.9615677329595	19.3488872178783	16.1198047907494	16.3150655145863	28.562954790857	22.922826396178
CG15107_OG0006648_OG0	22.7657390001323	27.0394789755262	26.0952533894329	12.2175348399118	28.0274563216778	17.3257650591368
CG15111_OG0006640	11.3433920672053	13.9652786385484	20.8790301434808	15.1802067615864	14.788209312936	17.6225903050677
CG15117_OG0006643	2.10680809258979	1.63844592368715	2.91283103158362	4.03771340107617	2.83018532961845	1.66348481098127
CG15118_OG0006641	39.132266590962	36.1491508448541	31.9285663045946	29.3178697434426	46.2595377886165	32.3215037445243
CG1513_OG0006327	16.249039144697	16.0378616311243	16.076889736559	14.5568550474773	12.7973436766293	19.1279438502397
CG15141_OG0009466	23.9586683524	24.7246038492389	16.3056047635426	23.859577572337	35.8573537632809	16.6295001452127
CG15160_OG0003701_OG0	17.2195887669285	18.7544181486888	15.0051587501859	17.3034725689011	13.9365128525814	15.0723488729319
CG15186_OG0004301	1.63874899597141	5.75991198104556	3.15979000538306	2.78748264750138	7.43547963308965	1.99390975880938
CG15199_OG0008014	4.57957159554627	3.10679097201076	9.74582698617636	4.3442615018367	2.1253602979283	3.94452489996765
CG15201_OG0008012	234.718776936342	145.19831742363	120.395826556065	176.896297278679	109.040815110607	63.5163363107745
CG15202_OG0008013	22.2229819950991	6.61077395586087	16.3698199384112	5.24657524132961	2.40997964448422	8.48598994691845
CG15203_OG0008023	8.23774576964967	13.8597509573286	10.7275814873973	11.7974807366008	7.87465783925804	3.58618041452104
CG15209_OG0001727	30.0725654175747	34.8753929483674	43.2142757888228	78.7275516971601	130.516009547131	40.9186303626593
CG15210_OG0001728	68.6125901818174	32.0681092323014	43.2519675593161	31.1233174414075	32.5754261501757	30.4551280439298
CG15211_OG0008042	5.06244694095664	5.07024949675664	9.56652208477992	9.74940662552675	5.19403619676057	9.69732034331895
CG1523_OG0005389	17.1979736975915	26.3923800794849	18.4231602772804	26.510755913645	38.328392823401	26.3592073971004
CG15237_OG0006789	48.2630544416606	43.8504961622785	35.6162787105986	53.4211091949752	63.6120027022082	42.5548406934006
CG15247_OG0007552	24.1303747055817	34.0206152442148	28.5402508508193	47.8249410041768	32.5077832370981	35.567411116979
CG15269_OG0008801	12.2987413762812	5.74920675611387	6.00450507002565	3.42806241144315	11.9311858553875	5.69722777240688
CG1529_OG0007501	21.7442589110668	22.2539642325247	23.6602828242313	26.260084344801	41.5609750895718	21.8735695102596
CG15293_OG0001249	16.3138478366566	18.4630792538915	96.3466695599745	96.1901174234385	42.1869614947037	42.8525970653635
CG15306_OG0000396_OG0	116.451738042103	120.049228917304	100.153175900824	105.045347240768	171.493683504091	107.116163640035
CG15312_OG0007533	1.17195107124233	1.41704750237808	1.0404412114405	1.10718414049547	1.6080778262337	1.22704375205636
CG15317_OG0012660	7.84832271532027	19.259004500352	8.13173401254545	18.9248700775585	28.2248322547223	15.0548773514869
CG1532_OG0007502	46.0678771320558	39.0628685815012	30.9769117271779	35.0933659145906	14.2853553525447	49.0355837435444
CG15343_OG0008529	12.5194815637073	7.58843022134749	11.9652455990059	8.03703306437061	7.87841721390863	5.8416025702562
CG15347_OG0003326	4.10883485042477	1.25156981219904	4.83538571086295	17.9658549929672	4.31349618316348	12.000257096048
CG15356_OG0001862	12.0663332956849	16.1146503345919	13.0177384690446	14.0599568221215	21.4132205907521	12.6122524275786
CG15362_OG0012144	24.4160456853908	26.0816123535606	12.0131692455817	48.0884665253476	17.6410475570156	9.6169166311095
CG15365_OG0007744	17.9475522466682	11.7643572888674	15.2901220306211	16.6746773099513	20.318340591064	5.29705741613705
CG1537_OG0008024	2.43449010996133	4.95363564110978	2.55253023534332	7.13448545050976	11.0485434995663	6.36298566359272
CG15385_OG0001829	6.07712448627357	4.54403348577784	2.68369940701124	6.52694869223988	12.7526772183104	3.09894638959632
CG15387_OG0008844	63.7782582486877	47.8777474434521	26.083057145213	37.1720710289423	57.907748141987	22.5561851203305
CG15390_OG0003445	5.76208270746696	4.14563004293032	6.02777458274957	8.55272115227417	8.95755487294862	5.4022174348911
CG15412_OG0008895	14.7592050905326	9.56056641795884	15.6387096510097	20.0965319927005	11.3564542958049	9.48199494683354
CG15414_OG0008819	345.065519924283	119.924776362016	179.418024018409	135.820030205837	182.597669812749	129.495692631407
CG1542_OG0005790	54.6086860584993	48.1813797339342	40.5481313790514	59.4104580844823	60.4389446340604	38.2264153175205
CG15431_OG0009003	1.22490837219365	1.95884793921288	2.77927507880542	1.68297499098181	2.01152283202976	2.58300309660499
CG15432_OG0009001	55.8955186767601	62.9739812301664	51.8422779260613	76.3270688255085	104.375989376961	64.0966093840496
CG15435_OG0008992	11.5011519804904	10.2105859425593	8.88689529218845	10.4364411771479	19.3238610086917	11.5135483474704
CG15439_OG0008997	15.2830195219056	19.2059319796018	13.0883326707311	15.3928492863411	23.2814733530559	13.8437570114167
CG1544_OG0002653_OG0	14.9802766624443	4.99738806345909	2.19523000156692	4.47490097953489	3.52918544570167	3.72560127989051
CG15443_OG0002679	9.71567840909545	31.1033559094872	14.6539221896635	13.2602879819968	17.3074797702726	7.9871246031919
CG15445_OG0007494	3.02354774873426	26.6133524071885	7.72571154149046	15.3673661536235	23.2209366522952	18.3051043831136
CG15456_OG0003128	7.68469844125769	19.8573602323495	12.1742007712402	9.3317975591977	11.3501396618421	6.92942228899197
CG15465_OG0003217	3.11716346670738	3.95605013849416	3.63531185758424	5.28171059874445	5.74005010721448	3.59998202713806
CG15478_OG0007966	1.3792365603544	2.79301481027072	6.16623919212554	5.12574620326272	10.9179939946094	5.36084108561409
CG15514_OG0005706	31.0932294040595	46.8208076496011	31.4646809350938	43.9412430126245	62.2308152347029	31.1926810495459
CG15515_OG0000417	180.082650434748	54.6099261572467	263.443096056663	477.710425970642	200.326323998709	84.8269784696158
CG1552_OG0008025	5.36921973424498	2.8886729532467	12.7535341092188	15.8159869528356	21.7548895859332	5.05754530724565
CG15522_OG0005714	1.5742845355564	2.93254738855151	1.6348444246973	2.63225924197359	4.29031480505444	1.21444490523376
CG15525_OG0002629	25.6659301814692	31.0562073179182	23.2489917597325	30.5506475354174	37.622076342378	19.9498245714064
CG15528_OG0005726	8.16823104438131	3.18459390684747	2.6811839157641	2.63797294586886	6.25640565505665	5.65222799831178
CG15529_OG0002637	16.1101221590326	8.00936424311973	24.7578687212345	8.64800883833811	10.9509577098138	10.040091369033
CG15531_OG0005738	33.3864668481821	10.0600312980059	2.59751124536812	17.940382616298	15.5050430044996	5.03800028957049
CG15535_OG0005743	34.6356799676033	33.4194315250621	20.934335402747	30.613413515202	34.7245627825827	35.2180018004154
CG15536_OG0005744	13.2606380590989	13.3809155152098	8.00343606387866	9.59022378826175	13.5233404813677	8.30924949726239
CG15544_OG0002649	1.89404879943775	3.44464977608275	2.3329397667687	2.21116589050221	5.20361599770357	3.9660499328445
CG15546_OG0002650	33.5603943968891	23.0641213268016	33.1432713340017	27.2559151304139	30.6531293267219	18.3701663695784
CG15547_OG0011554	5.25522775695121	10.0174532760505	2.06152471899112	2.32222364994845	4.88509508648738	1.4274597590878
CG15553_OG0012027	4.0405944789075	3.24702639084964	3.04029022136738	6.53739496233934	6.36060958605474	2.5889781589284
CG15554_OG0005782	6.22157265278602	5.17861482325541	16.2958313316922	14.340974265693	4.9873988172838	13.4891318548021
CG15561_OG0005791	13.9545739045722	13.7229917410133	14.5546816614962	17.5733623700149	17.8918739218958	20.0713480852956
CG15601_OG0008517	8.1516705916561	12.2405944737816	5.42988317308134	6.46647876874581	8.86779424099099	10.4331225462175
CG15602_OG0008146	22.104838119186	16.9949096199121	10.4150943229716	20.824979524554	25.0257378192873	10.3689970747387
CG15611_OG0005913	18.1772184326319	9.74645647391685	20.3785104290933	13.3422461849105	14.6455520521474	15.0629738263976
CG15628_OG0008979	9.71094263275229	14.0364372915044	10.1990169570264	11.6665925966158	18.7236072200447	11.7512620444506
CG15629_OG0003672_OG0	6.68283068689953	4.63624089214559	4.12007191373958	5.82936218955543	4.10231904952251	5.06883116556857
CG15629_OG0008981	1.95200181619921	4.01791931659966	4.69725609042337	3.79523530146892	2.17317436052837	6.35231804441516
CG15642_OG0008326	4.25588042952611	1.19107715410673	2.28022728414775	6.46201889621127	2.82672438049513	3.34474109228447
CG15643_OG0003303	8.73043365412968	7.5070085540724	8.59279495421769	6.49632800873908	10.7916019923153	7.03695072771246
CG15651_OG0006260	2.29904685721463	1.60325441633318	2.77941650149031	3.24253366816191	2.73758179172041	2.23550999761035
CG15653_OG0006270	10.3121152935578	8.33091195106905	6.78979364721824	10.2504449378415	10.6534658434234	8.2256570965259
CG15673_OG0006903	2.81009075058532	3.18404495265119	3.93050362790082	1.60251301917033	3.1586550822755	4.68767907747854
CG15706_OG0006115	14.4461712256273	23.1703325976388	13.2491348752441	16.945647224523	21.3205998848025	4.56351361083821
CG15715_OG0000342_OG0	68.0185865095541	110.765017120091	90.7795824250786	59.8429939620926	89.586460027389	62.1598400618502
CG15715_OG0000342_OG0.2	114.050071418477	45.1647985718168	77.1556163697312	64.6864230687736	106.047856272056	30.6108775704544
CG15717_OG0001758	94.4328216090357	63.6978954571969	76.7268078583014	61.0386498019733	56.9162398874445	9.74015484303344
CG1572_OG0007884	466.287049965025	462.344208918688	466.701139245837	411.818126882736	390.969075257426	438.014955973054
CG15743_OG0008406	64.7028149190521	48.830282335508	71.6366534711286	38.0642396214297	50.9699271701285	80.9124428206205
CG15744_OG0008405	16.4759639529839	18.9876774503488	16.7959908983275	14.085493973351	29.0783815768218	17.2676811557543
CG15747_OG0008401	14.2722178867326	21.6322127611176	18.1221260432188	21.3495105183091	27.4832493553417	18.6771419452383
CG1575_OG0008289	14.364645360424	18.0888306554782	15.3894708493917	16.9099711826269	22.3331423630438	13.4414667205631
CG15754_OG0003328_OG0	65.2022838787855	46.9547651371223	41.1690587200547	32.5217600407347	16.1829782945304	58.6927956206
CG15756_OG0008638	31.910288430603	26.4684518673758	3.98702963297915	12.0333426175393	59.5059781772808	2.99672622953264
CG15771_OG0008427	16.400686178947	12.3538409031131	17.3396083115066	16.2196557231883	19.7278603565728	6.12731878749717
CG1578_OG0008374	24.0588692895729	25.6253371215159	20.8370510188402	20.7210753149297	23.4060684829406	19.0489531890722
CG15784_OG0007379	54.7950541311739	200.654885596467	45.441585024575	99.4755698338448	143.327152730258	43.5094891589426
CG15812_OG0010644	20.503532559341	21.8771063158677	18.1860644645714	17.4929633571504	26.6821668738164	16.5853941060003
CG15814_OG0007685	31.4681236432986	53.6628521846187	36.325362143539	28.5175292141753	38.4378891046641	31.1963468593742
CG1582_OG0003224	18.9347812893079	20.6205431878825	14.3682101155471	13.6414320770184	16.433241576625	20.3616258318481
CG15820_OG0011918	3.80987796461233	2.52708768536138	6.44930390265511	11.4970593008146	5.76021024864888	3.31757614081106
CG15822_OG0011065	6.79268504673001	10.3033596027443	8.36890935069462	6.95749880393744	13.3522378599461	7.16425603927484
CG15861_OG0005865	2.10202060644639	6.9836972458235	4.37023484592678	1.62961811501812	1.50721510187056	3.17473331902891
CG15877_OG0011088	27.5898163620792	22.9293000348232	25.1934013298054	29.1782578086729	25.0570275568231	25.746116205366
CG15879_OG0000378_OG0	4.64721231401059	9.30768686864864	2.59313062351562	4.07277133738847	6.31750561237543	2.85701757116824
CG15890_OG0001187	11.3982407519349	6.82561773484069	15.0399103041008	13.580258170289	7.95228834296459	36.8879775038966
CG15908_OG0002982_OG0	10.4862715987522	15.7320883341926	12.121879333395	16.9185132778451	3.40576864518108	18.07892924936
CG15912_OG0007922	4.74752590834582	4.30056714108609	5.70914815568512	11.3116869946262	6.1209692714064	13.6738593828933
CG15914_OG0008152	5.67735972206027	3.95153125283433	4.27802756310308	11.4488751110235	14.7618602580555	3.74013584575934
CG15916_OG0012114	20.2211398810471	20.2253716458943	14.7086224168064	15.4550243480202	18.2178989432269	11.5922103341251
CG15922_OG0004926	29.7257604636128	33.3089777503447	23.3258493748962	31.6355869828182	26.8116787744006	23.7394817311375
CG1598_OG0006730	66.2534272318158	68.129784432309	57.2504685878136	53.7713499845662	80.1538936120596	59.6934338565071
CG1602_OG0006734	9.73317446704264	5.97113725142252	4.20884135271115	6.74464009370896	6.2929014738806	8.34058372562688
CG1603_OG0006735	11.3803246065635	12.534132587123	8.6272846919403	9.80717846604358	14.2380162266474	11.1207286861353
CG1607_OG0005800	44.9544319952576	57.7651343765482	54.5726488122909	45.3203467339099	75.8101899346429	61.2842268118656
CG1620_OG0006739	73.5987129530764	68.9232311689114	55.5402343896572	79.2932841084993	123.090905674507	46.5975295258082
CG1622_OG0008403	31.5536248805575	26.5807311000767	31.2695667345194	23.5066546096682	32.4064452519171	26.9796676712151
CG1628_OG0008054	5.71034896076311	1.24514529591012	2.22200849783237	2.97365237416758	2.50593766180916	3.72286668334807
CG1636_OG0003304	16.6301455519566	13.8443620559868	15.9523149340337	10.4301543914717	13.7812847881937	7.38753734779982
CG1637_OG0011704	18.233085614559	11.5366750363272	11.3849551718947	6.3771340777047	11.2037914509644	11.3509205681357
CG1637_OG0011706	76.3165299754023	50.7216714211959	57.432425391807	38.8210310336763	40.7754640119978	74.7831073094974
CG1638_OG0000351_OG0	32.2323351936552	23.9684870715509	30.1422791136223	27.9675471341646	23.6069328147585	33.7436678160954
CG1640_OG0003279_OG0	75.0211436035684	59.8915095367243	58.650089027202	63.3874396135595	39.3570569962657	56.5378192665275
CG1647_OG0001480_OG0	7.41278965246139	10.8950145647417	9.39772408268017	9.19311867217583	15.6028666791535	10.7973158928249
CG1648_OG0012291	531.317017431659	244.693109493061	441.917866905254	358.714064465549	308.319081574655	295.168220307145
CG1662_OG0008396	44.6319784285611	32.7293981684674	32.3896502503357	44.9174654148482	31.0960575599429	48.5990432486473
CG16700_OG0008589	10.4517294339624	27.7063442779728	14.0228840804966	13.2086476265248	14.6864934115981	8.17405248211582
CG16704_OG0001796_OG0	32.2501939916079	189.370019672181	96.3730417811962	160.664475967947	38.2623992767829	110.6583578086
CG1671_OG0006332	30.0608169927086	30.7291483378485	21.7762583617838	27.4841115677221	31.649613024643	28.8620365867453
CG16711_OG0010995	16.3354939309513	16.8613174018414	19.7095902437384	14.3126042563602	22.0894881653975	17.2606334771685
CG16713_OG0003393_OG0	38.1772142835333	26.6482860984448	1.64871277449851	104.23839009363	15.7347926610674	72.1216625699985
CG16717_OG0010999	30.0312281495313	40.5790045294967	40.071496053647	26.3802976243031	28.1617049793426	28.2426370054827
CG16721_OG0008416	40.7996804510145	55.4395828489018	34.9344033910663	32.3393664339879	109.392225547133	39.6296828033765
CG1673_OG0003278	86.6438596923039	68.1532273497637	102.62457337492	108.466865941363	95.7042203185254	75.9934919321066
CG16734_OG0002344_OG0	1.82705288887345	12.4821294328654	7.70453601960761	17.0367807837591	21.8812401991156	16.8899725307504
CG16753_OG0010636	34.8647293084764	40.554177658082	23.2175007412888	45.8692266209884	58.8329814812046	27.7212845428266
CG16758_OG0004080	4.53204366816967	16.2930841679748	14.6000410441567	24.3608243014654	31.806273574629	31.0254108051822
CG1677_OG0007978	101.724671664408	110.08534810179	93.3143675887153	99.0913152229666	147.191801680132	82.5298030475638
CG16787_OG0006851	15.2067935611319	18.6993967460797	19.6995841210692	23.5306199278247	22.3158797655126	17.1826410128984
CG16790_OG0005558	10.2109798352853	8.51547512931951	5.86975459720391	5.77284898309119	5.32168033415525	4.82426193189686
CG16791_OG0004381	4.62420289334859	7.16054855497438	5.37256376577324	5.41843666591585	7.32122425135596	5.12236561735835
CG16799_OG0006282	7.42300079667114	9.50606583084373	21.1827110081593	8.22029019220258	5.39278914385854	12.1790272745728
CG16812_OG0009235	40.7809576056865	33.1688262549914	33.4298094067545	27.5688750461403	36.0216223046726	30.3985816370547
CG16820_OG0009227	10.1456715610177	16.2054650113462	9.5725555219022	8.0320993225005	6.58564804375669	11.2745837867534
CG16863_OG0012355	3.80426628769095	3.97260940348066	1.56667062648427	5.32515305164049	8.2942018590906	2.25624895011788
CG16865_OG0009191	19.2871210821176	18.4158164550219	18.3174200030783	20.3954535173698	29.6971036956403	12.1697689995855
CG16868_OG0003046	22.9962151095419	19.1825712515443	14.3933462059201	13.2486109341221	24.0325926375137	19.4557907397861
CG16890_OG0009195	20.7830412393107	17.9690545721792	16.5977807298217	26.5359278436215	51.5629106065767	18.1663472581246
CG16896_OG0006060	14.866273205246	16.6449244143267	7.53167748534727	6.84280133402638	12.8873191847582	7.41814008652651
CG16903_OG0007799	66.9095064607854	72.0881004397188	52.2376034268951	36.91784653639	62.6202873867634	85.9111876994617
CG16926_OG0007054	58.1194547507331	87.6213641427546	118.608840850422	94.6595650366266	60.1516894778273	107.4855797529
CG16935_OG0007303	38.3945674010316	52.4170446410867	26.805467196881	50.5032772567499	37.9561237222171	27.8453897827189
CG16952_OG0008155	38.6558483415243	42.8431519971544	34.1074700992093	34.1040899039998	51.9856721337211	42.0280448213625
CG16953_OG0004931	51.3771922081662	51.2589699871813	42.6537766425829	37.2401060242595	67.1568699778227	34.0126968533912
CG16957_OG0003603_OG0	2180.0374752174	2225.86128561385	1161.3974151521	2352.15372947321	2957.56897486489	3137.73899420383
CG16959_OG0009953	9.12859118594392	6.32184422571501	5.82838631842752	3.38989955377721	5.38549893838639	5.73585047245535
CG16972_OG0009240	10.0662987467583	10.8205656978304	10.2608113926888	10.1793340593309	17.5528340962719	11.3330003508884
CG16974_OG0009775	69.3785797312066	92.4114973687176	85.6021937108341	67.2289490873816	93.1129154392486	51.2935814831535
CG16979_OG0009975	38.1161342767124	32.1033475442125	34.7860371790988	28.8923483848051	32.2572190238685	33.7660699002397
CG1698_OG0006342	9.23732598305613	16.4251572321342	41.6235127623112	21.3057708214567	10.5250722609949	8.84566355517472
CG16985_OG0002045	9.74772521008811	20.4743305887499	20.1060615665081	11.6976234460853	9.45806231997651	15.6638029749027
CG16986_OG0002046	18.3503163951279	24.3001455284094	27.6480574944232	22.5342787540929	19.2805138371032	26.8433675677367
CG16989_OG0000682_OG0	39.351006955356	30.7471547900291	23.0359155892458	28.7590105823852	37.6860501791823	73.8878045361035
CG17002_OG0006778	22.9959738117598	23.798547414615	22.6842824765188	24.5076745284743	31.99048960176	24.3586067178728
CG17019_OG0006669	29.4196940392462	27.3219170640718	29.3528517504944	27.7580403027166	42.0968679473883	22.1568223825631
CG17026_OG0010000	14.5278087354229	43.3825448275666	19.4017525450095	30.9823918831748	34.2112615350958	29.3655245573301
CG17027_OG0010002	47.9635413826151	81.9307764222972	35.4723918002775	18.4892230513599	9.14094824187574	33.4413566033523
CG17029_OG0010001	61.776781245719	63.5020515399193	56.8151177058144	56.7253599873778	26.4995921754675	24.8953525613311
CG1703_OG0008393	85.3687527913431	84.9096021700842	58.8725019357621	78.5142781444943	89.6190277197253	62.2215251792445
CG17032_OG0009996	107.944570806693	212.408489175652	208.539991802054	311.49098679691	236.029022931439	175.423904081517
CG17036_OG0009757	3.53834091464782	4.62923119699495	2.81329292559063	4.88933558410519	3.35289143989089	2.83434975823743
CG17059_OG0012083	51.7070528294905	57.0366855772062	47.5274927366328	38.6296466160579	57.8659616365314	76.7594005165238
CG17065_OG0008077	17.3036496726432	18.0884959336446	11.6511701385756	18.1384373118635	21.3643782267272	11.1658141491135
CG17068_OG0008079	15.2224906860642	27.5063917721033	12.0634522269415	25.8495043168334	35.1718216195399	33.5328590044129
CG17078_OG0008737	34.1986346157616	40.5297211781985	27.6808635287237	36.4670075904672	54.5081633459127	30.2352025045264
CG17104_OG0009356	9.86239817836216	15.3930635751055	17.7586941172276	19.821798260103	28.0684657300977	9.01974450683793
CG17111_OG0004680	8.96002823549923	3.30018682062227	5.5616161871176	3.39071948544338	2.10647403138031	2.96303365698018
CG17119_OG0004683	4.02331263666318	10.1092027166562	11.841919590055	10.5381785715054	16.2186557631687	7.5637457290415
CG17121_OG0004686	15.8606816634918	21.3159039077969	14.5980468154439	17.3884288573756	22.9911884480177	14.1218302650599
CG17124_OG0009636	39.1169960521105	55.3551091905013	56.1475860965443	58.6900237239987	86.3226054207899	36.0814953490403
CG17127_OG0009640	14.8202933046915	1.5452696755091	3.60042613212183	1.98058290427598	1.21596827668956	4.56278680281953
CG17129_OG0004130	5.36165255254152	5.01191366794881	11.4548017703587	4.74462803530543	10.0588045878438	6.98714948663862
CG17141_OG0004698	8.88672983702255	11.6033906174117	12.7985362351044	12.108724065124	14.6705310176789	32.0291078376219
CG17159_OG0003341	5.55906788652942	12.9408324364625	5.40844392076718	6.72672069994224	14.1637337461388	4.29690349837116
CG17162_OG0008713	7.27048452367721	11.8223504663649	9.03127667963838	8.92003442346952	15.5323824949792	1.65199569874966
CG17163_OG0008711	25.715670025362	22.8086635201186	12.1381100151311	18.1711897282574	30.4714732553474	31.9023752049162
CG17168_OG0008712	30.5868079456054	33.5207048311259	23.8528907784807	29.5141068937377	46.9381131858801	16.0179614171746
CG17187_OG0005453	11.0726139625736	19.3774890242986	14.0058652217446	16.5161113244335	18.4694042886126	11.386404621652
CG17190_OG0002172_OG0	11.6631967727269	8.91498844745661	14.4282481953969	8.82115619230574	7.32739269913323	9.62432559601556
CG17202_OG0004426	121.032196628733	115.767527932215	86.0975195549506	127.143130291351	190.762653564277	58.0041724027206
CG17211_OG0009732	29.2798768047894	27.5671057534832	20.5079225097475	20.9585074568936	38.185012160445	16.3759017051096
CG17221_OG0008908	9.77133201397641	16.0492602718753	19.6874562239587	18.8185107498273	18.7251871353216	16.1493879248849
CG17224_OG0001090_OG0	5.50521480294878	10.3541899281752	15.3889597457479	16.6515707711986	10.8405768274921	1.95554632376127
CG17230_OG0002549_OG0	14.5662723979883	11.5584446193497	7.36162621464222	14.3887902788408	22.0524953740061	9.41101777505399
CG17233_OG0010190	32.3520735791986	32.7630546435835	31.6027934856295	31.0224056723083	50.7914328562141	27.7321790855804
CG17249_OG0011273	23.9612849839249	18.1682745984893	20.2623003508028	17.6210041226762	24.7449774515553	17.9850552725831
CG17260_OG0008910	8.59471242841346	8.563558354607	6.55340385012383	8.14641449180615	9.25365109592113	7.75772216611852
CG17270_OG0002394_OG0	2.71484449883663	4.01080542791317	4.58181423485047	6.78889293755187	6.56545718017156	3.74444667888138
CG17271_OG0004943_OG0	75.2045388600202	86.3714573889335	92.0802946648529	71.539325165993	80.2822889940755	3.2527751934612
CG17278_OG0004414	34.0309276259992	42.5524940697788	24.5209808743925	32.8815087983752	50.5316698103732	39.5912233492165
CG17290_OG0000116_OG0	26.9232441711615	503.279058453291	1150.37123944293	294.126266704009	210.292862441496	124.159454237641
CG17292_OG0003481	20.9921847209763	25.4923746041159	48.8980827177572	28.5902720070537	22.8463856911521	18.4944615942563
CG17294_OG0003478	24.2941407140221	21.3242305517411	13.3326244433236	13.2553127484991	15.9043592324125	15.6701001182137
CG17321_OG0009531	3.94514577653525	3.11057915068811	5.45553807503258	4.99554877537633	5.15903342058776	2.36501032464945
CG17325_OG0011809	416.68984099397	2656.9612195335	613.183812642928	521.452524319483	594.165892331931	1213.96642640211
CG17327_OG0002454	66.22127350987	82.6588347111056	58.6377120909639	91.0775126705934	78.1717241521789	105.3968214764
CG17328_OG0009396	8.18630315678431	6.42697382687598	5.47439259729107	6.39748460156949	8.40848771620394	5.79662924285078
CG17333_OG0008037	28.0773496457718	26.3258186354166	19.3714378003498	28.2208351569114	24.2356476985589	33.1784020431635
CG17343_OG0009547	54.9035772293483	53.4644165416366	85.0921207259086	73.5990707684061	94.0093836374195	51.0631999655266
CG17350_OG0003711	77.0506910461285	27.1399956681885	39.6040606416026	32.3184451926964	32.0779068614487	13.2582078920154
CG17359_OG0010896	7.35484745884392	10.496161501084	5.35168492903385	7.51475527089813	8.89015215158736	9.475117521759
CG1737_OG0003219	77.578847756845	58.0876608082602	68.5186985935856	56.0246163358561	86.0811264904586	69.5619022884212
CG1738_OG0007996	22.1907332519919	20.9890834347178	22.9790188680637	29.1290548109102	32.2551846205127	19.8234086800625
CG17385_OG0006133	61.399944166008	78.0813360205579	51.0225764990571	63.0215034563904	23.1883094314198	64.1434968701785
CG17493_OG0001105_OG0	50.2047640017477	104.223865889681	111.946559422197	168.505255531395	239.560443061359	239.622795413469
CG1750_OG0012273	5.66480100651955	5.56421021612378	6.05438633623625	4.46562637366039	3.9649189327236	4.73297166928312
CG17528_OG0000715_OG0	91.6124061584592	49.9602703480151	76.4272800143175	45.3938955787163	6.06836729437478	39.1414807679983
CG17544_OG0001921	27.6579968197902	39.1467886808084	46.3628596742996	30.7609630072516	45.1454562390909	18.9981377459608
CG17549_OG0003713	932.235651245218	695.046917563416	466.308420552794	1092.41431080867	605.432352205339	781.633950140256
CG17568_OG0001265	7.40866800324034	8.04123022504315	6.52361134173464	5.01297123867758	8.57596950460196	10.5761903835469
CG17572_OG0009549	20.5894326007021	5.54864998295247	5.81712280817242	3.92051946951286	2.21661886926896	2.95529457189202
CG17574_OG0000908_OG1	6.21215222359417	28.106470506974	3.7912894336345	7.25302954603736	9.49430492237411	31.2389743589971
CG17593_OG0003583_OG0	50.3050417770052	46.574514435993	60.3876853012733	49.725599630379	58.0499393801078	53.7953959886492
CG17597_OG0009528	17.1455387625155	34.2003285879196	18.5677836938099	44.7250557685488	45.0070165165668	44.5559147288099
CG17598_OG0008699	29.978330334629	26.771552147391	26.161647004227	30.0519917702951	41.7127667612856	25.0674404810372
CG17600_OG0008700	38.3280705574957	18.47002613951	25.6728958683009	8.748477415975	9.13790951170883	4.00173669989493
CG17600_OG0011747	20.3234417402137	7.11275151733499	23.9768624862743	11.3725252535713	9.18135499594968	6.01411973065966
CG17612_OG0013021	5.18049371675798	4.95548185427624	2.07062702859544	6.09058996090368	5.63393473177522	3.50684186434902
CG17636_OG0007857	6.07511550930348	5.16996960404775	24.439918023387	53.2062433896727	15.1215706358405	6.61996311780127
CG1764_OG0008404	9.99507485494392	8.70828810475383	8.54104450211248	7.73514131212421	11.5989566394268	10.524393603983
CG17646_OG0009057	18.5742162212873	10.9457139029857	11.2862013063963	4.81368764601376	8.26624287864983	9.9800858760336
CG17652_OG0009056	13.3402518048497	14.4470740165691	10.2306098617746	11.025899190717	11.6573112043648	9.76728877394188
CG17660_OG0009051	33.0814816416507	33.1226266341897	27.0502259198169	20.8694525804491	30.7070084296311	24.4730864892687
CG17683_OG0001209_OG0	67.6693912042259	61.4937182873203	29.3335381315637	36.4886126628236	44.6375709645585	39.8179034302406
CG17691_OG0013677	2.85032209506252	8.62199400629273	5.97706177326537	42.8901819636485	14.8239600226408	9.33462126019254
CG17712_OG0009058	19.5373276007817	27.1042801869694	19.0219739900668	22.3676332882851	32.875901746779	24.3679931990856
CG17715_OG0002072_OG0	5.80552254091727	5.41490314744529	3.21193057404008	5.08046107074158	3.46292746443358	74.5245502475137
CG17721_OG0001483	39.8152919071055	28.6590389860431	22.9167220884026	21.3299833309237	36.8367150827803	23.5369445252696
CG17726_OG0005455	10.2746042574713	15.8994532664611	29.4227373668224	15.553360308545	10.2416553496673	21.4675200436618
CG17738_OG0004945	3807.26729808637	519.723561693446	4.3735538841096	533.747875963169	636.395136714279	510.827912212397
CG17739_OG0006189	5.89365639170476	2.96142401327603	3.98802146475617	2.67312372320293	2.12218661624502	2.2705772024482
CG17746_OG0010659	41.4492057918797	45.9242066980724	33.9965530927906	48.0609949239249	70.0188139032519	34.2035462812771
CG17754_OG0007573	19.4033847390185	39.5325616687183	14.7254010432791	15.1972066582447	50.155394308953	25.5949512316715
CG17760_OG0000117_OG2	23.3286840455145	23.4406882598295	24.3717362108481	16.8862642388136	25.3616429578671	32.2635827736641
CG17768_OG0003646_OG0	45.6503138485591	51.2959255791945	45.3200025535102	62.7606292876926	23.2689641919591	51.7521891465993
CG17776_OG0007784	77.6701675668262	88.5689803905655	98.5548438915252	87.1080060090292	82.380028285058	77.2530183498552
CG17786_OG0002528	1.17397008117733	3.70744465209719	1.99530300064406	1.06061782855965	2.31199063688885	2.51445739674924
CG17807_OG0007010	16.5587383967701	13.4629321248908	11.349259316713	12.6825543325516	23.904016117436	9.62534526637726
CG17829_OG0003214	9.55024370558327	16.1451288798339	7.93870072654261	10.969225812378	18.0126490525762	7.87229072237119
CG17834_OG0003807	6.85591688105002	9.12375506055924	4.95711328265378	9.97057087612015	15.9980672923353	2.44897329905062
CG17839_OG0010855	32.6593114221306	21.1734522183254	18.9994952631378	23.76570539016	45.8662166996296	44.0016835622244
CG17841_OG0008064	58.6770806642495	44.5256286866799	40.4252705020396	45.8172222631522	71.9408616135861	25.1651658383514
CG17841_OG0008065	57.9851455387313	53.0017812917318	52.5374665927428	48.2703460989171	86.6593444898162	4.14449303174285
CG1785_OG0007758	52.3560713515661	49.0422092901849	44.6248171134722	59.2952364981067	64.3717892454261	50.6993352803138
CG1789_OG0007756	32.6652849555052	35.1711932712976	25.3383438730018	32.6740255204256	40.1376568475072	27.4620028484505
CG17896_OG0001710	125.251059314056	146.791508558054	355.075239581133	228.231847394185	127.278963817307	221.522653579469
CG17904_OG0008873	47.8525426281726	50.3792336658288	42.6635211278458	40.8519418234661	41.6982434402914	48.3927383687974
CG17919_OG0004289	145.095914280709	106.291102622496	91.1594114666211	71.6629920700451	62.1206579790976	143.116290070276
CG1792_OG0005814	10.7042589535752	16.6647578652457	4.99750874693593	10.2875675609614	8.73471308473637	3.32592898969875
CG17928_OG0001233	3.02300168643292	9.06753039716044	7.30461637308098	6.67181192533255	5.35786565152481	4.32087034376432
CG17974_OG0006917	25.2498373348054	9.32363471718988	67.4463883958674	49.921484287964	12.6012418043706	55.144569939006
CG17982_OG0008295	32.9078731160805	20.8699283802391	17.0600402231161	32.0050908808634	34.8569452904637	15.9386850431101
CG17985_OG0006723	13.0376052284374	25.4026066381128	9.93168986669442	8.06767359269125	12.9026655937647	6.65741058660063
CG17996_OG0008871	28.1805342969562	34.678910663524	30.5570947397458	31.1137842154412	31.3279670595505	31.306383215893
CG18011_OG0006301	6.17802509222603	6.60339529167612	5.78158695352214	5.55663487274137	11.406512334667	5.61661055246754
CG18048_OG0004291	17.1165552521702	10.6253661982215	11.386467984452	32.6516443697977	20.325166487069	13.1975220820572
CG1806_OG0008198	15.2871500348142	22.7139811983614	14.954142441868	16.4119879033281	21.4027343439412	15.169606204247
CG18094_OG0009086	2.79264016199132	3.50250811442893	4.00202972469645	2.94963161635605	3.92968677310325	2.47086180517558
CG1812_OG0007514	9.18817015517095	13.6817971781118	8.04600067717893	11.0317721064294	11.7924351755891	11.5288398816675
CG18135_OG0003862_OG0	20.1036492977218	19.5850675151368	13.8554131755494	20.4924790144171	23.5642985980789	12.1922698062388
CG1815_OG0005816	17.5951138895507	35.8247006158878	24.4396655024618	20.1155905987631	37.9776625820081	14.9860414836689
CG18178_OG0010992	50.9731837971427	45.8285214776928	41.644317694782	43.48776835585	49.4815404494916	28.586916478747
CG18190_OG0002943	27.377403457766	39.1600681808171	15.2424962105623	26.5988382115411	42.552423089538	33.3765166155716
CG1824_OG0008460	10.3199191749738	30.9395745231461	11.9887550364045	24.8527550926657	24.283677634267	11.6710487850288
CG18249_OG0002315	2.42043774192616	2.90808523389379	3.76915445407713	2.67613488194425	3.55857264606167	8.98954992312209
CG18262_OG0008301	13.9450403707683	10.9442566257887	15.1427511542507	13.8041252106611	24.4844529266876	20.6240336736628
CG18273_OG0003185_OG0	17.221796947759	1.80557788016566	14.0808872003505	15.9901182886841	25.2070076513293	16.8455697180779
CG1840_OG0008205	55.7338645619305	20.2391802689825	19.3907400985179	40.613153551733	42.0560301071527	46.8982859664247
CG18428_OG0005320	53.6650013602744	53.536547790313	31.9578338210595	27.2903822425153	42.0501831885818	35.1626118280383
CG1847_OG0008209	12.0516095279571	10.0561645974176	8.89275806281817	13.3963760428954	10.7020015353498	8.06358568897664
CG18476_OG0005601	5.95073322941347	7.43919725910955	6.2526912667592	6.18827793766908	9.71430605098012	8.03155311550534
CG18507_OG0009200	37.1762839861417	25.7120605808617	24.1954020402473	28.8677115401406	40.1996512840212	18.7511727892811
CG18508_OG0008121	75.4583696742271	50.1952002075657	50.3097099964156	56.3800676742004	70.3803414791318	74.5886120384599
CG18528_OG0005282	30.8276616909605	29.4872150339777	13.5878207784595	28.7236466104551	40.6791081212657	10.9300970017758
CG18547_OG0004962	7.29731436895614	15.565812119981	6.29625061829328	21.3799478510461	20.1248375257318	24.460066104646
CG18549_OG0001022_OG0	35.982167772131	11.5870073800174	6.10919674593496	2.24274696484694	17.7364020766297	4.10198192112729
CG18622_OG0002433_OG0	6.85095573865923	6.27968506105114	14.4069938402937	8.98222789557059	15.7517562219819	3.67461876707936
CG18641_OG0008843	10.9233819629155	4.8632230307164	2.27502538283714	3.81773014316229	11.6065242077987	6.9366529257822
CG18649_OG0004041	4561.57436230177	337.834853130215	440.878343828569	220.517105899485	261.91022808705	139.491874182687
CG18659_OG0006390	13.5664389364896	15.2209952715441	11.7141366472457	10.1322896249361	27.8610630993324	10.1068424666363
CG18661_OG0009300	3.38407576943589	15.9808159179642	4.84961616711152	11.334862760394	23.0903022715408	18.7147061345285
CG18731_OG0011548	56.8684926446909	57.0865412687955	34.9444977062465	37.729000348228	53.1649359704271	36.8596267894353
CG18764_OG0005077	3.46589169634747	5.6145987643002	4.19441018886243	3.85470185964544	6.82521246982718	5.92637767511098
CG18766_OG0005375	76.5899140667762	65.5835614528158	56.0439149621646	64.7679869747264	116.497911562903	54.206992050375
CG18787_OG0003778_OG0	10.841700633186	8.27852848388076	10.5598706898849	17.8766028101057	16.4330066054403	9.6642129516036
CG18870_OG0001646	13.5037679553216	11.4110478020673	10.2770180260293	10.1158163731178	18.5002298870474	11.2461188589569
CG1888_OG0006362	16.8249455459586	21.0946840491425	10.3045010235768	11.2454760294353	16.7325979898831	15.0233514315169
CG1890_OG0002663	115.27663475511	196.159659129936	137.946782899836	183.012754918296	253.015477997197	163.011393068404
CG1896_OG0012030	20.9530204263552	21.7039293940796	10.5154530484716	21.859045703447	20.923381101904	12.6774899816049
CG1902_OG0006352	72.4565341515089	70.5025768082341	56.6563355946698	57.1370425387169	66.5396664211213	65.1876330620889
CG1907_OG0005115	90.6807904347945	130.600736230476	127.233909987026	169.29643797732	103.093363692195	168.925534839228
CG1909_OG0012739	1.53221256648986	1.78884969272928	2.36208047411589	7.0353969275509	2.88658666487032	1.98371699078924
CG1910_OG0005818	79.5543766686015	103.74519032032	77.4352856966917	92.8571893346148	127.745982026329	81.7301506987158
CG1927_OG0011062	35.2922021920613	31.4949303241353	22.6921155611229	46.1703433109299	43.0262309085279	22.5633347801877
CG1941_OG0002872	6.58973338973966	1.44630883284255	1.1796837919292	5.30978604226899	11.7997649325946	4.02129859416108
CG1943_OG0000727_OG0	792.613193177825	717.477727048972	493.299878296469	561.674253555775	1010.22143659387	106.759515639448
CG1951_OG0005606	11.7446699644614	13.8146934166747	8.82615094959524	10.9515196174986	18.3645363844929	11.6062756655539
CG1965_OG0002115	19.3629003432477	26.800121971279	24.1359890266429	15.7645316459816	31.3666669485907	20.2943002823114
CG1983_OG0005735	15.6014382627305	17.9906827194323	18.0277014023629	19.0648456328818	27.0735030056755	12.0722804673317
CG1998_OG0008641	8.09479862476975	12.0701759716453	9.92784317701932	5.57092303211097	11.2577968138087	3.50993825505887
CG2004_OG0007759	56.1446639144866	62.0278194024902	38.0609332442958	42.5203268303845	57.6240539903631	50.8639870876272
CG2006_OG0005109	14.3575622009709	13.3906992294123	8.52437284732441	12.5387071439002	17.640130027969	12.4158532970836
CG2016_OG0002089	6.61155049148439	17.2005417598116	1.29891617009311	2.26162159582357	16.8902379837051	1.69882883618969
CG2017_OG0004253	65.8353035166528	74.6540085589092	48.0473019335725	59.5011547943984	67.312668812727	74.6503012917384
CG2021_OG0011038	59.6276135133259	51.113378874555	36.0065346172809	45.1488654428087	59.1363489339449	45.9569042384753
CG2034_OG0011073	33.0350345889411	52.5486741244453	36.7821781070844	38.1148280337563	52.1690082569077	35.1335071126367
CG2059_OG0007977	21.5313952100506	16.9629278995931	19.7913366186079	21.8547270059335	15.4627407112206	8.79690637121751
CG2061_OG0008020	15.3421188393836	25.6626846115102	16.0546637632502	24.213520712431	36.278438459211	20.4621739084901
CG2063_OG0006379	34.7300487958491	44.9204735908829	33.1982580483108	39.2037593860951	51.3416663713442	35.1503769469662
CG2076_OG0008021	80.6972674389518	61.887106581163	42.0632475174525	59.6649998292319	60.2056341600507	49.0082134040986
CG2091_OG0004239	26.9675482424631	37.2907216448663	31.7060270896731	34.9891648673089	41.1177164026965	28.848626273894
CG2100_OG0002099	18.4834270853409	26.6185086572747	13.2986270206947	22.7793673836588	22.0438361044373	25.1141960806602
CG2116_OG0008292	28.4822969046535	29.7490284817713	20.9134445069687	29.7371448851987	37.6612586984233	20.0528323521569
CG2121_OG0003053_OG0	32.4744806626835	13.1603862083332	10.213567181733	4.60127288536805	37.799054205623	2.17560110213742
CG2124_OG0008055	7.56871123359498	3.85922729137171	5.82458203201304	3.56054070801911	4.96384584167694	6.50059615979085
CG2126_OG0001525	7.68449687521246	14.6645191251634	7.16109752659381	8.60439211141166	14.3698661181632	19.7402059491325
CG2129_OG0008297	14.4186255929495	10.2222055501847	7.92295426320891	10.7798900646222	14.9375230645035	12.412328573107
CG2145_OG0008029	130.697141307921	133.917065862185	117.997726368351	115.523676554892	93.3787246507835	123.581418743767
CG2147_OG0008533	47.1772291339451	68.8562827569004	68.6973810076957	42.5834723743721	50.8549345082574	44.3974777981597
CG2157_OG0008033	11.4429694669492	3.11834016040959	13.4131408817316	7.51210097172831	2.99632288107267	16.9351187908474
CG2162_OG0010630	21.5337234702767	19.3762412989041	23.0321015413127	22.1223722689867	29.7659410544436	16.7718309204698
CG2182_OG0004229	56.0665868943663	55.2745929976917	49.1514735097098	46.0478036486807	69.7964048747876	38.0095495372283
CG2186_OG0008034	22.0698594320628	23.306912889057	26.3430557697953	20.679682372555	31.192380481537	24.1480395835107
CG2199_OG0011305	34.2689042847916	29.9954854343092	31.2118074112126	30.2845342323666	30.7508500466892	24.8327609677911
CG2200_OG0008433	19.3173364104974	38.6738034972002	48.7035661186206	53.9027025363205	47.6031811845663	4.22255234843773
CG2201_OG0009572	18.1321587161468	2.88722663128225	6.71483018663115	4.93584634787011	8.64164842603307	3.0191698033006
CG2202_OG0008036	16.0119379047254	16.7095911595661	14.4386358224352	18.717082174872	24.4778904649937	15.3583992540572
CG2211_OG0004116	14.1500000850909	19.9556163299922	12.1531953911235	10.8171075783268	20.0717462095174	16.2647769955505
CG2217_OG0012271	2.89944728956067	2.17955600125764	3.88212790117004	3.76470663432288	4.7458605584111	1.80788898842462
CG2218_OG0005745	51.7066452041715	66.1908412962207	49.2797798854528	47.9507918323361	72.63188967983	42.0347758287571
CG2224_OG0005748	22.3433173532273	14.4742641160351	19.6958737289917	19.5033469738299	21.7291951560865	22.586620709782
CG2225_OG0009575	4.15169443840037	8.48111189379091	11.1016784707007	5.00515652955462	6.83012520846776	17.5440498386697
CG2233_OG0000401_OG0	3.76330353428366	266.345722405839	442.537030671295	2.99687953508275	16.8942538943645	4.03079710151511
CG2246_OG0005762	44.3809410779302	38.8182757121403	39.9727665262857	47.1059738690804	49.9572818108156	41.0036623651158
CG2247_OG0008394	25.1363345876702	24.5406906496955	42.3144316323976	24.7900803433782	47.019673346828	29.1709134895989
CG2258_OG0008287	5.11761255619972	8.13382525458763	9.69754951319035	5.35353364045246	8.77017854959644	7.2353157352377
CG2260_OG0008290	23.8929899295804	21.5338737423201	19.439666041058	25.1421357071998	26.9709266911091	18.5490469508142
CG2269_OG0006295	10.8480252764618	10.1535158366592	27.4363042847824	22.1402332671872	30.3185507632585	11.9097809183659
CG2278_OG0008536	4.01498735667262	6.01100761056902	7.48236856897782	5.13258791421467	7.88227482300495	7.12625639661453
CG2310_OG0005111	85.9585197381086	85.8046836263505	72.9777737380978	56.9910094733969	134.484749020061	51.3149826893443
CG2321_OG0005108	4.14265235259337	4.9141728635109	2.07113366084493	3.68079910111085	3.18767880055451	6.56598292510349
CG2444_OG0003276	44.0496784128513	1171.03780162137	14.2483674567218	632.846674383855	2402.56404210251	61.3896046921636
CG2519_OG0004203	15.6109748785177	32.4130780320569	28.7116251899884	16.029052487264	29.9754370666961	18.4786690232628
CG2540_OG0008454	6.75522186936743	7.46739031862877	5.03121698131629	11.5455166991315	7.38553055757518	8.20462905545679
CG2608_OG0009425	20.2426639223742	23.9878371995581	21.9324565316305	24.6410376846529	27.9393709066092	15.2227080174582
CG2611_OG0009426	20.5682258030797	18.014095379349	11.2526122234394	14.9817051781237	28.732127902295	11.99718456226
CG2614_OG0009427	16.311439986165	16.486586113478	13.6372636427456	12.3505520824578	16.9019085595425	21.2541110654776
CG2617_OG0003664	10.7242379171135	18.1031161349764	9.92214192893591	6.41302971584727	24.7253581927967	6.51042953229834
CG2641_OG0000315_OG0	26.6605680347642	8.41091118592854	37.1315283143041	25.5028903700768	38.0076462917275	40.2424033696697
CG2656_OG0004324	16.4210362101017	27.288808036548	15.3269521949573	24.1100955127885	22.4333142763992	12.9701231032309
CG2663_OG0004190	156.33399458336	37.8729635092491	22.4908224157067	19.2202984611433	62.8872692794095	31.3191470806808
CG2680_OG0008092	12.6198601671146	2.30456503004976	6.13651051448246	4.29357733690497	3.59522301765214	7.65823752251385
CG2685_OG0008094	21.4594979753806	24.3902995062858	16.9882996781545	22.4592798851147	33.4722620665119	17.2898399262373
CG2691_OG0008265	32.4199942644489	31.1082753099976	25.9003130054139	30.7513082233104	36.939671502497	33.6495357794784
CG2698_OG0002298_OG0	24.9401221383514	55.3522653876496	49.5489815252514	40.400055996331	46.1281620784635	15.455206546599
CG2701_OG0008095	37.8035258918624	30.7813565054078	24.322800594017	34.7423934586884	48.9874680214365	18.3331120656719
CG2712_OG0008101	5.42305354200211	7.26555690604108	2.72856254825296	12.1112853509429	15.9547378640905	5.1334356932495
CG2736_OG0001538	17.9357557263882	38.7254599366295	26.4323852386767	35.6879989488505	26.6242478650187	42.0376541177202
CG2747_OG0002294_OG0	17.70297023692	21.8453721889989	18.9156081318528	14.2070347219196	28.3232675873162	5.38672274968755
CG2765_OG0005861	25.2314551010771	21.9401637894883	20.3967404278975	23.2256817067028	23.0253350059823	15.6936934428325
CG2767_OG0001410_OG0	96.3019109383754	113.242805631494	115.078305904251	64.4212365055579	98.2313736172631	6.00124375465672
CG2790_OG0005863	20.9603657193763	21.2098912904701	13.3609517180015	23.9896474783876	29.8896819029313	18.0046068379798
CG2794_OG0008764	21.0917249643164	23.3771024310753	24.5879012242309	28.2637673777668	35.7994355750849	34.4849366622849
CG2811_OG0002699	57.2837904148048	51.2683481326227	43.0040831399652	51.184720705787	58.2865235620139	68.178416394257
CG2812_OG0006844	27.3283328374691	27.4954205552058	15.5922711626362	19.4811145453629	45.1648552733877	17.5460113543664
CG2816_OG0012132	30.9542767489411	24.8097307091117	9.6151996763435	21.4894880964665	27.7753614605171	11.7729260788796
CG2818_OG0008788	48.2798700308125	24.8221616450219	20.2181514463547	25.4649147117609	40.8025686497244	21.3120892716337
CG2841_OG0007597	41.1731858590825	35.3631258487489	27.5638683805521	21.4684297147174	27.9971187389268	37.0657197412841
CG2846_OG0004373	17.9842753151144	58.9685049668648	47.5650157423089	30.8709336777302	33.0911100382965	38.8858068363761
CG2852_OG0007004	877.490181074976	1054.12980631563	639.235765712526	772.730841361417	1330.34635194529	610.460712036136
CG2865_OG0007592	6.07030583966177	9.99190686166001	2.359306281718	3.15520684525112	7.54028319795612	3.72735208630134
CG2875_OG0008138	30.6346455116612	32.4501005584304	23.421098489826	34.0578210338951	42.0634951708063	21.3584873902614
CG2889_OG0008060	14.5014798733678	15.2871722400621	10.2874187886019	11.3453928111651	17.8109867273182	7.65060509107897
CG2909_OG0008067	7.04042988641416	4.00142502591231	2.74470843714028	11.3070942200583	12.6271348280339	10.2647904793491
CG2918_OG0007767	195.520366945566	181.602937067994	156.895721159477	141.106081001485	188.660214908159	113.219680384225
CG2921_OG0001543	21.3758681390567	17.6837472606871	17.5504531850098	22.2458143408757	28.0069631865672	21.5209021442006
CG2924_OG0001708_OG1	23.9320862340606	36.8811784562511	18.1779258548514	26.4767733901462	53.3638108086506	24.2920865031489
CG2926_OG0004211	34.5011940015134	46.7548764027053	37.9480100020195	31.0601909697211	52.3179358155798	46.7528858805975
CG2930_OG0008503	3.89713315381472	4.53955882893814	5.38793630865338	15.6501295122319	5.94667604347288	2.69708053500772
CG2931_OG0004209	31.4558480749867	37.4227667287566	26.7785778905939	35.0185217594894	48.3181416905163	28.2431059699282
CG2938_OG0008500	8.41356499047457	18.9475978437601	8.137490154208	9.58116929642819	18.1021955522478	12.970375061782
CG2972_OG0007531	36.1538661748626	44.5458596580344	29.7003528387297	53.0019827136879	55.064933896898	32.7948094493224
CG2975_OG0003550	9.80674282827353	4.6760518202999	3.0736591544278	4.67157961714906	5.40932359137918	2.2512428631875
CG2990_OG0007537	2.84843409431368	2.75310810212733	3.89886346621873	5.05668734358653	3.91330237176894	6.44700198870575
CG2991_OG0008931	31.3118277841324	32.096363309753	32.9878155902074	26.0383737135069	35.3486754774299	20.6537332800865
CG2993_OG0004364	1.98752738069701	2.23520089383089	2.28770742623038	3.33409992984624	3.38559670745355	2.41126478643043
CG30001_OG0006339	6.40911279184497	9.30368706052725	7.78318717892885	4.91948031320576	9.01895877302586	8.12061405405417
CG30008_OG0001603	10.9520203723935	3.28919001816576	3.39648455384858	10.7222462441391	5.7772613800386	3.74024257666676
CG30010_OG0006331	8.70087842902153	11.6646620188865	6.72159340325825	10.5375150917998	6.55220447973795	11.8633006813846
CG30015_OG0002857	40.5198104752708	9.00536372299694	10.0498295646261	10.256899595959	15.562258831028	7.25350480820343
CG30020_OG0001594_OG0	13.1832963451255	20.7530456722323	7.23375337587102	14.5734759801359	26.9443942244542	18.9416933182566
CG30046_OG0002776_OG0	3.30025881610494	3.64100452734612	2.27897838869051	3.28517287579074	2.99843457896525	1.96122770570109
CG30069_OG0001138	58.4520372182787	49.9055963727438	40.8897933798076	35.9394496467276	40.1034112423019	59.8090712828906
CG3008_OG0008970	32.149290829367	42.4785144893391	34.2653377391607	47.1287821747216	61.239149969109	36.4207917088349
CG30089_OG0000773	2.28069400869309	2.10493130556871	1.79566791448248	1.31260251731834	2.54545737433965	1.69324682445513
CG3009_OG0007912	4.46961448508663	2.25297155814199	3.71624199752276	4.4277132341475	3.31001087884648	1.93467532960711
CG30094_OG0006514	12.7992717013323	20.7758748407779	13.1850174562591	16.1009048843638	21.9512221493393	12.1278861702024
CG30100_OG0006489	31.8434811637663	33.3330968243219	33.778875123469	36.3749355258987	31.7451356380999	18.8762526549866
CG30105_OG0005872	19.6080160369269	18.2510046101759	15.4132801092242	19.4098943564944	21.6290109180687	27.6945697273708
CG30108_OG0012049	6.60379393585327	16.8629575140801	4.74438887792132	8.73014152430938	17.2505267603582	5.03286877863122
CG30109_OG0006067	24.8968718486188	34.6658652662683	21.8010582615816	22.7990600117529	31.6228020727756	20.5780979768625
CG30122_OG0011660	95.9706584138672	91.6803576605507	82.3748298820309	83.1836291425547	124.615576776914	106.638995372825
CG30148_OG0007101	15.9425690684652	8.04536878046912	1.32985049612864	35.8090043951553	9.91087889283375	15.7142839474034
CG30157_OG0006780	3.75750152353773	4.68684259920221	2.8958256096707	5.30066876402608	6.16596945570969	9.5936872934754
CG30159_OG0006777	134.807217871937	132.151504503341	129.618937097753	139.603922692398	148.702763628723	148.909074912408
CG30183_OG0000758_OG0	7.43991396529042	8.23100421993516	6.02061601923887	5.67318831783359	14.6753456598138	8.44033694065137
CG30195_OG0011953	11.572147238692	8.09888135916837	25.5502718669338	14.6526707676692	11.1586458858664	16.7675409351831
CG30196_OG0007001	54.3462409866808	47.2363782878009	60.5148547116063	100.493639308987	87.0823515503876	62.4095558013623
CG30203_OG0006190	4.60460600594091	1.84474122407489	5.6169106977528	5.49249260119608	3.93416269415098	1.8208028695488
CG3021_OG0003116	14.7633547660438	21.0220122085372	11.7021148848874	18.6857181846654	15.8918205109175	14.3396673287881
CG30269_OG0006996	13.9882604602067	11.9797626264943	18.7657475550559	21.7763472436624	15.4585956436073	11.5024588926794
CG30285_OG0012931	11.9771954597545	8.88166282546238	94.5020412151865	45.0590241324334	39.892399411011	224.970114133375
CG30291_OG0006263	44.1181272220991	54.746592864211	41.3288970800954	41.0862690453284	50.88665423643	47.3596548206328
CG3032_OG0003180	10.0539375410135	7.63786378004157	6.3750835021655	7.49039794351758	11.798892566046	5.6404478541633
CG30344_OG0006385	23.5674846252059	11.2886219301547	16.0672135132667	18.9519121844027	33.9954618767382	17.1634437786138
CG30345_OG0006384	2.65104258423548	3.51970677656072	9.29574356873698	3.9888320618292	2.17927901984889	2.91754048585463
CG30349_OG0007116	25.8069595796732	30.7460828299751	18.5206364985389	30.3966284839024	30.1874501914758	26.1572040378003
CG3036_OG0008968	25.0272801078088	22.1881676042092	10.9917111773381	18.0978364303865	18.0107132604013	16.1281492495701
CG30371_OG0001667	138.550305179507	37.0273643011557	21.3702779882667	36.7618300943405	52.0654313815117	62.6383256274598
CG30373_OG0007171	23.9701038678906	31.4778456949748	30.4084895620817	25.1607032467445	18.2152408560775	24.233424670966
CG30377_OG0002861	3.17533680163726	1.94522607310689	2.12310428406486	2.23693430620339	1.60775407535799	1.49605700286333
CG3038_OG0007852	55.2027233999946	45.454500468284	35.7242722663228	30.8599549381443	52.7654578139948	29.2613313788398
CG30389_OG0006279	19.6932709497545	15.3126131764856	23.1978749707289	21.1960578289166	38.5708176988074	20.040226110688
CG30392_OG0006926	13.0153852134104	31.4661786311068	12.873400290735	20.961327675705	24.3965281108584	18.0096051542612
CG30394_OG0006920	19.8057346200307	25.5583017732393	22.1597745730099	18.3356987757976	37.498958475019	18.2898841060258
CG3040_OG0007817	37.1548143097718	34.7258864869924	27.1909995092866	28.442291509827	38.3678791383714	39.3692572831333
CG30403_OG0005953	7.42364773009551	11.8367557580101	5.96940768861489	9.37226392210427	16.6788288938689	14.0671219058533
CG30411_OG0002739	3.02857065152299	4.55743457480782	12.0633105274384	5.45179852317331	7.3666176540247	3.81491557618797
CG30423_OG0006061	61.2035809840383	64.0675012260063	46.8398300067708	44.2727125910444	66.7525613967801	42.5374893779644
CG3045_OG0002905	11.8469200102898	11.4377707530732	8.27681624838267	11.223917830657	14.3307570299259	8.21619529225467
CG30460_OG0005917	16.3994384489375	11.9876882809232	15.3470429114787	11.7913135341067	13.5069049089262	15.088477148117
CG30467_OG0002995	22.853246182943	23.550348592888	20.4488059811797	22.8834429079995	31.2467325430871	25.641704875219
CG30491_OG0006722	19.1205683654313	13.3032094674027	18.5357155362088	17.0714980454289	18.8148936427694	10.7648938995748
CG30495_OG0002953	7.52686324380121	3.5913997859145	14.2212137650902	4.03695163571299	5.58265639228602	6.13446724523082
CG30503_OG0006750	12.5823140418515	32.1796891711885	5.20073036629449	22.9895614979893	25.967883734888	40.1905315866556
CG3061_OG0002221_OG0	59.7670537715896	49.5518025101544	51.3673582340775	41.1199698942808	50.0336510152971	14.3696070394269
CG3065_OG0001149_OG0	46.1437973582738	52.4165551083267	38.0285006490388	48.9805141052473	65.950852521229	33.0520261233175
CG3071_OG0001173_OG1	24.0096415458066	23.2176450941305	26.9805710158504	33.4393575271839	38.0068571801134	27.2898112543054
CG3078_OG0007769	1.49665415031381	1.60123174540058	3.90144107063821	2.63964211478319	5.43334394640547	2.08259745842396
CG3091_OG0007770	3.91203114959982	14.3239104769285	9.53178539343728	14.8027575657396	13.3542275361428	17.0780822567997
CG3097_OG0008424	7.41702547371735	14.7082996868739	5.16893525410545	5.74371264721637	17.0870802050885	7.68915475509475
CG31028_OG0001516	21.3266605905219	16.5405457982138	20.7385467172484	17.0356113484128	30.7401890540719	12.9415908166233
CG31030_OG0002638	13.0441503092085	11.6830342534789	21.9250099272414	24.1676992694519	25.9120336104418	17.2499192847736
CG31038_OG0005709	40.9903738444509	43.3278745287189	38.1333933598685	31.8107974423016	51.1474734632376	43.3635935194996
CG31038_OG0005710	9.376594623619	9.07293735972416	8.56974878612925	7.65630944560109	9.50150351599036	4.5236429032636
CG31051_OG0005406	2.99993035829155	6.03621779357091	4.94303853140209	6.44074099182955	11.8884718371661	4.22163618581995
CG3106_OG0007559	3.49260656157926	2.44471208149445	28.8899435846487	48.3801481541991	12.7172126332255	5.59346499919599
CG31064_OG0005607	2.90557196787439	4.28929338140372	5.21615490803147	4.88711985970222	9.48153818370502	4.89206833792325
CG31064_OG0005609	11.9144128952151	12.4378524911487	9.59745039658129	9.75185212357148	14.7287925916547	11.6463249664308
CG31075_OG0005634	135.760286058065	71.6274131659899	209.634488914404	88.7548777641093	137.739182693217	397.134260260444
CG31076_OG0005633	5.42369693349259	21.549579213281	4.17848054411671	8.9409733138406	6.73841228398554	5.28513679256301
CG31086_OG0005651	6.68600353260081	6.96251664735486	12.4327688562369	10.0765362458767	17.3746480611916	2.96896820621096
CG31098_OG0005160	17.9061217794078	12.4057875545499	12.8966597218104	19.2647310916788	18.9908426651102	18.6813927561989
CG31102_OG0005159	4.49668094395801	11.6434672086974	5.21654778952822	4.41080934446345	6.86945069667903	1.35786074461671
CG31103_OG0000350_OG1	18.8547872231009	7.12763261350123	15.9847312791815	24.759581341421	14.6007404513605	15.1190333594933
CG31109_OG0000858	19.5293124101409	17.3494554887484	16.8577204793097	18.7606239253936	24.4298795054948	17.8743111249837
CG31111_OG0012461	8.48896128900872	9.11398840803633	9.54516284710021	12.0595167179137	14.3534866229303	10.7722269287121
CG31121_OG0004654	33.2690294249789	33.2771021162497	29.5744276115451	23.8129777937987	37.5924623206332	28.3873937430493
CG31125_OG0004624	3.09744920929282	13.781467090936	12.7656448898734	8.49663776900144	11.9096138552494	4.6752715214881
CG31126_OG0004626	21.4475601038471	37.8543683736109	18.2807213660721	33.3123144557087	27.7346887825568	28.8601877822051
CG31140_OG0005333	2.46074174375691	5.37873094460665	7.51828023577243	4.32195867494385	5.593133415177	5.54473250288955
CG31156_OG0004716	4.09717189030952	6.12811473283214	4.450363243621	4.61303258779909	5.152967477896	10.2549613103882
CG31183_OG0005222	6.00851967002881	5.27461148808682	4.30620558559457	2.865781806416	4.68690430394999	4.7952612358991
CG3119_OG0008937	3.8271761839575	2.81897010216338	5.67201148407906	5.65353694040987	2.34497940579453	3.80699897418268
CG31191_OG0002407_OG0	118.526769550567	93.2231404551674	94.3680606473031	113.649822995414	128.386378322936	28.9186746926505
CG31195_OG0001055_OG0	54.2740654359303	59.1951572376539	61.8594196108531	43.9036701731407	96.2908620233087	10.8873550474487
CG31211_OG0004966	61.7606694874928	62.916048505199	54.4446562270625	51.2614748900958	83.6375864667603	66.6655836347249
CG31224_OG0005034	25.0796514537476	36.6184261434241	25.1010893704632	22.3275778623345	60.4671015336259	33.7985650758808
CG31229_OG0005030	17.6239366951695	18.9867161353388	25.9529635670871	18.4854756941352	22.5885313418148	19.7970131113159
CG31248_OG0004322	3.54529422520804	2.21689387073264	2.0919988851925	2.08252500864726	1.43644469278625	3.82513126084313
CG31249_OG0002602_OG0	18.9247725059764	26.2835811967557	12.5579605513906	25.597068199555	34.3499580595386	13.3510560917933
CG31251_OG0002601_OG0	23.1394237243543	9.36681032149422	15.0214693884123	15.5364202104845	18.848525425406	1.91015291017235
CG31278_OG0002365	16.1952500620773	10.6940862782161	11.7334496961923	12.565075696451	15.4219740330907	10.1462919283418
CG31301_OG0002521	58.405093205051	68.9976336507842	66.598991105787	50.1295024507436	67.6168246986646	53.520620491717
CG31313_OG0001495_OG0	96.7142247385445	266.336312457745	315.502868758684	774.360749804076	300.177376805332	49.3617004637467
CG31321_OG0004549	35.3135500730841	25.1309496208572	33.0231165009358	37.262505331299	25.9111710510609	68.0566205578594
CG31324_OG0005654	1.89626180383803	4.20515091634556	2.36308773419127	2.10155580245709	3.32591322853219	2.19335961027139
CG31342_OG0002455	39.6332552473314	36.0435619317693	28.508643429225	27.1328055335011	51.8620404528217	42.7824694308706
CG31344_OG0004603	2.30904494273939	15.9963960506372	6.36559473291294	13.0780869514344	14.17062914399	3.65316354299649
CG31365_OG0004674	23.7534088110268	28.0066259999585	28.3392859720733	25.8108272346959	42.7885410599953	12.83783068002
CG31368_OG0005579	19.2106810326417	25.2850013934031	19.909977818902	21.8445013322297	35.9059277704017	22.4519630974793
CG31368_OG0005581	10.3132266945159	12.9217670168305	12.7487407904557	11.0933789867823	19.4909939304234	15.8851433776701
CG31373_OG0002366	11.3266306201037	4.94394581234137	10.6543731242152	5.87426171292303	8.3730937645736	1.43045104521305
CG31381_OG0004652	7.62343836653826	5.90005031682502	4.77933812333195	8.57868048998794	6.42341604030442	4.08484912161786
CG31388_OG0005449	5.02606070095514	6.02234068418564	4.77077852012439	6.1138287639329	9.32415982684457	8.31245926899893
CG31441_OG0005450	9.79417124623772	6.09891175562513	3.88514651495342	3.06957797959612	3.96093854797818	6.70850930863439
CG31445_OG0000048_OG2	39.7824208321549	164.461704083788	54.4938418319015	87.7826325223879	272.244152600543	61.1237326507447
CG31457_OG0004673	19.7761655027548	10.219370517962	9.37431230644083	10.0217320191134	14.824374660675	15.503291173567
CG31460_OG0004822	67.855614218683	49.2300557087083	49.0248724603223	44.9966545870165	62.9461829248066	108.769598502749
CG3149_OG0008090	18.6191187413599	14.1438977787553	14.7276933558841	14.1806341066773	14.7099694980939	15.4646289538716
CG31496_OG0004345	75.13387482064	154.699167321126	42.6481831061882	76.8318677583889	124.135754044743	54.4475693813437
CG31510_OG0005178	8.75663272997878	20.5351330621915	11.0839809436919	8.83898015907517	23.4131405481807	10.0627606097202
CG31522_OG0007341	18.6286453790345	17.1058049158256	13.683673577849	11.970292416806	16.5528210574256	24.5010745019654
CG31523_OG0007342	34.7800238773989	56.5134012579493	27.1201386547702	28.805634364611	45.5097713332002	39.5469766516583
CG31538_OG0004175	2.75945844484286	2.80554912500649	4.8088932800523	2.62655959619564	4.39605651104507	6.17355222501281
CG31548_OG0004224	40.4388027048936	60.7909948741858	93.8909575146993	60.7491656860189	44.1089552131389	78.0410830689673
CG31549_OG0004221	49.5652856220555	7.64540220596814	119.976869668422	83.5624140371262	69.9112229524963	88.2477432449421
CG31550_OG0004200	24.5207827129531	37.7116162637083	19.7149928192763	28.6280686198695	43.6017747864553	19.7366694609869
CG3156_OG0007838	8.74241961995438	8.78645062541155	9.57776482711736	9.17827627539697	11.3221510441916	6.34516156176757
CG3163_OG0006864	32.7381383878613	26.1954874961321	23.1562413412242	23.7951395057155	34.5276235759616	21.4619240275276
CG31633_OG0001938	13.0221734403159	12.1947067671591	9.14123748833318	7.85928713462554	10.1497655954426	11.4819078903439
CG31635_OG0009608	9.92093399514835	8.28975368968827	7.20315191337007	5.98030164648901	8.55253693436122	10.6394020649405
CG31637_OG0003743_OG0	1.77340825837788	1.87108564769989	1.90903181564977	1.17453880219374	2.45358419350088	1.47193343296718
CG31638_OG0000521_OG0	10.3485213750241	14.7785774013662	8.31094355369925	11.6145488781247	19.6861081307366	15.3776105599688
CG3164_OG0000940	58.1420557731338	44.3718782663701	39.359400637732	30.3455281816698	48.0507595346824	25.9029717422603
CG31648_OG0009450	7.93748252942358	8.91598139136038	8.14548469431298	10.7034324743944	9.77087576288	20.5177958060254
CG3165_OG0008923	39.2646901645071	44.4914706476593	21.7402347485751	36.3069189410665	43.3454993933293	23.6808933200549
CG31650_OG0001814	24.9924170856128	43.0654637885561	24.0829051717363	31.3397948199233	44.774615804973	23.5590971617987
CG31668_OG0000090_OG3	4.79855374505067	4.04919753637127	3.89758800081077	3.41330655908923	4.47026775483772	3.31325803572518
CG31673_OG0003667	14.8476057276109	35.4321305852652	15.0664204625923	2.04615548150639	19.8600648658655	20.9234470370242
CG31674_OG0001894	24.7522909313123	3.15372146943269	1.41253070820156	3.97339051988861	1.57345760216713	1.65190234574401
CG31678_OG0009428	21.8739455589447	19.6365024103577	17.7936356232486	19.6253612518642	10.773402027963	4.1604583524617
CG3168_OG0007739	117.336702388846	39.0374188035869	60.8508640563536	46.6688179321026	116.140347812846	113.907410252024
CG31688_OG0009419	2.65559294074176	2.77550986617406	1.40506127660099	1.35303704564899	2.11377064628086	2.34401456255838
CG31689_OG0008951	27.2534273199855	11.7084532671053	13.9050706819627	19.5608799436259	14.9160272046194	12.1454824772334
CG31710_OG0009268	40.6240243052645	62.4309990621983	18.4944169676018	31.2671280174754	54.8918062622092	21.448003153542
CG31712_OG0003511	27.8076669625252	30.7663201078243	24.4345817957042	28.4684730630652	52.0468840055274	25.8538574264206
CG31717_OG0012522	66.9194745644712	45.0257799615887	33.3960901704968	41.2634323495837	59.0341004885363	56.9038970387385
CG31729_OG0009222	51.1587922309565	45.4252743407845	47.7186081965724	43.5482849091079	67.1878464540708	20.796691961185
CG31743_OG0008889	4.70112962007928	6.38081540369183	5.16958993665911	6.22673422583494	3.73488267861188	4.08745800797043
CG31751_OG0009513	39.9668559561538	57.2548572347617	18.7827271551031	33.3811926496788	85.7769674475081	34.6756697575143
CG31751_OG0009515	44.7233232008684	41.9226265304138	20.2774274979069	26.036197445064	65.3953271496828	33.2914685619523
CG31760_OG0009735	3.23650981419993	3.41136815118968	7.35962047682576	6.32204482541953	7.52789030639307	4.51213904958769
CG31769_OG0009409	20.0784469274941	20.167190218573	2.20982953943253	7.8442451404246	18.6956185516565	13.3803350763775
CG31777_OG0008790	3.01051394171467	8.51502793582627	1.38025157745127	8.47439529876812	11.5776275300054	2.94544025623149
CG31778_OG0008791	10.6470471397525	19.2755831115911	24.0731014921806	30.965309810346	12.4832921184674	5.06438246366411
CG31789_OG0012596	115.701637399387	50.3501170797486	297.284492283705	639.20030000932	242.899224176236	50.312432037424
CG31792_OG0000010_OG0	12.4208537116681	18.2044061713942	13.5836689206033	16.3336424812194	21.6639724189716	14.4681086027568
CG31792_OG0000010_OG1	1.59906542922669	1.80684018257666	14.6407685802129	12.2268682504718	3.89092118723924	3.08114795751036
CG31792_OG0000010_OG4	6.87789625663929	11.7678489832343	8.27740147510949	12.7726120904627	6.12519078191591	8.43694603213728
CG31792_OG0000010_OG5	4.69168522952871	7.0968346044242	6.05743967384042	4.34648096645905	7.28458403640088	5.98408740162043
CG31800_OG0011811	21.1535303162858	33.6709326255825	16.0522271449269	24.1145344272117	30.9529352471387	23.2178856699989
CG31809_OG0000479_OG1	1.74231647465043	5.23387358065314	1.38877462704564	2.81595024383967	4.91810088171034	2.13853611844663
CG3184_OG0001704_OG0	13.7572992374778	9.59066301458951	8.89624349445202	9.71088376837255	13.2243851238764	12.0898218047313
CG31855_OG0009216	66.7382178237556	85.2305980472805	47.9164329137304	65.6985992700512	81.2614910688014	70.7260798313169
CG31869_OG0003762_OG0	4.98770418597771	5.60480086704029	2.58183750811586	3.93302590786885	6.20993563426428	1.62758596639075
CG31908_OG0009633	55.8573092404659	68.1535469286203	51.088029520136	55.3237858089081	75.1042344667387	53.8895347688309
CG3191_OG0007771	4.51762284815662	4.07394589569899	11.3260502790133	9.33034603176347	15.6528840049821	3.34645641519896
CG31915_OG0009449	7.85619781875175	11.9856586614748	8.92893260552802	6.24989462886501	9.30616552844818	9.81272240829897
CG31917_OG0003417	69.7965284787499	88.7723448613516	63.5990686044497	99.8369914226599	97.612178747914	79.2872409350007
CG31937_OG0009055	37.3577823456313	52.0796961337204	59.5266428129513	49.6231055817944	39.9839722627513	67.3711857368891
CG31957_OG0008777	9.20568400148754	13.3761097735065	12.0645540708576	7.08762703058055	7.11959506357326	7.17110328871966
CG31974_OG0003349_OG0	1.39035253848094	5.78063466824439	11.7292211362535	11.5934032319065	9.31866856092215	3.47072327480487
CG3198_OG0007732	24.0449639986536	60.4869599397954	24.233334543342	40.6950629149758	52.009034558456	24.8951010407424
CG32022_OG0011199	27.5840507738614	30.4580616975079	24.9270514564912	26.0467154563551	34.6641675575835	22.1020561115174
CG32032_OG0011236	14.9340967010545	16.2343487480543	25.6715138085727	19.3144536593551	24.6492829076665	18.4164859939532
CG32066_OG0010945	20.3412914333858	29.992008251892	16.0647601833864	22.1095551556212	29.328379906193	19.6346807625154
CG32069_OG0012541	35.2249999878017	34.6726379284938	39.4076572092615	34.0640733973047	31.7294320183233	25.3410911290336
CG32075_OG0010077	15.1865580773472	16.6623051224531	6.98313613977342	15.1510098511989	21.2614601778062	13.2222477869232
CG32091_OG0010033	4.20601936852486	6.69518648788291	1.97010904478792	2.75423003789555	8.96658964829854	4.08720217245517
CG32095_OG0010012	11.0859888999916	12.9146272664273	13.1848332236381	16.7791696047561	19.9774537286465	10.9793107036343
CG32100_OG0004033_OG0	10.5896620028501	18.8900216836195	8.38868717575124	12.2217197488607	20.5931083477909	11.9166628786089
CG32104_OG0010834	4.60254990248516	6.77889327852307	4.52842719082979	4.73404382116432	6.32018671402885	6.72718703783773
CG32112_OG0011838	8.67724390781612	9.90818953204638	9.37673438887763	9.11659445178687	9.39794768959662	10.2491273614098
CG32137_OG0010901	5.83278116622317	4.08241594300509	4.2254507943784	4.81588211826645	6.84867582194324	4.72211270623824
CG32147_OG0009957	20.1168039298814	37.0201584903716	39.3838583393142	38.9732738202744	29.0855314710918	18.6542507712487
CG32170_OG0010703	43.3997533647155	27.7350520108775	38.7092062749731	32.8427839025517	41.9446128177219	38.1415978179048
CG32176_OG0000524_OG0	10.7098632586249	11.7608738451986	12.2937453107657	9.8304063512991	13.8072857126614	7.95201601808097
CG32187_OG0003903_OG0	8.83230539995907	5.44139127881229	6.54906939785893	8.7353620679528	4.03634295728604	1.55794622360168
CG32191_OG0001294_OG0	2.27693522587036	12.6218434551692	5.8619154572058	5.06075219670213	4.07494859298896	2.19386440219155
CG32196_OG0011853	11.3983735641517	9.66056208732604	1.04571939984727	7.55166250488298	9.40345983193519	7.5061147217471
CG32202_OG0010141	23.013660731744	19.4359356139182	21.6113675976042	22.2088544009687	24.6388606182527	19.9127670135392
CG32221_OG0010395	13.2689161112465	11.9399880591587	12.2485015418951	12.5831802466308	13.7757643336044	12.5058470722046
CG32225_OG0010386	2.99618126325361	2.56434313302807	6.9593513217815	6.55573382784836	5.34947450008832	3.27957720763155
CG3223_OG0002297_OG0	128.924780659071	76.1285826296655	43.2999466825646	77.1020988829398	175.738980789805	16.7635450200624
CG3224_OG0007730	102.213947260655	95.0297166646628	78.4735949295629	100.375563925982	119.278316419196	100.646352667137
CG32241_OG0011134	1343.31598377713	1479.11003052257	3039.05616724829	2311.56964917822	941.13592953592	2764.75759739916
CG32248_OG0011132	422.592531477156	207.28598593722	1030.76460984183	251.132620594984	107.383368829932	878.385011772829
CG32249_OG0011133	6605.36134574596	2873.08366590745	1402.3901181027	3291.55772298129	2121.75353694682	1425.2466435955
CG3225_OG0008980	3.67972700521316	3.97426492738448	3.94761464113732	4.30987240449174	6.54014011806967	5.39798007481033
CG3226_OG0003169	138.62066710628	112.415774432122	106.482059313632	93.9125917706827	117.868501126267	87.5569798019035
CG32260_OG0010513	4.73904460133815	2.06785786127127	2.47639222268352	2.3522679009447	1.60486180703765	3.21394320655857
CG32262_OG0003978	9.36444971630803	7.59544244449069	4.94956516011742	5.48974790105176	6.68301153374629	6.69558291398086
CG32264_OG0003976	10.3343909661381	7.90842898009372	6.36540474319984	5.69477028212833	9.95888858406047	4.79058268005343
CG32264_OG0003977_OG0	2.04665863693383	1.74508538337774	2.32674684986616	2.04403431044399	4.75438732633124	2.40935087189896
CG32278_OG0000995_OG0	10.2195116351459	13.4583542741284	10.5209555439287	8.69161287681706	10.661362081788	14.355295399961
CG32278_OG0010648	50.7676401380854	36.5615240333912	50.5114933065044	49.3040158617264	52.5873306690118	73.3243534319852
CG32280_OG0010647	148.591945008693	134.271481648057	96.2235348134584	138.078333142741	166.755283598903	136.487798010599
CG32333_OG0004119	7.84870714771519	5.62633199592963	4.05593237400374	6.38907158870145	6.11078340870866	3.45036340778291
CG32344_OG0000220	32.2204410320175	24.8724739549134	25.4597589656387	29.9879455929679	33.7646530587872	27.9220337428548
CG32369_OG0010466	3.74701947902574	2.80188582181932	3.63238215774915	2.85030345575008	4.90382520411028	6.25774191745474
CG32373_OG0011399	45.3366518876577	3.78907579958381	46.8022419225383	10.639710382412	9.58906838071133	16.5791782688758
CG32409_OG0010218	47.4924200226386	47.8618073885437	31.9652909344385	57.1279796068896	52.4411394835865	39.2284119097344
CG32425_OG0003955	7.36056314100254	30.2601694867343	20.582220611938	25.5277220829442	32.2640757140672	17.66118466048
CG32428_OG0003094	30.3608834272392	25.4419815894059	22.9137163153178	17.8302118313059	26.4286735018148	30.4223062909863
CG32444_OG0000371_OG0	6.44888896390442	6.37392071005582	3.8347850160422	13.9538397842447	3.92281017660959	13.4988157019539
CG32447_OG0009862	10.3346412592282	7.46039089521192	9.24883632327706	2.41403387310803	8.63531360598823	3.47871816327085
CG32448_OG0009845	52.6178804571872	34.8098200790482	48.4651248727733	51.8271621977588	48.3964528267994	36.0192341670164
CG3246_OG0008822	6.48519279145684	21.7251244474867	24.1274378593854	39.3498839747205	15.3511963298187	19.1141361978943
CG32473_OG0001441_OG0	22.5478304616653	54.0848985729177	49.5725694067392	49.1251991832405	26.497591117775	12.5089113960037
CG32485_OG0010634	14.851819925253	6.87077297194662	8.43294634699075	11.5507874996902	15.48345395744	6.82711454550973
CG32486_OG0003995	12.2733656930822	4.19078402567062	9.40566498936355	11.3963568496667	17.6462705910565	12.3410298165236
CG32512_OG0007498	7.94024540741306	12.6365488400424	7.37421921693164	6.68731287840749	11.7426305060519	12.0453268098852
CG32521_OG0007492	58.8577305926933	40.1972411585951	47.4862903846372	40.2137029650715	48.8847407773212	53.7798845543518
CG3253_OG0011636	1.10249871388507	5.31646667201183	6.21451413553835	2.25502113200596	4.34051840986017	1.38113285715411
CG32533_OG0007447	3.49472308955675	10.1903352637353	7.23707992108066	5.10938976864672	7.9570401797679	8.1025783336441
CG32536_OG0007453	12.4307086457094	11.0942221179688	9.92914587835791	8.60391950781583	13.0488378798987	10.4306240027831
CG32537_OG0007454	24.8755360137246	14.7130016834926	18.9805905737307	19.7388636010172	30.3319701342537	26.7612909963512
CG32544_OG0008687	2.58035711791874	1.98223176947119	3.40156880661045	3.95998459106555	6.00097391542576	3.87254777119229
CG32554_OG0007683	12.3818498468745	6.29557352147232	7.45510115195485	7.38879698511833	13.4497535774391	7.00652189246606
CG32564_OG0008598	5.85322550775524	9.88562600473501	40.7765141495768	27.8090760732069	8.97784464553454	31.9730114634764
CG3257_OG0006878	3.4113318379887	4.17205465719934	6.52844489387338	7.30046713328341	12.4524937497735	2.98440824705282
CG32573_OG0008313	7.44950606795882	2.95937958249726	3.66588753338875	9.85837922817945	2.05124902190112	13.8197521203582
CG32576_OG0008180	10.3643657312636	9.31736157236897	9.86449159095273	9.04917332554358	10.3988767780385	7.80397387014184
CG32579_OG0011713	11.2161467234483	14.1124792553262	14.5730822020567	7.55752752048259	15.8455851790798	4.50135474370389
CG32590_OG0008364	15.0870434304363	16.4862572902491	14.0658649717722	13.9749740387396	22.3258691607593	15.577509023821
CG32603_OG0008238	851.175894849569	2197.4466536074	5332.57749408745	4425.86533263552	1828.45617662992	1735.30251090369
CG3262_OG0012594	42.4738623814524	5.42804346402864	49.5433493811737	17.5002597628117	16.3547834846224	11.0849644568646
CG32638_OG0008429	10.2836302314135	7.37781570888325	8.77606286659114	7.32057660990014	10.0873795581416	7.33530610121838
CG32641_OG0011737_OG0	63.8003531636376	50.2702161076324	176.554214571688	124.925135872233	108.036311610416	72.0703927014716
CG32687_OG0008059	5.45569913609151	10.9484395147631	9.66839844017567	9.11169688696713	7.6806641376577	8.83390079883604
CG32694_OG0007538	56.0080145832457	23.0866692821574	44.1618152621271	19.5151227765248	13.4920329495512	29.2527995565683
CG32694_OG0007539	9.03397334746818	4.44984660776895	8.43133167572572	4.98445032817532	2.82013945876683	9.31857668650451
CG32695_OG0012091	3.28672460219607	16.2852573254019	8.11766673679057	9.54536617951957	4.93950622020211	6.03051220103827
CG32708_OG0007742	27.5664537760402	18.4388308305542	25.1549742349338	42.3017017676217	43.9429069321128	15.7269232580157
CG32736_OG0007823	61.0573763250281	45.0463242532292	86.8922266855104	43.4343455489646	31.0196665256734	70.52582408946
CG32767_OG0001717_OG0	13.5623241285742	29.8304457988513	20.3019273524042	17.4071412827821	25.2535449916909	42.2759212458044
CG32772_OG0007905	14.0798169459397	14.4574773407015	13.1442005392139	12.6900123458468	18.8163705259721	7.86922746696675
CG32795_OG0003234	8.99583350691751	11.4863444252935	5.8226945716864	7.53238568184295	8.98887399738239	5.34927388778336
CG32803_OG0007635	38.1184525998524	32.7566597859437	16.3490342723524	17.4682707369338	24.4032285751845	37.1942204716502
CG32808_OG0007667	8.00108142941041	2.65121657588281	4.0597742765983	5.76231705581586	7.61366447004709	11.1585140349243
CG32809_OG0007652	3.06059159120075	4.14410430254019	8.43421927912328	3.87851119746976	7.40984570310813	3.72505447135044
CG3281_OG0004965	4.23075173078646	11.1281771659851	6.35910070889839	6.77639922578478	9.06466518253408	5.69270715150438
CG32813_OG0007673	17.6257767407557	10.8165886509973	15.0653290929922	18.1197746744048	19.8396054479999	7.98478141911873
CG32815_OG0007344	8.81281318901318	1.49158521051472	4.93448203774681	2.63291943508638	4.17931621429795	6.76088915052632
CG32816_OG0000920	31.707666086706	16.2126539763105	39.7505022360045	9.34837776174009	13.2514530069174	69.09900768408
CG32816_OG0003186_OG0	12.4594758064737	24.2709382183662	5.68282874275152	8.53369966948874	26.739370485794	8.65199354684861
CG32817_OG0000601_OG0	18.793404334525	4.49274610819758	24.6166393360925	5.01689582174366	19.804194206621	4.39103710603823
CG32855_OG0001071_OG0	33.168976469911	34.9580883499314	33.0506252104319	31.7084731300166	33.2551396832388	89.520623971974
CG32856_OG0005212	36.4895097323128	42.779578925727	11.1858313683979	14.4934025857512	19.2050670821086	9.71313847949894
CG3294_OG0008983	5.78565319864804	6.12326842785422	3.6433426022031	5.6612965995679	7.70239778059733	6.15499992358872
CG33054_OG0010316	29.6103957952415	20.2061236262836	28.9362220672592	20.4273370191785	24.2811264669603	23.3228852168276
CG33056_OG0010315	17.8299513690576	14.5990146949479	22.4525312296755	16.0790476470564	30.7410034367851	22.9157854397235
CG33057_OG0000823_OG0	19.8231074824782	25.6000858976377	13.4188832290782	1.58809047096214	14.8535093315274	19.5784776143838
CG3308_OG0004383	150.455461475501	102.730665837525	85.8750332079646	101.467609863617	114.872769449379	108.0161491652
CG33080_OG0008088	16.1503114729211	4.5124220529199	8.61301742107016	6.29258906100045	6.66820375373741	16.2794492671897
CG3309_OG0007988	12.0981980323199	8.75657437876229	11.2466157595151	9.44454428654222	13.5083344381493	10.7282624056941
CG33090_OG0009172	7.06548009209048	2.66913571027892	4.62111962833422	3.26235665737057	3.79445885159095	3.87569171798418
CG33096_OG0005180	30.892876247454	43.5149052923537	33.4485246221177	31.6505560890655	61.1256146947053	29.3882418868783
CG33099_OG0002280	2.44077458865037	2.02453254108262	1.42676924458577	2.16724673841701	2.24138189956809	5.65967971713002
CG33107_OG0004721	7.59805373629277	6.50378331201946	9.14960461272751	5.84133392342788	7.23795856973075	9.96452573836088
CG33108_OG0005328	8.90085383643335	5.98990179412959	3.02624165461252	24.7116810571503	8.87185870559624	13.5783495474286
CG33111_OG0005529	15.4508204735006	19.4484901735253	12.3398656843454	13.9588075386271	17.627692297215	14.3873797409016
CG33116_OG0001863_OG0	13.854456132277	11.9609164232922	15.6465035637062	11.1876956138776	16.8775724902354	10.5704544138866
CG33129_OG0009654	67.8230349497341	64.4001708279332	64.0156024883136	49.9348568783192	85.6432362326923	62.4599380536136
CG33144_OG0000673	9.91668978422758	10.0550119270676	5.90837900059554	6.16572320048371	12.3707776173432	5.31974829772796
CG33156_OG0007278	16.1122302070781	7.74548407118253	6.66073959140341	6.46712049199386	9.82345840904097	8.37033211080237
CG33158_OG0010742	12.9296212363159	15.2858574319955	11.1248533015866	12.6946086099353	16.3144015244858	13.066399396639
CG33170_OG0011828	31.0836587736196	32.2611097400037	19.5919441042738	33.2967300844332	28.5909004569261	39.9721513274413
CG33178_OG0008348	23.8616693397458	47.6964584842738	27.7824726215685	67.9217789164986	26.6980289959451	45.5824018104582
CG33181_OG0008632	24.0624908943613	21.347136069192	24.1342332519454	21.3492409930199	20.7823339069009	13.2525486436587
CG33189_OG0004835	16.4431039756229	6.70944484085889	1.30349226556278	6.57710302953206	5.87638837702422	1.75727244529233
CG33203_OG0002541_OG0	2.44819480236591	1.42930133280471	3.59136622098138	4.23639854982404	3.89690883333709	1.48650294736072
CG33228_OG0006041	13.6814197309799	15.1303962189295	8.81916695088473	11.2056837233296	9.85583024625586	10.4585765705578
CG33229_OG0004132	64.6162090694076	128.911936141301	79.4177492280333	51.3791485852794	80.6262201688981	58.8275190390459
CG3328_OG0006885	41.8935330412174	31.3135519821852	31.7839644279189	46.0053013974135	48.981246005567	30.934413807741
CG33307_OG0009181	10.7296235833541	53.3849554534131	40.5646495244652	52.2557978089969	18.5058679628038	95.8841079203761
CG33331_OG0004583	12.9790724525928	7.72234257611329	6.13824125604546	8.21774859815463	7.52948962493399	10.3760812689871
CG33332_OG0004584	19.8642182786017	21.4876329197307	11.3722458890853	25.4101892668614	27.6020692488893	13.2443762532835
CG33333_OG0000494_OG1	6061.15912923749	3175.58671725218	1988.49801231646	1125.90103077425	2560.98228537666	3441.04619906322
CG3335_OG0007855	17.8836727765527	14.4777499164647	15.670460827456	19.1851853727299	20.31871379675	19.5022687591079
CG3337_OG0004388	20.3421115623016	22.9812204864581	39.167814411144	28.7344809798715	24.386745251487	9.14627010626036
CG3342_OG0007722	13.8382828574657	14.1495175105652	12.4768985014038	17.3090559760233	21.9676748395869	16.5008513982641
CG3348_OG0005363	41.990824001635	81.1544645123449	209.40915018834	56.3234829282673	26.406454113536	69.7615444888942
CG33493_OG0010938	9.75677365397842	47.7050299010811	25.4199881263226	44.4443467031398	17.6486652970919	26.7164082947559
CG33506_OG0006173	27.1202579685034	28.136700312324	27.7726998730968	22.3653569371564	21.8053382149248	26.4894963257289
CG33521_OG0012955_OG0	18.351573833958	59.9422326673563	31.8836389537995	43.9906723112846	27.53014203021	7.20092845840133
CG33523_OG0011860	106.150970476007	84.1886793911868	69.6601515295907	92.9579130424587	133.625964294537	58.8824612608916
CG3356_OG0006888	37.792121602672	30.4926955994965	27.5099371036769	28.4382861463097	44.472501673724	29.1410280061523
CG3358_OG0006783	32.9034622802125	21.8753694159915	19.5350135123644	22.4436218296571	32.4938552672403	11.8633636201445
CG33635_OG0008730	18.4233208544379	17.9735877242899	17.2321984961634	14.4205902963047	22.5168841019773	16.7923030189642
CG33672_OG0012496	87.5569678894794	73.2998059489313	59.0058403293213	66.8988532552673	109.477970333006	57.3636224981342
CG3368_OG0005366	22.9445389689028	34.2667835639081	15.2547213415625	21.1415273686144	29.4456701024123	14.2799213925928
CG33695_OG0009685	22.2366493835964	20.8474340493608	21.3776133457972	20.4229518719993	32.7638132431107	21.3331695056674
CG33722_OG0000847	41.8487421928121	44.4559758809756	33.9294905880739	49.0421533191342	70.7058515941631	40.8268951386564
CG3376_OG0006893	29.8763128434853	25.5357265619108	18.6926108190893	32.9346116375613	38.6781547813906	20.4956314078174
CG3386_OG0011354	14.0433373886787	15.681445600012	11.8217008763641	13.0128311755898	22.9574522190842	8.57463618893286
CG33964_OG0001118_OG0	9.75871118400698	13.9417654483275	3.62024225570894	12.5979576093541	29.3828602803236	13.0522220963683
CG33969_OG0010373	13.7248795005714	16.3501411719549	9.92997545076305	10.8018298256156	23.3420314633839	10.4576107022983
CG33981_OG0011578	5.25623615200144	7.91562817676969	7.1267483515102	5.83184380740399	11.3527450529062	11.8724943530295
CG33993_OG0010224	2.27614168839925	2.64018593653301	1.53069041594979	1.45833131290232	1.90892271365671	1.90524969377144
CG33995_OG0001813	32.6068717614138	42.6804001471287	30.2928724079647	27.908836568353	37.1936282997701	29.0967469187083
CG34001_OG0010948	14.7840537791068	14.0622999899389	12.0233706849984	12.0042769792386	19.0870093807197	14.1002301657513
CG34015_OG0011734	15.7870035512346	2.72073423802487	18.0847328450524	12.681975979189	11.457237400299	11.1266296078786
CG3402_OG0011357	35.0160779294005	34.7493514503957	31.7637618964816	26.0124462069229	38.528400880589	41.9865241065107
CG34039_OG0012393	15.295889153462	13.2789424943018	11.1424127414233	12.5706138210608	15.0584814509083	13.4947896257377
CG34056_OG0011335	76.23555201739	49.6843968904559	46.1889605443211	39.6660615564592	53.8835129838423	35.8216486432739
CG3407_OG0008782	9.74829249427753	7.95169982763697	4.61472345674733	5.76081878080877	9.92881318138591	7.73961416899622
CG3408_OG0011009	21.4305401012465	31.8978778952871	21.283708711919	28.3166406439481	40.4692472284409	29.1505578784257
CG34116_OG0011875	9.4685790419429	8.36308634373852	5.00233336214201	7.26337629261297	11.2976550319817	9.61198477732912
CG34117_OG0002350	24.7406898052454	49.8406748790108	27.7630187304644	40.5595001252911	24.6524978967496	49.5710886343201
CG34120_OG0007493	31.061321536636	33.2461411128908	28.2765462869621	11.4310488361271	14.1020925366814	56.6554024075171
CG34125_OG0008959	76.8044864760569	62.1266780461911	37.2966993528742	68.2071493764322	87.9890749289384	54.0200259160375
CG34126_OG0003420	7.744094428188	11.298559548798	8.4241952527561	7.39178001574378	13.2357067002006	9.00367963607522
CG34133_OG0002624_OG0	15.9255777830144	14.3271991528284	12.4985516278128	12.4525498971698	21.2305592679465	13.7718532875549
CG34134_OG0009247	15.7036481026216	17.8824296181065	21.2593874650736	32.0095510404781	36.4409107859509	39.801329307071
CG34135_OG0004830	1.10051375465845	1.60170817789258	1.57021260225236	1.59357447733108	2.02446188471594	1.48798440566122
CG34140_OG0011382	21.309143365953	25.5580403097873	16.7664776475203	17.5364862656514	26.5947286688707	19.0920216809696
CG34141_OG0000674_OG0	20.1743180961277	22.6759016942258	16.1429051887646	18.6710572740707	28.5183544809127	27.3752572863723
CG34148_OG0004785	11.6265152300362	13.6656742560715	11.9371010162031	13.4093394047632	16.8284540201672	11.2364491640452
CG34149_OG0004750	3.1292107387647	3.60859150845529	2.42377184919042	3.92403295496334	5.74252293745917	8.49392695061208
CG34150_OG0002271	14.2680592291436	16.2967491048344	12.4344211346113	20.3907646070523	19.8296853245196	14.1150970186565
CG34163_OG0012936	43.0407008618476	52.5124787531709	25.0692007220308	39.3315345500473	65.0288088968716	27.1994648849109
CG34165_OG0012133_OG0	176.522396011398	126.929177520368	16.805959842757	108.631451137428	39.9230291620957	50.3769772262237
CG34174_OG0011759	10.1256866772471	14.1127092733158	6.65367456726876	8.46684511970243	13.8097671608976	6.53690981603699
CG34183_OG0009253	13.1326875111149	13.2778192005937	8.3841308913221	11.4412844338189	15.4244246514735	8.13761200292237
CG3420_OG0006792	34.3203567387693	42.5928094074434	20.6255291230123	52.9974858776076	48.9385682475177	36.1961048468576
CG34228_OG0012295	26.22497743476	30.4174165476133	21.1992112304192	25.5752929476195	27.2069733124951	19.5107969530805
CG34229_OG0006569	14.3962276528029	19.2922720819199	14.3835084730617	11.1467464238294	14.1603881023168	12.175377438892
CG34232_OG0011607	61.4091099827179	131.97618303015	203.947766434463	208.985325435942	252.960824721253	50.7165663401541
CG34253_OG0012409	4.22525615223792	5.4673090918862	2.96064942536413	3.88007549299275	3.18481556493515	1.87231546797771
CG34265_OG0012388	12.0664131942181	8.72700242070896	7.26426051319223	8.15917946566633	8.19098428367426	4.70439170908291
CG34290_OG0005292	6.28884723736849	6.78080945540551	1.44624084244199	13.1894693622809	8.97501072908091	8.91924634710301
CG34293_OG0005614	16.7216856472738	27.9870944006337	14.0201639068642	17.4072283541833	25.0560575870865	15.6710655117664
CG34309_OG0002377	1.05280582075794	1.21578136360526	1.58395405265699	1.42169665158763	1.14439832658076	1.22410248881001
CG34313_OG0008888	2.32768696246147	2.94111574367279	2.51043007998726	2.57159440643164	2.19607584351677	1.98484378455572
CG34325_OG0008538	20.6966964718311	8.7161033090377	11.9929141952803	12.8078484937209	10.8278408982821	11.9434098912586
CG34330_OG0012314	3.10019307883912	4.58312064413068	9.06896009646123	18.9836278716962	7.95889597120342	8.54870113207431
CG34331_OG0003299	19.1049069324518	10.4599010492498	23.0036890016586	21.9534044489916	19.2214622058447	31.6276087314973
CG3434_OG0011016	32.0660846021894	24.7180279669162	20.6278553751237	23.2378950550019	33.8382636578402	17.9617852847577
CG34347_OG0005798	1.69867225656049	3.38824559325538	2.28743541499121	1.83537317325432	4.47866698142689	1.93660265423267
CG34348_OG0007999	5.07132326484902	5.30582611933458	8.50244854338407	6.82446606608201	5.17250910635909	5.95032194853071
CG3436_OG0008729	37.8598605132801	54.0571350617154	33.2537154385114	46.3704045109576	56.401127299141	33.2755948622121
CG3437_OG0011017	6.74602235634854	12.6384331334382	7.61964877370549	9.69944071258696	12.3988122948085	8.02623164729354
CG34377_OG0012423	4.16357734343836	6.42910949958243	2.5889339251741	1.98242371310058	13.8556742618665	11.2724441064287
CG34398_OG0009802	16.4297334796458	16.397379826367	17.6140577925338	11.4916594120154	20.5157487627625	20.934755035864
CG34404_OG0005253	13.6161406381105	18.2024886596361	10.4129275792775	16.2191131633783	22.9830058597191	22.6993498052864
CG34408_OG0007523	24.8469308689541	20.83289199339	17.1886137704791	17.4130293995757	22.6384772292339	23.4176074620877
CG34417-PT_OG0007726	54.1864154075964	44.174537884865	80.1012349219591	63.5180484126189	86.1493026156321	91.7828572652417
CG34423_OG0012478	13.7690031391931	73.5627896788123	20.9830893624204	79.7850626106776	36.4252307795097	74.7718242832467
CG34445_OG0011648	66.003026012259	36.6228292083619	118.204993067864	61.048361693915	29.9937756518342	113.133990382595
CG3448_OG0004071	5.56158358682719	10.5884997265781	4.51760829920513	5.82427835539909	5.79200605609587	6.53938504907543
CG3500_OG0005967	30.2310445098304	28.2254822126433	22.4675939483253	17.7828156059389	26.0955494189042	8.09085917176992
CG3502_OG0011566	5.28829120909967	13.6091351117416	1.54899594227619	8.33021323609772	23.9056744955975	7.03400092267595
CG3505_OG0002587_OG0	14.0452459110376	27.3995191484722	11.7084133480254	20.962185758923	23.9709626753162	5.36836646076106
CG3511_OG0006021	17.891568347432	15.0981875054936	14.5411114119131	15.8984035551753	21.0329606263997	12.9471996336389
CG3513_OG0008793	10.9251142230756	1.57038561713672	2.54132012725219	134.133034248016	11.2606524213843	8.78853082809156
CG3520_OG0002740	16.0447273002449	10.0822309759518	7.8857062421328	11.2760938768063	13.2441777702737	7.65247241419121
CG3527_OG0007921	33.1251327172851	25.0293423932307	21.5276952503548	25.428576295229	30.8358795163676	28.3661799530041
CG3529_OG0011020	29.4723123035676	25.4775211666646	19.4117278619289	21.3726051889099	42.4295985317707	27.1643299458085
CG3534_OG0002434_OG0	19.6739634779219	19.653596509381	17.6435146672998	18.1537505438546	26.0418799229727	11.4638462834514
CG3548_OG0006026	33.3369645400487	39.1322673529235	25.4724401167924	31.4530361909042	56.8913194263727	24.0189886540796
CG3552_OG0004070	14.4939360058904	9.77272625852797	12.5553158807682	14.0649278819704	13.5273971466362	9.75654110817835
CG3556_OG0007927	7.62184042389249	10.9514741050223	12.121846201493	10.8548667798238	19.4710816450223	9.29131709702676
CG3558_OG0008918	34.6805344467645	27.1309761274994	25.152512350446	25.0335735271767	34.4073653754729	26.460727898066
CG3566_OG0008604	20.9485163306344	28.837025944633	37.0147341795959	3.49444292766275	31.4011015765783	36.1212494132045
CG3568_OG0007924	8.65504804823542	8.33840200757724	12.1700192521298	25.6176750114548	14.3217343093148	33.9755057842679
CG3587_OG0007627	15.5483309740219	20.0963913437451	10.8952168992494	17.1402022584223	29.2385471117016	26.3618964285843
CG3588_OG0008109	396.834753354971	233.572003567061	304.199207677303	494.491226643392	342.18203123858	344.562705370338
CG3589_OG0006051	9.98397410980298	13.4536522572951	7.20461700316558	13.0276573511612	16.1035988353864	10.3692649180819
CG3594_OG0006049	27.9304791865453	32.5349600430679	23.8039337025677	37.8849537801385	36.2231540369276	27.8907127848075
CG3597_OG0001821	2.55555554652788	3.99358835956903	4.09026864403848	14.5525073044021	2.74822254485048	10.1826619814967
CG3603_OG0003236	49.7749742412928	46.6961526203585	64.6886414118287	35.6749593620635	25.3991844920358	37.6903146374048
CG3604_OG0000941	156.558640306507	97.8867573860294	15.4770509481829	292.748786261996	104.659943315399	9.71041629731472
CG3609_OG0003446	141.172371743268	114.476775741055	107.866872671339	103.37914919827	68.3826782166577	61.9836237143544
CG3618_OG0010339	5.89545051381152	13.3398203554241	36.0775000051365	13.0244335764144	20.4468069367165	24.1610502597157
CG3625_OG0008740	22.1278212458719	32.7875666115702	27.4013881818504	33.3271415682668	36.8059836072363	19.459700212637
CG3625_OG0012586	4.61579358709013	5.23996017146643	6.58593764937705	11.0047939059105	4.84788456671372	4.03256589599019
CG3626_OG0003202	46.3853269694998	30.8999589427928	37.6477527216871	29.2555490707629	34.5245705513532	14.5018960715143
CG3630_OG0007790	44.6360817372719	41.4842503327029	50.2130505310006	31.9825232861675	36.2946999105965	39.7515350488854
CG3631_OG0002255	4.56629828452015	7.60356245543132	4.71563918575882	4.60480141990766	7.42438043127246	4.58367844931691
CG3632_OG0008182	24.0889038358617	23.3244365285509	20.4276687581046	22.1343680649861	32.6570472119833	20.8645637394008
CG3634_OG0010341	32.2161344391565	31.479483753069	27.4889461724676	29.089253578889	43.6668365046281	33.352820518885
CG3638_OG0000424_OG0	6.970245281715	43.3015156565812	10.364892275458	7.15577306200385	14.2240975344351	9.80833471330371
CG3645_OG0008733	18.9487403535418	20.6043024136483	17.7087868402264	16.2250826515201	20.8189745215317	16.1048924182624
CG3652_OG0009006	43.7063640934567	38.164892993403	29.394864872486	43.6785836401684	46.5648564279025	30.4246132746276
CG3655_OG0007393	21.8118605833947	31.1877399274197	18.9206475209973	13.1904368056394	41.0132980580282	25.9050731588741
CG3662_OG0003370	62.123048254126	65.440676399059	84.0638681601828	75.7788304945342	113.875443328423	64.7662740614499
CG3663_OG0006036	50.9199656766217	27.579956958283	32.205081329154	34.8483248510314	26.2511474101806	23.3465978688764
CG3679_OG0001737	16.1747619987813	17.9855635334504	14.330238093972	14.0140009304141	21.4135469158336	21.4040872933501
CG3699_OG0007385	8.81321327328859	14.7120710510368	3.18675278298514	17.6847005115757	1.06363048689265	8.77011927853007
CG3700_OG0006969	11.5362592150988	42.5387195267228	8.36134485214314	19.4896736929868	36.9648351193598	32.141423270535
CG3702_OG0003389	93.0775758223374	66.9868389138211	60.376445535403	56.1693422298969	69.0111624710151	71.8302203288157
CG3704_OG0001684	50.3702244273484	32.6578570081278	47.1853567024455	38.8392595748161	41.7513635161046	26.2481852620999
CG3719_OG0007674	20.391937028297	40.269222582082	27.1491980359554	39.6581877832039	30.8964230760233	31.7143141939124
CG3726_OG0008413	3.93708482940518	6.34094832421315	5.07814075934883	9.19259113183132	20.0500812899491	2.50654438211087
CG3732_OG0007007	74.4091101274837	66.6016162526772	55.9388901300831	62.8510210991303	91.0410554362492	61.2166596590379
CG3735_OG0006846	12.6687752654016	14.3398430137473	11.0219612669239	19.4313814805135	20.1310204769766	13.0218763426789
CG3740_OG0007657	40.1670969204271	44.2869226228853	21.7406911015786	36.0811454002849	28.3217800685318	50.3642594813986
CG3744_OG0004651	17.1637124463746	25.3748995046318	19.1591416089646	18.03629200448	26.6841407011332	37.1138868136202
CG3746_OG0007003	65.3241932706011	22.108694093968	21.8768857848226	25.9416082498188	24.4607400194047	52.5903380413219
CG3760_OG0005867	193.397584004643	224.699788095353	170.398639828439	204.76431937699	241.667547338963	172.487819259948
CG3764_OG0001313_OG0	5.16096326934602	6.57618190107648	18.7108609044884	5.77135204272917	9.966106930336	7.30925805080794
CG3770_OG0005864	17.0333891955091	20.9789391092563	17.4652408341031	12.8921617767522	20.6494086505795	18.2966918780501
CG3776_OG0005858	64.6331574187073	65.6580926314408	60.311175179939	72.3294946078844	67.0800450485632	59.156077151177
CG3777_OG0007845	55.7376998549864	85.7301089141755	59.9999856332388	58.3495177659316	65.8798014224295	34.4485023449737
CG3781_OG0003320	23.829211964422	21.3168340671949	12.3243176889039	12.9579432000692	17.6789064395723	10.4270702458044
CG3788_OG0005989	6.83703719359481	5.65743849062932	4.03219160538449	3.20640622355603	3.89224997141038	2.2035190433409
CG3792_OG0003422	53.0089235817097	88.1501804898897	62.3535394557944	72.5841240985146	68.2769709327283	52.728667055649
CG3793_OG0009150	36.0230442197082	30.9691599801144	21.5250256734081	30.0270202160027	37.3385686042728	42.4262317862476
CG3803_OG0002998	17.1453168332659	20.169046011376	17.3197763242276	22.1123950984096	18.7546484259523	19.5180245700616
CG3808_OG0003861_OG0	15.0927829217937	19.4815305760588	13.6961998653266	12.8270405811848	18.0538510453284	3.60541882106873
CG3815_OG0007712	18.580212164837	17.7514062608193	19.7693094206589	18.6498016198562	29.5746486832337	18.1905882791989
CG3817_OG0004588	41.2388360981829	38.7268635463548	37.4204251562124	46.6603150935656	47.4489520685306	33.1851784938493
CG3823_OG0007714	67.5564708929677	13.0019716390665	66.0854212850276	20.1635199131808	27.6698936840242	11.4988471729391
CG3829_OG0005855	6.2654838815572	7.85710419184126	8.4270603567691	10.421016411985	13.9881339056729	9.5931539220619
CG3831_OG0002724	2.8243909138606	4.69395306915286	2.59635596361451	2.98191186652145	4.17995153750822	3.75654961850875
CG3842_OG0007717	7.07455248535258	35.2205762337014	18.3514188710519	5.0067625522888	11.5450298286018	11.2947296722867
CG3847_OG0001700	72.7014352745617	72.4332378992334	76.2780500328904	96.4923162693033	117.496503329872	79.6253668563204
CG3857_OG0007628	10.1716097040508	11.7168659586399	7.84393919786773	9.08004362291282	16.0380800160126	11.804897554062
CG3860_OG0006859	8.19930281015523	10.3596952868898	10.0643756536887	10.76067084161	14.5602858690857	6.53572462197156
CG3880_OG0011576	28.6731352947404	15.0493845163675	19.1499274286331	16.4508588675327	32.7017058700336	24.9900644354997
CG3894_OG0002752	24.1750353084674	31.9382662335695	23.2371374603967	26.0685557562806	40.2586876376808	27.1880929320478
CG3902_OG0009916	73.1502831953348	79.3139963523056	146.923315179955	90.9452184840011	51.7997499771963	161.150377655445
CG3907_OG0006862	53.5058550395839	37.8325374425729	38.4247252235366	31.3114686994571	39.2684446966216	53.7505540563502
CG3909_OG0001390	32.7769953600678	35.387316757745	23.2723928270092	37.4528335178487	43.2691014239822	34.4319937219647
CG3918_OG0007721	52.7378690068739	53.3344271994711	39.0622562684972	36.6109716635264	53.396061900058	42.0977163178614
CG3919_OG0010873	2.09511395424925	2.52686697350556	2.4658014294062	6.9731685510981	11.0421617808334	2.26358799869067
CG3955_OG0006544	2.54848217613004	3.70105468860051	3.89539549107123	6.24866623030331	7.28983822527542	4.94898633565365
CG3961_OG0003868_OG0	21.7436326950119	44.3773495838229	39.0738562592921	30.0237934344555	28.5953516398522	36.5108905777845
CG3961_OG0013687	6.50716178073585	14.3106207759018	10.7231816714833	9.24917539661647	12.2565443135697	10.448036324532
CG3984_OG0004597	33.7748100286733	45.1249898673935	30.017999926457	35.8212355564314	7.82098486841929	9.5569175665003
CG3995_OG0002374	16.8447975296215	20.6573789297657	11.924671229488	18.031199539691	23.1788195818926	24.147631705867
CG3999_OG0002597_OG0	7.80091542421782	8.34075736429488	9.36231653919051	7.78101038024094	2.59258012130503	10.6381116336776
CG4004_OG0000336_OG0	9.14622134328717	8.73228922595371	5.71682426488915	7.94897270813508	5.42292836835945	7.07720528419366
CG40191_OG0012755	45.4796858251867	37.2795583246414	38.1155027319318	6.41509877334609	37.8616820566931	38.5405281852364
CG40198_OG0012428	27.7715722962173	128.426771917921	165.723681202711	75.8715680708198	21.0055663084674	93.1992048198489
CG4020_OG0008415	18.7984127208853	4.74495806010254	2.45906073392005	8.64123609582713	8.52883670061983	3.03112401319607
CG4021_OG0000332_OG3	48.0175462968841	76.6524542190689	42.7644206697783	50.9010522883009	80.7153761623532	56.097766057559
CG4022_OG0011263	15.886191926063	21.9313171641726	18.1605203890909	16.43487236208	41.5738165715834	20.1298646651628
CG4025_OG0007800	37.7911267504678	22.9895809250872	30.1159999646365	20.9256652529874	26.6567658848527	27.5619337741172
CG4036_OG0003610	19.3230224467622	19.3850761469597	19.9794817666258	15.5819754276423	13.8817479767872	18.1688599234101
CG4041_OG0003196	32.3175359635414	34.1197140308937	21.2204654969976	25.4492233872144	41.9039833421954	14.5812142386762
CG4042_OG0010350	24.1286252342225	21.8003797024606	38.5337508718268	28.8122560829855	25.704521702754	20.0828416421455
CG4045_OG0007618	39.9394644490256	35.8523785916563	24.3023485275948	35.4185774385201	42.9803335540597	30.1952396347006
CG4049_OG0006877	11.5564712974284	14.9326975239556	9.02277131062454	10.5936370357049	21.4993636521073	10.6556153894216
CG4069_OG0009940	30.335551865888	24.5567329394235	21.5113806614548	29.1345195037174	27.126236116015	28.9810075231594
CG4074_OG0010351	9.45289033471439	11.5101895957776	6.3362904691638	9.02413572998944	12.2137546888011	7.13355391721936
CG4078_OG0003286	8.23280658437224	8.40615027190391	7.49866815470338	9.25460867192094	10.506075294317	6.82329847178354
CG4080_OG0011261	16.5804520923057	8.83139525451817	6.82312265681929	10.1262104685586	20.2000968082444	9.22071042343733
CG4101_OG0010724	35.919601056691	66.8640064412434	31.9394237211332	66.9617562781031	109.699115138249	48.0904892997117
CG4115_OG0002408_OG0	10.3152603535139	8.63669830144451	6.57981044734543	5.09898561806437	3.84299065705372	3.35570162722598
CG4119_OG0007369	35.6287871284894	38.6963186351922	34.2915188965765	37.2495322959097	59.7215152897565	31.0282795973551
CG4133_OG0008759	2.07328555596237	2.9504701558085	5.66564078472428	4.56827030969601	7.79663124072006	4.88641047999989
CG4199_OG0001695	156.159978784074	143.725440227216	114.896281752034	135.717575135986	216.602516628747	97.6094276836575
CG4210_OG0002263	5.88986667571776	16.2492985712775	4.90974598444371	7.12606158056458	3.08697112201089	5.90613835863468
CG4213_OG0008750	45.9878317917951	19.8371191996962	29.3352727663259	19.1597389861951	26.3101078387302	32.7648927811368
CG42233_OG0002672	6.74047270432491	5.41797789886383	9.63944047272843	3.84637353404359	7.40476981559311	8.55722955236539
CG42237_OG0008430	2.50825081885097	1.72245279245316	2.90877383752677	3.61321861585038	1.85572451755615	1.66587319847117
CG42239_OG0012035	41.4470269210625	106.611940664269	42.4869434851003	57.9362541538517	59.8991568421569	16.8874249848061
CG42240_OG0007716	85.6553086127216	37.6484377667483	21.3278240595637	17.7203058130617	46.6700937541484	41.9969012236473
CG42245_OG0011101	9.19327201517868	9.01406680715723	8.49992872855542	10.1561741148071	20.3990584434187	10.0780416256887
CG42246_OG0012599	9.4324883187555	18.4652531039812	12.3536938548347	14.9233999451468	15.9273465379033	7.41621406114945
CG42258_OG0008469	8.4893283358069	5.91811220801202	8.98215685258214	6.9398667774417	9.60802315726325	8.66331857020853
CG42259_OG0011669	145.48968402289	149.310786211579	21.6479810101198	57.8435893503081	56.7016163069323	18.6001792645875
CG42268_OG0010985	4.00355562972889	4.47669353620678	5.6102589069439	6.30790612039377	8.55621358151472	4.67002831957276
CG42269_OG0010229	1.01788536632814	3.27209307259748	1.61760461436626	6.15922645349777	18.1181582537497	1.04202649265822
CG42271_OG0008230	12.7326757554966	9.37011079822274	11.0293844943468	11.2634891738051	15.9361719243613	9.8801038557603
CG4230_OG0008841	15.1178797552027	13.0168536430936	15.7862155588382	16.7387304994332	22.185619310846	13.0058608266122
CG42304_OG0011107	6.74165818290195	11.3733292355303	5.50443153428637	8.8362852461888	13.8339454936901	6.49147448343171
CG42319_OG0007254	110.64600840323	82.8984366149673	119.6985199511	67.5819811196656	78.9033535729621	156.939868412515
CG42326_OG0007140	10.0502277921397	4.51084747944161	5.30421749400624	6.8605196349612	3.70170961323552	7.35023054465824
CG42326_OG0012307	2.91346981853099	2.25880975732653	2.11252839033672	1.87202282072597	1.57030882222584	4.65971242470332
CG42327_OG0001449_OG0	16.9626498866779	18.6468253250359	20.3632194694564	15.1432101068182	26.9931164288643	16.3816630979591
CG42340_OG0007720	2.74522728311491	3.09268722315	7.67496533267116	6.42867688962459	10.4228314022166	5.79862990872401
CG42342_OG0004990	2.38722764624748	2.41414550980839	1.43026542256683	1.77131175947205	3.30872207763165	33.8301168403396
CG42353_OG0008173	17.074734622022	16.2642646236411	20.3508878821412	13.9278109960625	27.6650977496221	22.5231057404627
CG42354_OG0008172	59.1017531605074	53.1209003079994	45.064683643974	43.3904217064328	60.8254901508465	65.4382285350608
CG42360_OG0000759	18.1214257113993	7.4352807698987	14.9241041565468	12.5633869922785	16.4726882409852	21.7023791488886
CG42365_OG0000353_OG1	16.2497629805891	11.1856223407097	14.8857502979068	17.3005434286038	26.9940429874139	22.2824620036061
CG42375_OG0002215_OG0	59.8985497458573	59.7333224002263	44.0686344081623	54.9584432231932	42.6654630735883	12.9077283409699
CG42376_OG0007850	50.3948720981342	91.2105839405883	40.9480116161378	71.1460939624378	69.1570131458199	45.9256259409586
CG42382_OG0006382	15.9635437134195	16.1204543547713	8.81847669114594	15.3695190453797	19.0504414137905	12.3499312062437
CG4239_OG0008192	169.81732235894	213.867878985619	299.236765480878	195.98940374875	85.1432636302193	259.048647404046
CG42390_OG0004767	88.4216513814444	47.0803672218304	51.7135017790117	43.2319417730883	61.266477695423	48.3643041565566
CG42394_OG0012258	38.3096931403452	32.4644890399031	33.8518902035788	40.4622151685859	67.1012918047692	45.3096654466518
CG42404_OG0004608	1.42260813321279	2.2657923797992	3.32287170903899	3.11492476276348	6.22519860299883	3.07344375908805
CG42445_OG0010548	30.1411037991089	41.2415794240952	29.1135275417592	29.8623850272366	39.0039689981746	39.5344391067972
CG42487_OG0011511	12.0722929823619	12.7898112134863	8.66476384779687	10.6452991040752	15.558539912891	8.58396747600635
CG42488_OG0005148	9.45747126980564	9.24523013537657	10.6976122474103	9.76335242935801	14.0674443572948	6.32523848003021
CG42502_OG0009526	3939.92926739054	4590.19033692465	1673.85652997962	2851.62334866755	7700.01341616101	2715.2912127077
CG42514_OG0010739	11.7345193667516	22.1847035918934	17.9789465234609	24.3304266914736	22.561973084685	13.6160970919461
CG42516_OG0007177	29.6256978761799	45.3290896348025	21.8786851562	35.3954823409155	42.1125758846527	17.6542787932492
CG42518_OG0006496	132.984772977436	93.1108009218501	51.6510623567006	56.7418466120729	95.2927919211689	124.094811935377
CG42542_OG0004600	18.0015090501139	17.6579353809927	14.0872603099419	14.375082468396	22.0042794133579	15.4575095987275
CG42553_OG0011346	22.0026850704859	16.7631620146762	17.8117623305961	11.1071003037864	17.0746697683282	8.65583401851102
CG42554_OG0011345	17.0076335148654	14.0986480825184	11.0539188547882	16.7338780877208	21.1583460359288	15.2507934940588
CG42557_OG0005716	31.8932183850844	26.6492264004827	25.838832417691	29.1568018907315	34.9468315298183	22.1282754398006
CG42558_OG0005717	27.3332158424381	34.2381743590793	24.7786330757495	30.0841699342114	32.8626628320725	22.8686105805115
CG42561_OG0001560	8.76552112363351	4.31027235992776	40.0009752303819	14.8893330512388	5.90899011371065	15.0252204020391
CG4259_OG0011780	1.38075479251747	4.29597437702961	17.4192074026839	14.2251859301214	11.6706357070194	21.8993756405429
CG42613_OG0011448	1.88980450780632	3.36303434706793	6.05888426558313	4.08506169442036	5.41118531998138	4.06113392664936
CG4266_OG0006280	34.760305536658	34.9982750036264	31.7580420698758	30.6498548157698	47.3953394096626	30.4556032576223
CG42663_OG0007218	1.41207226755102	1.2516682811037	1.56707927324084	1.60414905046507	2.24405201933572	1.49995954424505
CG42668_OG0002379_OG0	5.75987340947434	7.35821533388523	30.3591411928088	1.36920359565775	10.0417117543712	13.9951249513708
CG4267_OG0000616_OG0	81.2595110417267	30.7717899624075	30.6692098751804	44.0650206517554	60.5655361941977	49.3569799867625
CG42671_OG0010054	15.2489362893821	16.2699730266831	15.4028587103095	15.6090460800394	23.9340284173714	22.9767580382217
CG42672_OG0003004	9.40811601510643	7.56074465667788	8.78508645393067	10.9261928339798	13.5571952105919	13.7607366493105
CG42673_OG0004068	2.55273234159971	2.74775405659325	8.25537386562024	2.65687147953148	4.27695189890269	2.44597961454943
CG42674_OG0002001	4.80078372499395	6.05079837965351	4.33028961490391	4.85670067321776	7.96922198099461	4.66337100744555
CG42674_OG0002002	14.0173130783411	19.7514425314038	13.1233542282269	13.4481650008326	24.1284678409269	16.0851498684805
CG42675_OG0004246	25.9944292490338	17.2589912834123	13.577628945816	16.0651476582182	17.6604750243156	15.7551795145708
CG42676_OG0004074	10.7522510031851	9.2728124310209	6.61479538642983	9.85002626608608	14.1628989452122	6.82984545608218
CG4269_OG0007013	17.4807626667563	24.7605648878478	41.3438474518124	16.0828092615743	41.5495145157031	3.7124166811505
CG42699_OG0008422	8.59598880871502	4.21870234862683	5.39757105683085	5.03509703890954	8.54974225660542	3.602441438845
CG42699_OG0008425	9.00725234536738	5.81996507343969	13.4953187511931	9.34304871503086	16.7241114558001	6.24485143384183
CG42700_OG0006186	1.21480484779989	4.21658895702731	5.09332528435266	5.82977469889824	2.90029022100247	6.85086185951522
CG42709_OG0009930	8.71140944241822	6.29662045504536	8.44643204276931	8.00894408147538	10.5464347002916	7.35093085043647
CG42724_OG0002108_OG0	38.0252224989346	52.5591590839748	34.1722212008974	29.805889255094	50.6578797856267	31.1921437439173
CG42726_OG0005260	6.25752970609698	7.93418521619935	4.79808565364913	7.3932690288961	11.7819086716618	6.12059929775005
CG42727_OG0005259	9.65231085620671	12.56265101903	6.65793727112316	9.53246053541608	13.0945947948198	7.93779919985996
CG42741_OG0001549	2.72520157395142	2.42790756825012	2.16546951121665	1.67067019817067	3.83478810264242	2.26124256855304
CG42749_OG0007992	40.5983322392777	13.6081107803395	17.3554406313737	43.177938620598	31.2501595841016	46.7498983530345
CG42749_OG0011703	74.2309396370021	26.5664080394081	22.0439554243124	59.9482002211455	44.3933815620164	44.6483055287702
CG4278_OG0009391	42.5164008867728	43.705875486055	38.2157601809108	32.7324040165655	43.3028823553416	37.5498472863262
CG42788_OG0002258	6.26252009677227	10.591867634245	8.32579244374587	8.22255196177314	9.02845318017261	6.3094519947752
CG42797_OG0011678	10.9167668909431	4.08800828748283	11.64058588778	11.2194319141949	8.19818420040917	9.00565884128182
CG42807_OG0007282	7.05000802865356	88.9696319121661	4.22219929655992	40.5064346820469	61.5342521707177	4.51386627190618
CG42808_OG0007283	148.740305282656	122.553748860657	124.961163919403	110.353072825187	71.215008346094	282.121341651703
CG4281_OG0007621	45.8580121812227	39.6081889850838	33.4724331912796	33.738495998987	55.1486434976065	37.6634713076516
CG42813_OG0005611	40.5057722892561	57.5050090684177	43.9599058132855	43.4996805031668	42.5258729629276	19.4792171404405
CG4282_OG0006484	13.363730490613	17.3797136882817	15.0920196552281	12.1944729184608	21.2571512148699	16.1092493517501
CG42822_OG0000391_OG0	187.927295396399	17.3701374188321	2.49963110616471	43.2935044258876	46.2798299606594	125.834130844566
CG42822_OG0000391_OG1	5.54963846111429	6.09801254939534	3.28092717895517	12.2146791789289	20.3528929135988	225.638069185569
CG42834_OG0000465_OG0	5882.60778262328	2207.6204149591	291.400780844189	795.976465861582	1739.8505557799	1495.51596165528
CG42834_OG0000465_OG1	7186.44301359136	691.671351047073	516.418207292315	1573.51206081764	2090.01196241852	2671.97921630658
CG42846_OG0012591	12.129651774612	6.54565601416167	14.9868415257657	10.0709031388604	11.6403365883929	9.97062076124818
CG4287_OG0005214	45.0595637949143	36.3550969950138	29.022262671857	26.2124940112075	31.7774385682397	40.1301060737573
CG4291_OG0003373	15.8809071946659	14.1283245904253	11.2881444806783	15.3073224060835	20.7991567832787	7.26748526324422
CG4293_OG0003182	71.2615003667253	50.104152740807	51.117647338969	40.6188337221741	54.2350312584263	33.6468203561075
CG4294_OG0001154	20.0086056678695	28.8290653639641	28.1472235283953	22.9706890211733	42.4134481416227	31.772923571817
CG4297_OG0003356	3.34209136937908	3.14717002906879	2.5891283126058	2.46822057928041	3.193284215558	4.79912443361739
CG43066_OG0006705	1.29792181028798	1.71133996861795	4.19056358360545	2.58382742764315	3.57903588555876	2.0773662305205
CG43103_OG0011562	42.2591588731753	52.3965672253328	41.0430567991048	69.776531953312	34.3545525579557	86.4993057345574
CG43134_OG0012667	30.3487180267554	4.97820580345289	57.4408126847091	20.3937319573923	3.94287984539278	17.4836882117307
CG43163_OG0011181	13.5569718666488	8.36306070760094	11.312002298754	11.0118596697149	17.0966829867867	9.38817412035485
CG4332_OG0008561	51.1756642843508	39.9953879867917	34.1332700782838	19.7702150720541	37.3490088445434	31.679791058752
CG43322_OG0009630	3.07703904979924	1.87145752804635	1.80330248803009	1.78901178785701	2.37616084076815	3.80374538561979
CG43326_OG0007000	118.752845489842	85.1389714667609	134.644476855654	128.439935917229	106.745549157537	157.125118967897
CG43342_OG0004749	9.34302386660752	7.96811390516739	1.97169241948049	3.19839263389934	8.77524289907651	3.38330454174043
CG43346_OG0003682_OG0	17.4802609672025	38.3369512603887	24.520643207831	27.7202674188657	18.8786601067357	25.1184635411265
CG43347_OG0008053	1.13859991262406	2.71731420776177	4.0534108509211	4.31777651434443	7.95148550302411	2.49235862493636
CG43366_OG0002686	2.9448313051765	4.43119811583898	3.78181488600956	2.43332094339853	4.95673364149163	5.31077721400632
CG43367_OG0003982_OG0	4.2454980517175	7.23532162463407	7.50763180754749	4.26772984145536	7.23191588704497	5.79866724324247
CG4338_OG0004611	21.1610688726626	20.2942707426088	24.2597463844411	22.9296753854937	21.8015025912368	16.3575729369765
CG43386_OG0007541	5.57091408781356	3.551532418967	9.06444002991014	2.68602457191822	1.42248236124306	2.25033172720972
CG43386_OG0007542	8.28053418814912	8.39199137338622	3.75618031480504	5.66286995095257	2.87380752393765	2.01833282729584
CG43394_OG0009243	15.6618264484991	9.72459931988569	11.8757558888377	10.4326433474807	15.5730372201633	12.3051851482464
CG4341_OG0003383	1.88765646784012	2.44954156692785	3.87656863486014	7.54675090811897	22.1537431737483	2.54248503298437
CG4364_OG0009267	174.051674386498	147.953476313161	208.187812665125	212.756503963142	293.995106044687	229.601432587863
CG43693_OG0010081	4.71373957158586	1.23328906367753	5.58524459134089	17.3867888264122	3.81112660794942	4.8319338020335
CG43736_OG0007811	13.367720600352	15.5025287007593	20.9252505784143	11.443989871352	23.4685912739824	23.4623407256952
CG43736_OG0007812	55.2756168926263	49.0702234948729	93.4661767510666	49.2102359667349	92.4136296326883	80.1529578237608
CG43739_OG0001256_OG0	12.0637949704825	7.70790417037874	2.96711521267251	7.1561448915271	10.4723325044914	7.51079105802871
CG4374_OG0005504	4.99641549740506	7.21153875142332	3.05564241729019	2.45571749981851	10.2339040960728	3.57566042671625
CG43759_OG0007477	21.8741062017222	26.6924825598952	20.3494222282648	15.3627730309398	36.8875624119834	23.0015924011961
CG43783_OG0011924	2.1646637377957	3.16974847452005	2.69375991047183	1.85675495218404	3.18075343762558	2.83892285934925
CG4382_OG0009273	2.21309649188285	4.81234962662004	4.98849733967894	3.83578196770721	13.3542408278526	5.1394742547821
CG43861_OG0009120	16.4264482122099	14.1191734319914	7.98748605801188	7.87395169814884	23.1292265771059	6.27797617978331
CG43867_OG0007349	16.3786152076619	5.52377740672514	4.20833663635441	2.95848286038665	5.40463470187639	2.71492920911261
CG43897_OG0000454_OG0	2.09768349714289	8.70068229456733	11.7696840473059	10.209830268949	4.84808376626705	2.55857648072897
CG43897_OG0000561_OG0	89.3455572285513	300.277048222907	438.077437051092	156.896628136377	241.00292960216	190.376259721437
CG4390_OG0002181_OG0	18.1830637321092	14.0854319892625	12.1626408768726	28.5071153307529	24.0818479423399	5.3650561810863
CG4393_OG0005502	1.52687474100344	2.56878710610939	3.45108353336037	2.47244374392254	3.58662706022592	2.6922165155616
CG43954_OG0011897	78.8404332708029	65.3516017661729	59.4219112508226	69.1387164689964	88.3176208327452	81.7098451696299
CG43980_OG0009866	5.00761811499609	7.64309796937794	6.50353611031385	3.88787300431797	10.4725219785123	5.83770404059041
CG44000_OG0001812	216.82313160485	282.757928992983	215.618059010259	211.915123983989	267.424147682957	241.092009593372
CG44001_OG0001811	198.751711290903	208.844017941044	178.433184455475	162.489854781756	212.472496818935	195.685044028444
CG44014_OG0005243	1.26486138819926	4.30251086521758	3.39865519329431	2.69845014421222	3.38114067597911	1.51234655311886
CG4407_OG0003288_OG0	24.7564925117047	12.1554715854942	14.2547254497115	12.5104917791246	9.28958022140649	5.15817609675137
CG44085_OG0009225	90.0260852776129	50.1345765053158	77.6009701708372	65.9180251673804	77.4917797620011	77.7245707478762
CG4409_OG0002910	4.30226789501872	7.36410161035203	10.544471246418	11.8499402673445	21.3688599886692	14.5404080869586
CG4424_OG0002176_OG0	6.49202968615923	5.53830183893598	4.18679625441406	4.94812069722598	6.69955949960751	1.11396790202616
CG44242_OG0006120	127.292414581039	199.156686196326	102.726267703204	150.124677534833	148.306289340901	136.914264692226
CG44243_OG0006119	385.103763347512	287.697190633962	176.713609362589	324.910880202897	288.249153867392	336.385675311057
CG44245_OG0011642	1244.40199393225	1229.71685285558	1199.71486211594	1440.47288097925	1030.04397959525	1775.98699368535
CG44247_OG0006062	4.31648587594439	5.22297274223515	7.57641351732732	7.30290112570212	11.0517029806516	4.24352459127412
CG44325_OG0007743	38.2708269975141	26.5870645580429	29.6518874689298	26.691234560572	23.4852173870461	22.0186617924421
CG4438_OG0000685_OG1	221.845920322554	247.371407348631	204.623438147101	199.115835468276	256.476718007638	265.740312881827
CG44422_OG0012329	1.47064751116867	2.90811784441162	2.96993778610611	2.29975776424008	2.31582789351442	2.46131785362127
CG4452_OG0011252	37.2197601646497	38.530395469594	29.2418429489688	27.4504804673122	40.8670869979958	28.9246236283428
CG4455_OG0008859	141.163673090157	138.672884116469	102.883421314981	100.95767079519	143.63545564993	75.3288199108058
CG4462_OG0001371_OG0	1.01852611713214	4.97358216555722	4.58107714004178	3.45647508950013	2.88283419802523	1.49401909827107
CG4476_OG0004109	3.32432635174359	1.76337672926423	3.68119922170644	4.90246959978391	4.5667888879635	7.74860551504103
CG44774_OG0007903	89.8714952864486	91.9401164087338	47.8502118976648	13.413580847597	140.935643114075	42.1062447031755
CG44838_OG0011015	8.00222023824172	7.81009515726135	8.54707402947164	8.51681185784436	11.9563522182362	2.64880496415971
CG4496_OG0009339	19.7785272351432	10.0357734399095	2.33648715959514	11.216539389376	22.08090028333	7.69614085195227
CG4497_OG0001885_OG0	8.40414604935882	9.50786998756647	9.49780976882965	9.27256235305906	14.8079316234319	6.8072435707961
CG4502_OG0003633_OG0	18.5927993151798	51.9771753716052	18.356707174899	37.4451894568501	63.6545404102643	12.0431670270103
CG45049_OG0004703	22.7942126861564	17.4130099346926	25.133741318692	22.1750562204748	37.8844475749501	21.9931258194744
CG45078_OG0000532_OG0	298.514045968414	331.122997536883	239.996778873988	245.83592388686	272.641194867963	381.994667404993
CG45092_OG0012069	30.2187229549785	30.3721986707952	22.7321700781389	20.4483130799054	14.5702844312133	23.3458603472332
CG4511_OG0001487	109.718534723961	121.0033767927	101.758214156175	110.193995651053	147.378786301652	100.049506771214
CG4537_OG0009252	11.570588876857	11.2850142817804	13.56938735649	11.6267900200759	14.9125430693159	10.5112678742289
CG4553_OG0002497	17.5161811087619	10.6908675827012	7.28970562047101	10.2473295499582	15.1578576398022	7.95185792950713
CG4554_OG0007017	9.9993425343575	13.1056041108822	10.8161680855305	9.75218112098173	12.6284080551788	14.7355305127677
CG4557_OG0007808	22.908036825347	21.8717330502707	17.5866241917516	19.089102930903	29.1846928019736	18.3190204416052
CG4558_OG0007810	20.3610303178632	37.0369733400568	22.717991446012	21.7373926086506	39.5922974548236	22.7298096798939
CG4563_OG0006010	4.03393302728896	8.96969932019552	47.134448621307	69.3401902547776	17.0070708484328	8.00143731468492
CG4570_OG0002554	5.84933035408175	8.32583722648982	11.9894265726734	19.9355355706849	20.4982587951994	12.0253383718793
CG4572_OG0004516	205.980724985342	137.893895063728	103.592546384073	160.580802711434	179.549902648716	110.392823108329
CG4576_OG0005227	56.9193173181757	52.7705579351749	6.06713671753455	11.1677544748688	10.3161632383307	2.79304738716334
CG4577_OG0009021	2.97271055702715	3.75351499967136	8.02850293731267	8.46356358450034	8.07252138793001	3.06936643048058
CG4586_OG0007816	8.58861903396344	18.0352224278265	10.2125422948556	23.2491588907472	35.8949552865762	4.34752659167569
CG4592_OG0003507	19.2397175863536	22.9351122480996	21.7879720984726	29.4984517225933	17.8918297830219	15.7093743888384
CG4593_OG0007824	54.1495339114393	50.9138352848836	62.1630066921968	51.6800487479571	47.783481472923	68.4311127909616
CG4594_OG0008846	30.4161247520745	32.6424242564806	13.4746498104941	47.4395127421591	42.9562827530635	27.1913786979078
CG4596_OG0005470	2.37790595835607	3.95002346214957	5.14652725061617	7.37189905394194	10.1330736204858	3.75334665568428
CG4598_OG0001841	117.135104229674	95.0006422250832	53.6718760723631	75.0888567397027	82.5676715438012	81.4567313933016
CG4603_OG0010604	94.5316352682374	97.1211419779133	58.852991386402	76.001519845717	94.5463241246596	92.2847928947786
CG4607_OG0007828	16.00337007486	21.8851615390384	3.23233856770845	13.8479131206177	25.1198457403486	6.69161591437845
CG4610_OG0003020	8.30036873054644	13.6696513875267	10.0021377502979	11.7521296229689	13.1584326208502	5.13992263212835
CG4611_OG0010602	6.535658908996	10.7373761606252	5.7420803644264	7.38293560398593	9.73234714253337	6.96111883094381
CG4612_OG0006016	67.5692249255694	90.703955876348	73.1802272636062	62.4759346264178	101.932091759284	62.9543338513567
CG4615_OG0007829	9.67604417502039	13.1518446892854	8.96478530156243	5.07874155827134	11.3392278581395	7.31942183591278
CG4617_OG0007982	25.4733579614828	19.6291703640597	17.1159675406571	18.0353745041328	23.9036509363476	14.6402406517996
CG4619_OG0003513	21.6241282128017	20.504075217255	17.0963761910863	18.6742547672853	17.7538676670306	10.6399748307187
CG4622_OG0002747_OG0	15.0143061678721	17.4405996728843	11.4452596236116	18.8413105053306	28.7070441502271	14.8419341346626
CG4627_OG0007243	10.6816244249282	17.1435322158756	8.81353289824233	10.5831234227888	10.7193740932543	12.7481268978841
CG46280_OG0005010	40.6369985375961	43.9738638146701	29.0646266209765	28.8625906862838	42.8577111210563	30.9068943324934
CG4630_OG0007244	1.02973829508808	2.55294369169444	2.19460807667777	5.1916782317132	2.01106829471956	2.04049813122743
CG46315_OG0001561_OG0	57.1924335511829	29.2627111089503	32.0458491176411	33.8526856219553	6.60484695330054	36.3446096098508
CG46338_OG0001604_OG0	22.4530101480947	20.7481488371666	18.5691413239143	20.5491106261618	23.0556242821559	19.4664012806039
CG46339_OG0011525	12.5036866726442	8.77548476586294	5.34145289139983	13.3867899998657	29.8289456308447	18.9707670905981
CG46385_OG0001131	88.3424138073621	104.117499544713	77.0004198102962	106.237391616431	94.7744701119434	110.520017855475
CG46385_OG0011595	22.949548397406	5.91455045646557	25.4928197717435	28.3788465547338	29.1833703910307	28.2691162452627
CG46426_OG0000975_OG1	214.984662825904	28.5576258621109	154.732856666629	97.8177495188746	108.620534900768	143.34032251117
CG4645_OG0001756	34.7819300762603	43.4150482296491	40.9598812433574	30.608643870752	37.7798873060341	16.6836679265625
CG4646_OG0007245	47.3744715098505	45.0939994253752	35.9725279679787	36.0433539913069	33.1138853524907	33.521277014386
CG46467_OG0004573	8.53943104788287	7.83994082525331	6.96664718891425	7.68719825045503	17.2876770857079	1.27568156206299
CG46491_OG0005914	18.6426673933912	6.41020964007561	10.0058147290187	6.95045484236135	11.0704765307699	9.54937987591508
CG4658_OG0003518	53.1800945112748	50.2133933923069	52.5897435562888	57.8087554119431	89.9855074403905	51.5489672025027
CG4666_OG0008616	47.9394431891334	41.6247835156096	21.4750690425406	75.8020232740075	48.4468360386478	110.442299045267
CG4678_OG0008306	4.29210352632671	5.72105145797189	6.07104175068835	7.48841199101689	8.75260849264027	1.75593462590061
CG4679_OG0007250	22.4125115841425	25.8229084449447	29.2101820261165	26.3034301775831	20.8036517038261	31.4816470750453
CG4686_OG0004517	20.2865157689342	17.6618513638052	9.07050006672311	20.6999939192061	26.2921283891404	6.20169249491206
CG4707_OG0006029	16.7515555965899	17.7728479649406	16.8949300618348	15.8418513142064	22.2590506183322	21.8619928036694
CG4709_OG0003516	12.5494444105837	15.1964855309977	10.8169151881634	10.7791257438173	16.5710791664514	20.754256215283
CG4716_OG0001672	6.66341326921102	3.78343006586535	14.0060971633432	76.6155087513388	34.4169976274086	6.48629553996639
CG4730_OG0005135	3.68399476838527	7.64586459581793	1.53158349491524	3.767569711554	8.12727028231175	1.9065008573611
CG4733_OG0004520	9.32711215828967	7.27712713965959	6.38305054026946	6.16427697064093	6.82852386577725	7.86512684996202
CG4743_OG0001453_OG0	5.81317712459065	13.1542022520523	7.04165176127022	7.96072812846538	3.98563362275471	9.86621853372702
CG4751_OG0009679	24.7715501902214	30.2803567418901	21.8952074759394	22.7920060932573	37.3317467370529	22.8471290563457
CG4752_OG0003021	5.41626560282804	9.7842131316997	4.04332771999408	15.952085127571	13.5768670776245	17.2092796474444
CG4757_OG0001077	21.6708570722787	26.1510336778125	4.38772842491553	89.3346716516585	2.68777149109608	23.6863192719586
CG4766_OG0011724	12.7541791117772	22.2181201850519	5.69980154789745	8.90149405421844	26.1122386019684	13.0410303717489
CG4768_OG0008563	11.4050249406819	12.5510821595264	11.2617465376847	9.37148929205685	19.6284875248132	9.46390350269386
CG4788_OG0001278	39.7657793881351	24.6090470738555	29.493081016841	40.7715526143953	41.1846129623923	69.7419936989084
CG4789_OG0008565	42.10295319778	71.0036520253792	32.2001033504908	63.4431238572918	79.563735371284	25.453116577397
CG4806_OG0006040	36.2996719292192	31.2392416026069	28.048127990642	38.1671787130008	36.0570877433119	28.0273186931961
CG4813_OG0004704	25.474882866138	18.8739834664555	19.0411388482346	28.2308563583544	38.5903919936256	17.4087043130102
CG4820_OG0005457	10.8784708809966	9.19206423492155	8.07058398642249	9.48412134518127	13.9822782729921	9.53729716946229
CG4822_OG0008725	21.578529950603	6.03306419813375	7.72517079642776	10.9973441364066	20.0468953076885	49.8381297826858
CG4829_OG0008569	40.6924132614689	25.2193704346601	43.1018757495	31.9023356116	29.0802675662137	27.575069572054
CG4830_OG0000029_OG0	4.77146999416391	8.83171783657581	43.6502546271888	88.3631224697419	24.0095370900285	4.31949335298461
CG4847_OG0000539	480.533786088352	864.034516707107	1117.15164116366	1658.16176129887	520.411233788477	2169.78384010297
CG4849_OG0002545_OG0	43.7191861231102	35.8173803909765	33.2113808171215	34.1427006027265	45.9324647813411	32.2316588825225
CG4853_OG0005889	29.44383044403	33.3879369408609	30.1757020379022	32.094743188973	50.1280069713684	36.0396479622235
CG4854_OG0002177_OG0	5.03381296877953	5.17216294199355	5.05634160169921	4.47001915992647	5.26558361672273	3.75468804543611
CG4858_OG0003954	21.4704135785334	25.6027447878298	16.2082003764962	28.7038365118523	28.0088438209439	22.0783532698537
CG4860_OG0004950	41.6574788014199	32.0703497511981	32.3727174861691	6.38254843679883	76.2492932105058	30.5621843028361
CG4872_OG0008573	20.6353349740648	10.6730539474007	14.6564402890134	8.66370227902611	31.0794776328862	12.5040053667753
CG4880_OG0003314	15.7829383494772	19.208902478264	10.5142558007426	9.65518497845062	13.9233335040404	5.42590494106737
CG4882_OG0006945	31.5531572076841	34.1871180424371	25.0133290388824	37.53242179691	39.8372915040726	28.5620651410173
CG4884_OG0005412	32.0788674099435	22.3278672175582	20.8513580126947	24.9013022016117	27.5170979242876	18.154005538309
CG4887_OG0009031	28.3923644214956	32.1770170484689	22.404520186054	27.0927502442785	44.6777540290077	14.8406870783748
CG4896_OG0009032	17.1940970447359	16.527598407211	13.8377979523253	13.9078472921903	19.4921291862135	24.7705096359246
CG4901_OG0003528	21.0885315276215	24.3649547401757	17.4483981726019	20.5015294181328	27.096924307445	14.8034251492641
CG4908_OG0001851	13.4184965533969	14.4518015078758	20.3008461848502	16.0329993675094	17.9246657144277	15.5015536714726
CG4911_OG0011234	7.25639669580278	16.5495620496981	9.50568501277011	8.13070494282035	17.7145513711863	13.2338805328519
CG4914_OG0010862	7.62389839639793	30.4059576104367	4.10425886429031	8.01259323748845	29.8475053966719	6.21101823547669
CG4928_OG0008578	32.7256679315844	15.0891985384614	28.647230147177	16.188162354556	24.3641155372621	26.7577922167184
CG4935_OG0009135	6.61616979274655	6.6358064734788	9.91504027369541	6.56071936134985	10.7505277651495	5.28465018535763
CG4936_OG0002179_OG0	25.4845391184422	24.9661957174634	21.514536507583	25.7214648824339	36.237219204325	4.87423059742421
CG4942_OG0011235	7.44703057275283	6.47437468125151	7.24396994078796	7.31092710482851	7.06476446170501	10.7284470606019
CG4945_OG0006635	6.42755462032839	6.45511159745553	7.37251097479488	10.6595345204174	9.91827461356702	7.64290604784433
CG4949_OG0008586	9.3467830969788	11.091992249038	6.83279089735979	8.60472742130412	13.4745160177114	5.6076486374393
CG4951_OG0005413	19.6708613873835	23.4357959043687	14.2115907033793	20.0320602866288	26.4096001383571	18.4561833519974
CG4953_OG0003533	20.4391236204294	15.129091043534	13.6274842888995	12.807420770715	18.4087534810105	13.3851316025401
CG4957_OG0013252_OG0	12.9982493040208	15.9340542562552	12.4524836318453	2.13616096808308	11.1862757185758	10.5984696038696
CG4962_OG0010770	118.197792560784	77.1170871081709	379.012092940622	47.1371123193524	28.3295879264355	512.768254333615
CG4968_OG0009390	77.147190795937	85.4054926033815	62.4640894579771	67.124696389354	101.527652506615	78.7427459483314
CG4972_OG0009387	38.0826388392092	58.2208199601352	35.5653143555387	33.4149483610954	56.3949331111972	31.4048549850373
CG5001_OG0009034	26.2062872190062	34.9522508069991	30.8053575971757	38.8805671797557	35.9720566470546	16.1752980365769
CG5002_OG0006072	29.5899640251538	10.1030593887388	44.8922835773809	10.9964265608394	20.9698910031224	10.5417656738355
CG5003_OG0005338	26.7932885516501	32.9090101580128	19.4553839279126	28.7253984478726	41.362810004798	28.9940624586685
CG5004_OG0008591	11.1386826460752	10.6589412441949	8.6109157718932	9.48920501421906	15.9540131716412	9.34900222494252
CG5013_OG0005205	18.9568611956234	27.9982968136112	17.5432520957076	19.4317076997555	25.031245845827	18.6341396957513
CG5021_OG0011219	68.0434274600146	56.8625986119636	55.9523997906135	52.8011164121318	61.2012278868231	57.3875014896728
CG5022_OG0009384	9.29217540405731	2.25233270333913	5.95352097566262	4.1891328026875	5.96740859038847	3.63476571269223
CG5023_OG0002184_OG0	110.994071375295	165.690962061037	194.097754467289	149.555387493571	96.2771542931301	87.1265011027067
CG5026_OG0011220	22.4662834263169	32.5201564182455	23.763060188886	20.2373070977073	33.7091675936362	34.1136836835206
CG5027_OG0010785	20.8000754000694	12.0561622488009	27.7139742329533	19.5437103952785	22.9348493179356	25.1871779474059
CG5028_OG0001069_OG0	146.127483753124	169.182631694922	274.640504000101	192.933648046925	44.829021298511	232.866226018109
CG5033_OG0006081	38.3459463427656	38.1154928620523	29.3188418046872	39.1918585887187	37.7232023854521	38.2059450593603
CG5038_OG0005257	4.75716531371051	5.7422506163782	4.02463621890717	3.68806765779653	8.06111440636882	4.19548011391499
CG5039_OG0011494	6.7888492936786	6.84185046437274	6.71911676978302	5.59921249817006	6.26857001108283	2.08898709114046
CG5056_OG0009380	32.7021297893199	23.4652806240622	25.7863979243675	19.080237232976	34.893405785411	30.4813308563515
CG5065_OG0002900	4.54375840170967	6.26624006790834	6.40172974809054	4.8403194767876	8.02433144193161	4.40825359843352
CG5068_OG0011225	28.3679711689947	29.7307304741543	33.023965315891	24.3225047935529	33.4080784041107	32.0606064696533
CG5080_OG0009027	37.0286983724572	18.8749005621042	44.3847424077573	47.4588550113511	17.0357783784855	12.1503386779568
CG5087_OG0011228	17.8415145490398	13.422967316395	17.1711218330308	13.0852039860229	21.3620656362337	13.2117844250397
CG5098_OG0006098	12.4121859415758	15.9555516683823	15.2323529736193	14.1924642641249	25.7861244447946	14.0797452369653
CG5104_OG0010357	20.5307259944548	32.5569021088114	29.1730136213087	24.6587484934258	13.7453456399393	23.2708244005912
CG5114_OG0010850	38.4324563345331	34.5246602590421	25.3098882899222	33.9883440762977	30.6257638375676	29.8105349919742
CG5116_OG0005147	17.3205320746341	19.9937005929968	14.570338977505	14.3833348704484	17.3854464713213	15.6161703650264
CG5126_OG0000476_OG1	39.2485438008707	36.5984233463577	28.9810870450897	32.7312200084585	62.8796185197473	38.5346335436204
CG5131_OG0009479	20.1710648038089	16.2864596494977	13.8376357490215	18.2506674888886	16.9843698935686	16.2745906449331
CG5149_OG0009334	14.4130072013014	17.6801943624165	13.585972357626	17.2982041002472	25.4376870968412	15.1608019755662
CG5151_OG0010787	81.6335818447607	56.3769539709666	52.7974797396091	36.7564530249048	69.8899470570564	66.3728063219347
CG5160_OG0003629	4.45805697385309	3.34398269745749	1.25872517953589	9.37226168883457	8.5683738314887	1.38861239140972
CG5162_OG0001771	19.4515631249076	40.0888800559371	45.680202941828	22.2768915273332	33.3567516550591	44.8313155029958
CG5171_OG0003628	175.343342381856	340.216400166121	6.1358076817814	221.657853159951	619.226853160844	57.5615415832474
CG5174_OG0006697	74.2977779443713	83.2384152218762	68.5011875440871	66.8354799417007	99.23901818115	68.6155080256284
CG5177_OG0009332	514.846442617148	504.349593388634	516.336302656841	601.21784812558	386.539848646755	497.222108366878
CG5180_OG0004925	35.6308068585571	30.4237202679001	23.1608800166077	31.9779276772609	45.2817115578435	28.9398781201902
CG5181_OG0009331	31.7343315644064	34.5664734397224	25.4122220011109	27.5767062654304	34.253517088224	18.2610522657889
CG5188_OG0011798	13.7712016071017	11.3749905577721	22.4897101046554	22.833308045557	17.4425257255627	14.1081893810621
CG5191_OG0004927	4.43660134178152	8.17109817637065	2.01726750699134	5.48918925212613	5.71336686927933	7.55083120117509
CG5196_OG0004423	16.5908219857987	19.5797331245752	15.0391172958171	14.9742212875555	21.4408055773848	13.6357931495432
CG5199_OG0003958	11.4791002734712	15.6937594829622	10.7325196368073	8.61288437215147	13.3678969110267	16.9652051079376
CG5214_OG0005447	166.926963268025	240.014500639121	250.020369230617	228.222862478275	146.511388309005	264.328257445889
CG5262_OG0003960	7.20335572381336	11.4672503407848	4.71146203561194	8.74345326589907	10.393373652542	10.5202569408068
CG5265_OG0000411_OG1	69.8669441808303	91.9249984049251	75.0555317466584	49.6102394548991	64.0873097766205	47.9238827539448
CG5270_OG0005440	5.5433908168535	8.01208100458721	6.07412937982551	6.47274379473055	10.4878401013002	10.7636151132994
CG5273_OG0007863	313.179982003639	152.286530407415	192.047941751693	93.1754841587934	134.852018458805	174.492578002704
CG5274_OG0010368	18.3056027505369	16.8125954406192	10.9209212074146	13.3411503210533	19.9051540156888	14.1201856889655
CG5276_OG0005437	23.3559932184518	24.1428408819251	22.9017312497665	14.8123165388127	18.2853081252871	20.4332123693182
CG5281_OG0005435	4.62112678104505	5.25854655476619	5.39176217261745	9.49390820551244	11.058556530742	4.52812917040664
CG5282_OG0010369	2.79167890089876	3.8945938520808	6.71064855287768	7.77634535196926	11.8710920154208	7.34985741132987
CG5290_OG0010121	17.51265509578	15.8258121216979	8.46639061637552	15.0332001366583	19.2076804016413	15.2739354571668
CG5292_OG0005480	46.7303344529434	32.0602809704	27.3370878879393	34.2201855736145	45.470572835794	30.2451677553088
CG5316_OG0000459_OG1	16.0637253440751	37.426026630978	5.30858265967329	9.54907140865727	15.4813467395269	5.53724428761561
CG5321_OG0008215	4.13172459380839	4.62248875407139	4.49116846902338	6.74144750584383	3.65133301182222	3.82183240960602
CG5323_OG0006712	41.8629059587667	41.7664408010119	46.0746787380085	42.4858358610674	48.2818668201744	25.1964602352696
CG5326_OG0004728	6.88086145823399	39.6618118935331	29.2898787684358	35.7320427591938	30.3650651284633	21.0159639673549
CG5335_OG0006715	13.5778010746117	19.2930447463348	15.6997049190934	17.2399373172431	21.1215030314386	8.77643306736976
CG5339_OG0006940	19.1196916347426	23.9913851065911	18.0956492808312	17.4426856216901	27.195906508327	20.2006265200066
CG5346_OG0004730	11.7035492487911	13.5541728311206	9.37006631273999	12.7432414993018	15.1361027533177	11.2462976618192
CG5347_OG0000362_OG1	37.718805469732	45.602130487368	34.063844506165	30.1918814590146	52.9472284986209	28.4026963744099
CG5355_OG0009376	116.048305151261	150.117570821454	109.708886683551	113.11483672271	155.476641121531	111.224885050721
CG5359_OG0011949	5.43463140247199	8.77474611880919	6.32297608981226	7.21861380795125	6.7976909755376	9.93342632029336
CG5376_OG0004732	22.1267496949044	25.1050352976014	29.2832817638359	23.3111023062608	12.8215793608212	21.8522005448458
CG5377_OG0002282	27.4611612379277	41.0816991947961	53.977165872786	60.1163822881447	27.5353047276025	72.8651792193465
CG5381_OG0012752_OG0	66.5140249133727	44.8212133647535	49.5818658338561	50.412040640947	35.0485421681174	22.1212873873336
CG5382_OG0004752	58.7359350736343	55.3241810063888	37.2341896423542	45.0022923897777	60.5241697540581	45.0674513772498
CG5386_OG0004758	3.62617614776889	1.61953586812689	9.93185101172551	7.71593320970322	6.88123889227426	2.03314150387502
CG5390_OG0000799_OG0	269.670890628185	183.625610730807	76.4761352327433	201.849619866867	215.184739543793	278.733905325196
CG5391_OG0004759	239.452080284522	428.795665916261	186.741771276679	281.969738594687	634.489094086417	158.378608889566
CG5397_OG0009036	37.2549532658846	32.672996570719	59.6336456564263	33.250998488689	29.1784580704245	105.033448206909
CG5399_OG0005240	20.9034906530272	19.636589396696	56.2714559669879	78.0682524123591	28.2015457902533	3.38624999017341
CG5412_OG0004928	43.4191724709597	28.4310911346347	35.0309913974004	31.7221358134617	39.2243141289518	18.4422943358912
CG5418_OG0000363_OG1	17.7658578659605	8.21450589043708	7.40245319359386	33.2880926904772	13.7862170282022	39.4262768036005
CG5439_OG0009773	25.1381467671565	24.3358477075982	19.9869230216814	23.2154856886047	28.2845118976723	24.3995815065269
CG5445_OG0007709	15.5126598070745	33.2582026042072	18.9569541545134	34.8752442894019	59.5496636032988	23.7625658958577
CG5446_OG0009744	102.848170805095	120.125576260212	84.0471607535773	97.9606203915113	162.79710317401	107.227278974357
CG5455_OG0005643	20.1320753167018	12.4676369805411	11.7648492015414	21.8734385476884	21.8426006247027	12.5713833684402
CG5466_OG0002388_OG0	6.62148345767865	10.7699588513675	5.46929091912493	6.7191983026247	18.1390249072248	11.0302852415487
CG5493_OG0006713	6.4571182643482	11.521776435401	12.4179625470774	23.1376417929224	7.35682503394733	32.247426413717
CG5498_OG0010375	37.5094886881467	34.6323350037555	17.128735266878	26.421481291771	28.6046554044755	23.6565711673838
CG5500_OG0011527	11.7529157975749	16.572579248654	13.2232943491837	14.7857891718882	15.4715186255532	12.3958556536303
CG5504_OG0006965	47.9466435333569	48.510734260815	48.929974715593	61.0605755150407	45.1284027363849	83.3395927437823
CG5510_OG0005307	64.9262298815327	51.3433589993451	48.5557892724034	57.7167758054079	66.2066578389174	46.8815866325369
CG5515_OG0005304	77.5567526059245	98.2685062121033	71.0910941998224	80.3734903294728	105.845406556365	69.1903788618001
CG5516_OG0005213	41.2203100925929	44.0919675572323	28.6819923360445	40.6668374370526	54.4976055936265	24.64121760347
CG5521_OG0011521	8.89129578269517	13.2781096377582	12.0184721900451	8.28061730043146	17.1694871402778	14.4095765374973
CG5522_OG0006425	13.4363543348995	14.9877698003785	14.8913878047221	13.4896698434213	21.7128309587621	14.4859263174232
CG5532_OG0006961	133.410118478912	253.011642385838	153.575333688196	199.508033409449	235.693372680327	199.358207809684
CG5535_OG0001992	19.4210278161612	7.97757809781336	13.6311576115241	16.6507386008606	9.22161118260969	11.2750870047837
CG5541_OG0003270	21.8368992335265	22.5938567852372	30.3031994719762	19.2578935394474	20.3965860405265	20.512018061351
CG5543_OG0006958	16.9109110289977	20.7287355591053	17.1883310116114	19.9260186023054	30.6213513429422	12.7856102188225
CG5554_OG0006954	193.200995690609	199.614372054929	173.693197806081	196.565552208701	280.976600775766	161.796838300262
CG5555_OG0004485	32.9853354854171	32.6037042627121	23.4406033499624	25.7798796103377	38.3506893897043	29.7042529880819
CG5567_OG0003905	29.1917980203442	28.0150617750048	28.7124447676242	31.5259465522396	18.6965635409107	58.7022578680911
CG5569_OG0006949	19.3484853138883	18.9245240859174	14.9278220981097	14.3991006418106	14.5188219037857	18.5123664539442
CG5577_OG0010113	20.7385881337698	10.9007384207548	12.7278387602243	6.20296736037916	8.42782704543398	5.98188752854163
CG5597_OG0006944	73.0441320286038	79.0213846077425	74.8159505773446	95.8703633389053	80.9092023626142	59.9008414920177
CG5611_OG0005352	12.154858867309	17.5854996804887	6.95849717819729	8.62603925513988	13.352386372649	16.8827142203748
CG5612_OG0005354	42.2940228035646	27.978412598898	20.6401029166088	33.0642506839777	33.8790313671311	14.9693486236903
CG5613_OG0007706	3.51337328149038	2.44439176479271	2.44267261219511	2.07803887340583	3.01301741460348	2.50555654183691
CG5618_OG0010382	3.79578746884608	24.5371531809179	3.33344563189226	9.68965379211096	12.524876512675	7.36358576734271
CG5639_OG0005356	6.41283104753985	9.80025713579665	5.38298686225422	6.73984861367591	10.0006586332124	5.38737754369133
CG5641_OG0004427	72.1845941014189	80.1262820864835	64.2108472982233	62.5287231889934	92.1272021125909	71.8620267625807
CG5645_OG0010820	14.7992054436076	13.3534244243651	11.6735577219395	14.3711119801317	16.630501037145	13.0349739580914
CG5674_OG0001904_OG0	48.4674749437924	41.7718400361475	39.5759484095812	31.4387489959118	56.5185927617394	31.5512269477732
CG5687_OG0011060	12.4630047082909	17.4987112806046	21.9117291484629	18.8530807651738	17.5608920416825	18.6196370056088
CG5704_OG0001324	11.4387227669168	20.2478457489734	14.2828908357835	9.75416612648103	11.3790972783158	9.92198911294789
CG5707_OG0011067	5.2362948100125	5.00296163212856	2.56380847931441	3.0545524618098	2.10030240653003	3.45216940437495
CG5708_OG0013250	41.1814964250012	12.1533572323174	9.14651465825761	9.47125459430345	13.7882607100211	28.4733652582934
CG5721_OG0006684	65.0858188719627	66.8973603145974	38.8249908283227	52.4342217172303	69.5719692549393	65.9866737936432
CG5726_OG0002949	21.3336161755019	17.9377074175373	18.6341091106502	20.3964415837041	30.2313414160133	19.2110018613255
CG5728_OG0005287	24.4645978040385	25.4632600027315	23.2963615353055	25.0694864242674	29.8219865438472	23.3342140106557
CG5742_OG0006107	9.33218157775624	14.8157448153149	10.8331112238877	10.453274995392	17.488768688456	9.73730877691851
CG5745_OG0004404	26.4579458633058	21.6417329815687	23.4240784925702	22.7466331830236	34.4375607166642	22.7273548405859
CG5746_OG0005284	73.501789063725	88.9980302660162	69.924943829597	78.3126024455094	125.579963880473	79.9919582577214
CG5756_OG0006099	11.5482594361032	11.997622134958	6.40575117272154	6.47268600442238	4.93367294927265	3.95572387764637
CG5757_OG0006097	25.1387420425947	48.0321187566254	20.1454534984062	37.060336017044	35.3861539733969	26.106156393275
CG5758_OG0009494	17.1689484631228	32.6367399537436	25.1786508312604	16.7392370653667	46.7846042644195	8.17913474016811
CG5773_OG0002765	127.374064925086	117.127016022033	137.493079060628	351.705622576497	236.452282017198	21.6257246632676
CG5776_OG0009758	11.5894357644651	8.02188685592974	8.66698274185141	7.79797570194081	10.4342969396721	14.3710540855555
CG5783_OG0003695	13.0088716659562	4.1336992282036	6.7103255055737	4.51986794229671	3.1703237983233	10.9794524347293
CG5787_OG0003787_OG0	80.0653887146764	74.0997623165655	68.1756828631242	68.2115883343537	114.092495834064	85.4627943720267
CG5793_OG0002136	19.9288533137263	40.6074288486144	23.0018595352944	36.5473996002532	28.6460939283628	37.1878488548548
CG5800_OG0007699	21.456846639065	18.6684207493171	17.6179366888965	25.2822620557905	31.2072996858162	20.7951504717745
CG5805_OG0004636	33.734078654229	30.172691375159	30.3750422379294	30.0703442563469	37.5658438055068	24.6386514382926
CG5808_OG0004641	15.0577015946567	15.6350881278186	12.6641327583266	9.7131052541403	18.8106641474426	17.3489156517982
CG5810_OG0002134	23.7201752937411	5.98665001309081	4.56657073867107	3.73063383031358	5.68220873363614	11.8212646476973
CG5815_OG0007858	14.4159739327281	17.7522999695708	14.7422069934948	15.4536732205292	26.1984908154781	12.2746060245525
CG5823_OG0005491	32.7370516953108	39.2628354978359	28.4440713692427	28.240425657468	41.9352600276245	19.9388547163234
CG5835_OG0004480	6.76165268505689	2.70873450949536	4.905983290134	4.59076675777618	7.39271075056109	4.92218584144969
CG5846_OG0003517	12.6101824823608	19.0311833581812	12.6235573785148	28.564320134707	43.4701972362054	20.5937176091882
CG5849_OG0001414	5.57174311504234	3.54300087768846	2.16347122803455	2.56356605873539	4.8838075682687	2.02983986762991
CG5850_OG0003519	30.6890485704792	29.4466310453797	26.4109322883008	25.4442719894623	34.5932629363148	30.5295532387887
CG5850_OG0011764	99.3419682796885	71.5530270317859	76.5475823878463	87.0562665248083	115.488695021397	67.878261366883
CG5853_OG0003514	5.05483894466166	11.0637393378108	4.54529386472805	10.9949774420962	15.5355564723879	6.05211292708317
CG5854_OG0002535	43.4578751181904	64.5114376373246	43.4037954963429	39.2217025741206	80.0206561149985	56.0398822059267
CG5861_OG0001889_OG0	42.8347384910253	47.636497606703	40.7440705518627	37.7741716187503	54.69425246211	34.8412318459045
CG5862_OG0004391	79.758442227705	52.1351960099907	69.7594831161154	65.123712261749	84.0293687949889	74.2895688330795
CG5863_OG0002562	13.6627396711723	3.74800488960249	2.23001377851503	4.63666867929879	3.89306147296827	2.28613386248897
CG5866_OG0012424	7.37727729964455	14.9740093086638	638.745221302838	519.372264300521	947.945172264493	1524.76614817783
CG5867_OG0009229	124.223582012603	42.4735018343401	83.8321803478681	47.0073018564549	31.0108358283212	28.3822906215985
CG5877_OG0003264	4.91804516628002	10.9271844288042	4.65219968595667	5.10380929142046	7.35962458455206	3.33887319450674
CG5880_OG0005620	6.87484281777487	5.64794973320425	5.91247035913335	6.74043238089172	7.15670903830577	8.13963344974414
CG5885_OG0003506	449.560252502895	461.211015173937	511.522588596055	379.751526556409	461.761958096725	470.546451007799
CG5886_OG0002622	31.0565073323906	34.9277461700309	28.0418552425602	44.091390363794	43.5705400816878	29.7413730549119
CG5888_OG0008862	5.86596079023998	6.44747823010883	3.81303027674246	4.41957581456239	8.13933636999289	4.56666889306373
CG5895_OG0010010	3.24328839389333	2.49691212777275	8.45210902371351	10.6747094259792	7.51978136870431	3.94307031342067
CG5902_OG0005331	97.2030806042538	121.074583742201	79.1426378598344	78.2482390520535	116.883771428144	140.622893131705
CG5913_OG0005680	38.3651832219341	35.2185743426626	19.9504026731468	22.9501329490825	38.2971144371415	24.238861084739
CG5916_OG0005418	6.39346030381957	7.0883408206504	6.54607017178916	5.14822138101942	10.6253877158233	7.67341479593831
CG5921_OG0008619	1.13895388346678	1.93224565376501	1.49835500752131	2.329603809305	3.05891069088084	1.02807523339028
CG5928_OG0008618	3.19937098292031	3.61212861498044	9.20696796709947	4.92953341498142	1.53467573302637	1.22741381255275
CG5934_OG0005369	56.092106080221	49.9981197939595	40.0564419118666	49.7420585614826	66.7780417798864	34.968928953031
CG5937_OG0008620	2.42716326897995	1.52005652741684	4.26036043048024	3.57210571608234	4.3724383003611	2.83322314303203
CG5938_OG0005368	16.9956845296087	24.8228624403549	13.5178939892196	18.5926143427882	33.4149634063727	17.2715157176068
CG5945_OG0009228	13.4037082832827	1.74930157003119	35.8056723236158	3.12831213100535	2.38095546310716	10.0815188392098
CG5946_OG0003884	37.1336954048589	52.9546532616859	44.0497344397215	33.2090746949053	28.9263158942422	54.0348642713909
CG5948_OG0011547	5.45982350737593	2.76685821983924	1.57243416839013	2.66050195573738	1.60925278467866	1.28302343586946
CG5953_OG0003537_OG0	1.74348744266499	1.40351972213461	1.87348978546117	4.77227867311168	8.00611714880934	1.76935239155886
CG5955_OG0010360	4.92232488185983	8.27644047164771	16.2063655369696	22.3047268535011	10.2796803674778	46.2881268658295
CG5958_OG0009328	14.0502718721778	18.0271215192908	11.2837857427936	27.3677975496666	11.5459166323369	21.0564895385558
CG5966_OG0008408	10.7770104194901	5.79041460854742	8.54532443543137	4.45397163163628	6.33015928410458	1.05054596913412
CG5969_OG0002011	55.9618623539968	54.1631981878669	63.5717462853966	56.0347750567465	77.1474753896026	53.9839417018225
CG5973_OG0009327	131.478628240047	63.3081035610038	87.8666428200818	77.1250099000836	80.3019584639062	63.5557526743966
CG5984_OG0005374	8.34162853394877	2.23647589009384	7.45214239224437	7.57900629210435	2.36896049593162	5.77141453502034
CG5986_OG0005324	45.4091207288518	54.6565916973975	32.8674209531135	59.0664383977591	84.3506636859887	37.5756598028042
CG5989_OG0011192	32.5287034969407	30.3457842275713	45.3002974175955	33.0786150410994	37.495251607158	38.7031059368331
CG6000_OG0002531	27.4923615001566	52.2563274906222	52.4575543848293	63.5155711288485	49.1228463250329	33.8202832787417
CG6005_OG0002159	12.892292529437	9.50063126264681	14.7549211879043	12.8895076482416	18.6811789989734	10.7988214401628
CG6006_OG0005420	1.17889289041148	7.1280896510103	7.91761155490746	5.54330400102059	3.65384000476738	3.99148743987315
CG6012_OG0000699_OG0	11.1416799250105	31.4306055463571	23.2876225424617	13.3307730000515	19.4965381155588	18.2838593478472
CG6013_OG0004475	30.0425416955919	36.3185307354722	29.5888903007035	35.4674821794077	52.1262635333079	33.7202595919585
CG6015_OG0004774	43.2230140382332	48.6209621618728	31.1578651678334	38.8340657022769	54.1893910985769	32.1626564608222
CG6023_OG0000933	10.8384144524076	7.27154316598618	3.39166165337544	5.2960931148472	4.29471443695047	6.92771108438682
CG6024_OG0012574	4.27407613017069	7.92601559116415	19.1386049384769	8.80518618163691	23.3560832497524	2.05632620503581
CG6028_OG0002306	104.134179363765	138.324428817714	107.985324056142	130.732210788785	83.5045089454219	103.177317947989
CG6040_OG0004478	20.2468799251301	27.2579927329685	22.9354530468569	28.1703841966846	40.0784864356184	41.7776646717208
CG6044_OG0007026	2.5567526359452	4.13071495396502	2.43670796077159	3.769615641006	4.1025377954272	1.85924032243925
CG6051_OG0005617	5.73446678712734	4.01534324467062	5.24898051075044	5.43391475275815	15.4349150514296	4.76738487377515
CG6052_OG0000140_OG0	4.8529123002047	4.31746110904452	6.9568911217393	6.06740200959911	2.41811258478688	3.0185494665768
CG6055_OG0009324	31.375344806003	17.8248283210853	40.4548286904333	35.1522512719233	33.3787385210085	54.6060505776707
CG6066_OG0005621	19.9788070929121	25.3278274496896	19.5147130325556	23.9568995053894	32.6715023624107	18.8882502103384
CG6067_OG0008410	1.95511925740937	2.44292885764344	1.9018960252854	4.58340473928804	1.29167928042361	2.38832586405802
CG6073_OG0005650	21.0104526465632	12.6523743726255	13.1307118971977	18.3706140355717	16.6700937787492	13.3670036347961
CG6083_OG0011846	3.46179538444831	9.45982295181499	5.04202798921386	6.80940059571669	3.33981648678214	8.91916214045248
CG6094_OG0003642	25.8230415114143	26.7553522995961	23.1956624757536	24.8621019299939	24.7134663489949	44.4355185545232
CG6106_OG0008651	4.11279303657062	6.2928909134826	8.36605104441243	7.17348899366153	2.7629367423088	3.12061797506167
CG6115_OG0008890	366.292795703462	259.853198226944	215.764869651064	280.170703921568	350.641022642742	223.757349330486
CG6125_OG0005248	7.57675448391073	3.7549129177044	9.81606361311575	7.29019508747824	8.60306139331965	8.02405957801996
CG6126_OG0005425	13.4958652545186	6.05819616241988	10.5833542286504	5.16625479532257	12.3217540591087	4.25212038394821
CG6136_OG0005251	9.40517785056818	8.4797775493342	6.05343561856077	9.10267721483455	12.1946129069198	10.8510244384259
CG6142_OG0005653	19.7790806556125	2.83194401759094	2.58004191784738	8.57690918108026	9.00592605309409	21.9826165232934
CG6144_OG0009364	14.3130865274101	12.9670360718147	13.4863056950796	12.6537681731029	18.7199270801647	8.66077048845805
CG6145_OG0007276	45.1527222831259	34.0133092100205	17.9262493520137	30.4493174630575	55.5258915451434	27.1287364972647
CG6145_OG0012430	12.7714619474212	11.2796782378437	7.84512657580294	10.5479547690536	31.6207233073436	8.83093297107279
CG6153_OG0009754	53.2435193950713	30.5806431193368	29.8995269439989	26.7080467433425	45.3037926624381	18.4607641076863
CG6163_OG0010049	17.9553359557594	26.0437265127678	13.2023763326414	16.8381857979385	30.2385763165466	25.8746118428106
CG6171_OG0005254	24.6720235989774	30.7522427493789	24.9333279546101	21.2403095671445	28.3928814517971	4.77593280708074
CG6178_OG0001471	29.4571098685682	35.7647783761599	29.3024914476138	38.6458587660527	27.665274488203	34.8529425014558
CG6179_OG0001777	20.7597827159086	20.2615045502824	12.4637190687802	14.712620073828	24.4568992874929	25.357922964018
CG6180_OG0009760	326.835559902305	274.170528059996	219.975703439602	212.777957543487	216.213458745494	267.772801325975
CG6184_OG0001025	2.07534485169113	2.02243946835619	5.54274060249679	5.47891961886282	8.3433220484635	3.20608023438174
CG6191_OG0007284	13.6172765773258	10.0068330587106	10.4919994007211	12.339025001858	14.427502017291	13.4932958514148
CG6195_OG0004508	59.5064897382002	52.6141226732986	50.9284689722912	58.0604686660369	58.9162486922094	79.0753866112063
CG6201_OG0009674	1.78639535500121	2.68319126681908	2.86885342717165	3.54516885061039	6.79238150669885	2.73579178496563
CG6204_OG0005302	7.65401625276762	8.92249306229472	8.81664601399126	13.7311874183909	24.3382924091441	28.6641462416862
CG6218_OG0002522_OG0	10.4749635497522	13.7209866161073	13.1013489866162	9.05807354931021	12.0722637453403	25.1153356249492
CG6225_OG0002149	12.3274251309796	6.36114641143344	12.4196653778799	5.75276846564148	5.77595953187361	9.78999401653725
CG6230_OG0009675	50.7908383335977	39.9363889970039	36.475697823968	33.9395097109156	49.6903234234601	35.783142451239
CG6231_OG0004505	64.7401503744843	27.7171716305482	24.87537352772	24.1852733368278	45.1463997623621	26.1819416389785
CG6236_OG0005264	16.2071989531577	29.3791547441728	20.2487989276137	6.22178566175618	28.1771609002066	15.1526164543111
CG6254_OG0001498_OG0	9.62957963390193	11.829017086747	6.87869833983197	10.5807128207742	18.0123950161119	2.7960746880914
CG6276_OG0002268_OG0	23.4694085114108	34.5378160438907	30.2784481159307	37.9752543994163	64.2821799915686	29.0717788709833
CG6287_OG0003769	23.1248975500068	47.3235667059568	7.50683333335978	33.4159591690017	110.899969557852	16.9644142075915
CG6294_OG0008328	24.345750174874	37.9106240449674	21.5954723882865	34.1513869259725	43.1926003328723	27.7204255848081
CG6299_OG0008327	40.6451062581895	65.7190389871506	28.6237143945177	55.1201707773663	72.8432016403218	22.4031102975601
CG6310_OG0010075	25.3334791955935	26.1005351754376	21.0659328458757	21.9631685137359	25.7173848101394	6.39782298997639
CG6329_OG0011663	5.67761825868291	7.43076396743721	12.6589597783261	11.9302600744552	16.9336160407828	7.0959008394332
CG6330_OG0011523	23.3708369575966	18.0378462077621	32.8054340953747	28.9621276277571	26.1300557891333	10.2890556366307
CG6340_OG0008323	36.2761039283699	35.464731497244	30.6483209908846	23.3240651890201	53.7631904704137	29.6589250242389
CG6356_OG0005293	7.55009141700256	8.65193687479477	8.01616004148932	8.0193300255687	10.5172435647105	5.26787555492956
CG6357_OG0012581	5.13626589081693	17.1814793358059	47.6190123421871	53.2235545218107	132.736926850313	47.0958674781695
CG6398_OG0007688	16.4022940605461	14.6965034624563	12.907886493191	11.2885176005902	18.2197553302449	14.4089329741299
CG6409_OG0010932	28.8249203870515	13.2858081240969	1.31222679450523	1.97846683414959	3.34322872527208	6.51519629940221
CG6414_OG0008497	3.74938900698183	39.9597946568697	39.1886107630312	22.8017721805363	30.0268393164148	72.9630553784995
CG6415_OG0009354	5.12563792444591	22.7555259867785	17.1800559875138	13.9784444091525	6.47388347344207	29.6030445552399
CG6418_OG0010934	43.9029090682342	33.0985603030834	36.8772280122478	36.3811179108265	49.9663397587217	39.8943658192586
CG6420_OG0011537	19.2605989240533	19.1049459792385	15.7546202651489	17.5394005456172	26.763093925527	16.6775456801779
CG6425_OG0011539	7.66045136820189	9.3458142851897	6.69462971057383	8.72192208811107	14.7752767047254	11.1523120345686
CG6426_OG0006434	51.6076108460483	41.2797028829038	45.0252677027917	78.5601994670451	43.6862263268274	62.1090973682158
CG6428_OG0008498	12.8964528842308	6.63148938063073	9.25156045343238	12.6180445265785	11.7328703615648	5.10743526103716
CG6443_OG0009352	43.6380481908861	20.263933198495	32.4085190542381	34.3674490155347	48.2069569718169	37.7226117223001
CG6454_OG0002527	17.5162179749503	18.0381885357784	17.0907176029511	15.869359269302	27.3345902899164	24.303959612542
CG6479_OG0000241_OG1	22.0081216987657	22.4150395538533	25.6472231435037	18.9784349843705	21.177637760173	20.6412250287259
CG6495_OG0009637	2.29567507722603	3.63910543110009	4.05656045898408	4.15575421749921	7.08781466432928	3.63608636780231
CG6503_OG0001093_OG0	35.6778386638712	6.70091256061567	123.077890417782	16.0564728264706	37.3704298674064	59.7934211583973
CG6511_OG0004101	15.9156706695858	8.87788187030275	8.55579485814386	6.62278634822174	12.6132904438672	12.3033092874016
CG6523_OG0009218	86.3112680305124	133.848188591668	114.833325898153	121.134065561314	138.330585863915	106.910998784154
CG6550_OG0005902	19.1543009029098	14.7270693530913	16.9513442923339	16.6930816684472	18.1856001499619	28.0675786226441
CG6565_OG0009214	14.7872598245464	24.3155240485587	25.010175102897	27.305399847681	23.9572679137407	21.0829373376283
CG6567_OG0002369	43.7656261475123	49.6058721884297	38.9451817279325	47.2075397686965	47.1933221160859	35.5434118955409
CG6574_OG0000228_OG1	13.7734852860534	9.95157274801332	15.1219395718922	7.51565407198281	11.3301518286808	5.90766538228515
CG6583_OG0009736	51.2006612092718	54.3489430515782	32.6643895655063	28.0969762706715	44.9703140242025	24.1120450460501
CG6607_OG0005266	27.11360949824	36.1641009554272	25.4340476738395	27.313422886884	36.4170878557215	28.0280379192017
CG6610_OG0011863	42.2689949590238	50.5282769401088	49.2326749512402	57.4135604767828	71.5533987073923	45.1152311659147
CG6621_OG0005466	22.3574269609809	21.4790545350813	17.4705198103211	20.1678574417987	29.9418629440983	28.2279100778635
CG6638_OG0011189	44.3868529014134	32.2336315129747	117.8048663783	74.3164985417433	60.1806817094071	98.7863965310014
CG6650_OG0010891	25.7596091426188	36.7191715402238	19.8617751592788	19.6600238096669	37.676442934028	13.1095426476349
CG6654_OG0002262_OG0	11.2953390468968	41.762678364494	11.2442066072886	12.2364684110357	15.6923662799778	6.81648551763007
CG6656_OG0004786	13.4068874368404	8.76407927037171	10.3443632808584	11.3277184900756	9.0830387193492	7.21061836185898
CG6659_OG0008672	29.9152461978491	30.5429561961184	23.5869861757018	24.3027063720294	35.0537164697175	20.1495916469486
CG6660_OG0004690	21.8007402377094	8.78025172124719	2.54404762053083	13.0249381284134	16.2060233342247	5.11968411458948
CG6664_OG0010694	123.51299062624	110.455459709659	61.804045085844	64.067763207813	107.148271345235	92.3236401234973
CG6665_OG0006445	16.6310612143674	21.3488581255423	13.7651747603385	20.566054091696	22.3074882404731	25.8824842702521
CG6674_OG0010965	27.4444263042678	15.6424577663468	18.4412525352123	20.8935245250676	31.7967063488605	17.2624970139516
CG6678_OG0004780	3.77221364050589	6.6106014684426	6.48647217674366	4.19528278451222	9.82424970979852	2.82378219507422
CG6683_OG0011183	10.7021108253421	10.190645856517	6.53768489463999	10.5781869395571	15.2713404925729	8.3453764334552
CG6685_OG0010966	6.12160494800365	10.5677257426809	10.6925546433102	11.910189116411	17.8557838054767	9.25592539009683
CG6686_OG0009708	34.3841885394641	46.980015119972	37.4027866883361	40.8620801009407	54.6767739122841	36.7078740577942
CG6689_OG0002552_OG0	12.8444903194328	14.688745804251	11.6740760150992	21.9093386436718	25.2275751569273	15.2326375693712
CG6693_OG0000862_OG0	67.293484875137	86.9539880026388	69.2039890361865	74.5536417842793	81.5416321954185	109.314375862553
CG6695_OG0004625	36.6638217279442	36.1356183673458	30.2834851594166	36.7923713460332	47.2889961207627	30.0159679560258
CG6700_OG0009643	51.2778477138029	56.6730785082567	41.3660367866699	40.5560549809012	65.284881030749	55.2953978558181
CG6701_OG0002989_OG0	15.0842680927297	27.7172767816798	37.2010322776159	14.1582017959924	11.1585175349675	6.09954910805766
CG6707_OG0010969	42.7329274757213	42.1355461401135	32.9159557435715	37.8832096770241	61.4395978460953	31.0821237119916
CG6709_OG0010970	3.58087413608006	5.93419382860482	2.05600886727192	6.37781649136498	7.23352180844225	3.75486707345149
CG6712_OG0009726	32.392587926307	39.1162128717291	29.6042000424719	54.4042544641697	54.9245486711282	44.0340976600462
CG6723_OG0005442	1.84967805948843	1.87678365710731	6.66090081799888	6.74186231007607	6.68856591644703	5.02638991591132
CG6724_OG0009639	41.6254063120536	35.7987609588223	32.3651547072917	48.2480328274736	43.3507809003091	35.0553179141548
CG6726_OG0004678	45.3647973399554	34.8582140554882	20.8801255498466	39.1155227248649	23.2719239511299	24.4775331276475
CG6729_OG0009635	7.27635801448807	20.9408730858408	6.88212068510213	10.9481595754992	16.6218705185407	10.497738899851
CG6739_OG0003625	23.9233382505193	21.9452391250585	35.3922913826743	13.149859480169	10.6924683306644	7.73780683912908
CG6753_OG0004436	1.32461131266733	7.66849775011378	1.61962302394414	2.41824930111081	4.35006648985014	1.71180447722466
CG6762_OG0007615	23.8727524871779	95.8026736442344	16.1569041033142	43.6105273409388	87.1818843592184	38.2602602902734
CG6763_OG0005494	6.94197508189315	27.6414593519454	9.13982235874053	10.7919592923545	7.24742441381516	37.166787062831
CG6765_OG0011184	1.91133641965132	3.50104759280613	6.29955051063141	6.44478168114265	9.84828100334642	4.75998565185877
CG6766_OG0009717	60.2268560424983	64.1689093706296	45.4517767326226	45.5355265416966	55.6524418286474	44.9352177956794
CG6769_OG0007613	43.5112938342785	37.2155745653216	45.5670079394021	47.497195194635	57.5452883185107	35.2597026395706
CG6770_OG0009719	5323.45729648848	6093.04600819358	4793.42091729172	3128.69481670922	4968.63348660933	2275.90225788508
CG6791_OG0005073	24.1701568709244	44.4900789091464	24.278494352143	47.0151061738297	98.2110310687865	38.5976565709879
CG6805_OG0006454	53.4000636803304	50.1784281627874	33.1661714997455	28.4383610825554	30.6495838478737	49.735106839337
CG6813_OG0005076	4.28678494518436	7.80937715363629	6.35970846641565	8.48687649108841	10.9468260255611	17.2011724695287
CG6833_OG0010887	25.5790880897264	20.7785617416622	24.7350764421186	21.2429211454861	20.4457015503747	22.8673380206367
CG6836_OG0003865_OG0	3.65565937276447	1.7974252931281	6.56547209834985	2.98099992589252	3.22809028264266	2.2423272203018
CG6843_OG0009913	27.8859379084089	31.055324942726	19.7184349286832	24.2145880456522	41.4743784654562	20.4529332319682
CG6845_OG0002061	8.84142965377616	33.4013740785814	3.86568207926309	15.5217725733583	11.310541157076	6.18427590532694
CG6847_OG0007866	2.50999675544758	3.17631321853504	4.56143929363873	2.30362301569941	3.31433192009172	3.37823549202385
CG6867_OG0007869	21.2327905295077	7.74910529645657	17.2771896370133	22.1707640574158	16.7244891065491	14.3516463553889
CG6870_OG0009485	8.21498994109707	23.5004015993085	29.7725947471345	10.0872728244821	8.58224469909805	9.31266972009767
CG6891_OG0008679	31.8695358906035	49.0215323532613	24.0964814545689	27.6773652987099	55.9844281956159	33.8076127895261
CG6903_OG0007904	42.1268492589735	25.6027106845742	31.105800488616	21.4690327199949	32.9849972416418	11.0841882774945
CG6907_OG0009451	55.7748194587652	59.9373875155104	52.0216233847232	51.5742406640928	69.26163294317	52.8235747701834
CG6908_OG0001504_OG0	1.63863648799205	12.3569989106247	16.4917457723079	9.20443147300914	2.84463906431473	4.17089775060518
CG6910_OG0011905	30.8085340780466	159.525353256087	105.426363106052	102.924928074467	139.114783764656	281.243610726811
CG6912_OG0002259	15.2350064955949	10.7250586086557	13.0190101925648	10.2545148103526	3.16234795807162	6.46694339502546
CG6923_OG0005593	24.0639819275212	17.8177175048309	17.187922804175	14.4510975361072	23.2451175124506	20.0694386799758
CG6928_OG0004029	15.9222823232399	9.87498259226599	24.1897440555699	6.16344563229229	11.5219370211551	26.1671288410237
CG6933_OG0003929	91.0261623660914	85.0843757031916	350.858992037729	586.178846205943	67.0991986273677	23.0110796772784
CG6937_OG0004720	52.751263251123	49.7046066843211	50.2848934380903	67.4817654687288	56.7450622454038	50.4519943323678
CG6951_OG0003930	9.73785741541707	6.34546367178136	4.67783125089363	16.3216291911979	21.421221355913	6.14357011861619
CG6959_OG0005583	102.414525814255	81.3561824623068	63.1190872190875	44.5493990201658	108.192778220957	71.9563176490697
CG6961_OG0001205_OG0	34.0601954073256	13.3692524863121	30.8932391637244	17.2470678729067	28.4631461182025	47.9336168021489
CG6962_OG0000656	12.6677749297971	13.4158133930207	11.5244177753272	11.9841537864126	15.7130449494416	11.6067755719679
CG6966_OG0004596	5.9816626056669	5.93172489874414	5.88702615446053	5.69627989921286	6.75232304561649	6.26892803041965
CG6972_OG0004707	33.2497009495537	44.2928067339701	24.014087679738	68.9698640103336	50.7994731448028	53.3497875191217
CG6983_OG0011922	5.35144012938454	5.36592006338929	7.07984823695115	6.04069505616809	1.30893278891843	4.7240101344236
CG6984_OG0005915	15.0347154158096	23.7962768763085	39.0847968250561	32.6637164315397	25.7202795575671	19.9452043152229
CG6985_OG0004701	10.6012190113224	9.66562244830662	7.49820388228271	6.30364816332503	11.2954893989511	2.26341462530174
CG7006_OG0004646	46.1352734958862	48.2929787542714	36.0082603442794	44.9516134692461	47.4754836655401	41.1974546618546
CG7011_OG0009962	29.5942818951244	20.4591592569017	35.5988356822534	16.0580540617132	21.4671690734616	20.1686541971892
CG7016_OG0004649	56.3564741653054	3.71918913764984	31.6307972183511	49.6714735907109	45.2723372706352	63.963919681599
CG7029_OG0004692	28.5603187752424	31.6482853332738	27.7433268254127	25.9454781880727	45.9582135040281	41.8831597702639
CG7044_OG0004405	19.9526480941858	22.6647000148639	18.506207114838	24.3875660802603	29.9272313838728	25.9581920299561
CG7049_OG0002062	31.5315953912073	30.1546775004049	24.0536470440944	35.4013308755804	43.5739138191416	19.8827828518865
CG7054_OG0002283	38.0839662548804	24.3135394795289	43.8124847176527	47.7144178511842	28.8729737569216	22.9400890592319
CG7065_OG0003159	15.6931767808869	17.0286029280492	16.4222671241766	13.7982999889632	24.4084792611805	35.642065067084
CG7069_OG0000169_OG2	657.869141610987	695.860952754756	320.94772453198	663.583313097283	417.08853847809	576.652145331695
CG7071_OG0004753	44.8004537432002	46.9654917710502	41.6241620729629	38.9208249681894	46.0011034343516	29.3928194184936
CG7083_OG0011173	53.1437214168873	35.5729715788813	35.4526444921772	22.7645117610504	39.8185080752365	49.1882848669792
CG7099_OG0009210	8.1365921955904	8.53111971603535	7.49827935628732	8.4861497231984	15.7781733139094	11.5326311326157
CG7101_OG0001780_OG0	11.7014230601118	10.9426069718191	7.47258586694565	9.20292753733639	6.54485957694414	22.132441854246
CG7110_OG0009208	6.12985074182892	5.36074215108025	6.15720987610701	7.55483252671738	12.3410757129545	5.04038786256168
CG7115_OG0009797	63.2756674669315	42.2477836435172	48.3192066456318	42.7062651737827	60.3908370844861	53.6770053020591
CG7120_OG0011178	3.09704380279547	1.94317265027817	3.18327207300777	3.4127131088871	3.26136867326679	1.9119630364757
CG7130_OG0003825_OG0	16.4262887990441	15.767754775796	8.94308256091114	12.2309975788326	12.6896701865851	8.75045159341529
CG7137_OG0002936	16.8630872503834	28.3559235311279	16.8083385791749	23.5695325473635	24.8831295334378	21.07771328078
CG7139_OG0003826	12.1394880619093	24.241611073614	12.0309230190878	23.706144565528	57.6799798063879	27.8320906795568
CG7148_OG0009844	22.5804987004198	30.8104161255628	23.5576557735199	22.0912066636424	28.4609554313241	15.0003359708007
CG7149_OG0009309	1.44853187722077	2.23716308003087	2.1123006229518	2.53221629315822	2.37103972643301	2.67215603984641
CG7156_OG0005055	7.02104797833372	8.82763291319017	5.83691477724772	7.75204216927347	10.0160502681724	12.6714091299962
CG7168_OG0005057	18.688268168574	25.6329460940053	23.6283785724144	19.0628097909924	23.2731701848009	7.06074466407944
CG7182_OG0011175	54.227267468095	49.1642113248495	46.6698210478063	60.9314990351609	63.4784985591167	60.6529003563169
CG7183_OG0005058	14.6102518982609	8.87087501536712	10.7164930093008	14.0231560962658	15.9537208789869	11.1325920473761
CG7201_OG0011162	1.65704488901933	3.74301828985584	1.20227047825172	1.59946572279359	3.38455891726809	2.14691109999186
CG7203_OG0003622	57.2770535716825	244.475168062955	826.285537486657	355.295785389657	67.5456626792644	658.387067175197
CG7206_OG0001713	8.44291422144882	38.0074509184983	9.36448891561282	26.7150556292749	31.1930433685377	4.86323785833085
CG7214_OG0009316	1.95381654992883	5.46406095875796	49.780069301774	4.58133554968917	4.81254069201023	30.9552568166723
CG7215_OG0005064	48.9533064385506	52.391927016339	36.3046633996227	63.9864034950503	93.3296795173259	31.2603762032181
CG7218_OG0005067	15.1854201527338	17.1515398449808	16.2175337979138	12.9707179519773	18.5925917850679	13.9352055200629
CG7220_OG0001590	19.4218656853732	28.06576477194	20.8641620018486	29.7280548528715	37.0372549058986	21.1471445052852
CG7222_OG0002849	34.3486022151704	43.6558776291822	34.7870871069243	33.5188060519	63.4410539917418	29.0466793110845
CG7231_OG0009792	3.49350680606523	6.53766053580265	3.58708606017252	13.4775312869621	9.98822487475601	2.12085151372441
CG7246_OG0003172	15.2503964244442	16.0510496233723	11.6114783629675	16.9227760960965	15.9990741745271	12.054863555744
CG7255_OG0009964	11.9579285439704	13.8792488977352	12.8149379176419	16.0347849957206	11.106413886912	4.20646304725488
CG7272_OG0009969	14.9968349873194	15.9706415685962	8.59901651263178	11.9511734400374	19.0405791140053	18.0787215993765
CG7275_OG0009968	29.9271844036394	30.9748763774218	29.9132736972208	40.2313879129316	39.5071580346716	29.8897035115475
CG7289_OG0009070	45.3600995228617	35.2918586933441	34.0327145338971	32.5110273746069	47.1976981098922	24.4915578415867
CG7300_OG0012527	651.928277396664	67.2635165229513	91.5817626851821	79.103730321676	6.52980231197337	19.3908915898022
CG7322_OG0008685	9.09028294915944	24.4285908383479	42.7065881260068	59.7715047496443	8.25165025973735	25.7014907682457
CG7326_OG0001781	10.5331761238417	11.6522181883417	6.9929980657419	8.46590774199286	13.1133052322764	9.03523766910112
CG7328_OG0010182	5.18793127736891	6.20671902023295	7.77713825861617	7.27375593366386	5.3953383386934	2.3919451193044
CG7329_OG0009358	4.98699724663533	2.51312618920936	4.76082602699556	4.37484646644524	2.33163775199415	1.87190659819253
CG7332_OG0007481	20.5354132584255	33.9175938307965	18.1665571565555	22.2330107703691	28.1583459001538	28.6290807336939
CG7341_OG0010128	3.98448037493302	4.58060997759287	5.10086018445172	4.48243616874434	7.90007239764545	4.07272970918118
CG7342_OG0004503	3.29860124647808	32.3707609636852	3.29960634061239	3.28530121315784	32.8044603352882	7.48606629408044
CG7352_OG0002321_OG0	5.68568343993639	6.29402469203594	4.15819966666739	6.0253395374568	10.5780813500011	6.34234296936039
CG7365_OG0010178	7.86308427450367	4.47323708006719	26.5475925550425	10.2723367888183	6.60822527248293	26.145142699966
CG7367_OG0009787	28.7350467610068	8.77259217802144	4.33332705387593	6.68527625666312	14.8233026731353	30.4321488746865
CG7369_OG0003813_OG0	20.762003476434	27.3316316934094	2.34133631735105	20.7364918338804	41.794623927426	33.4054234728998
CG7376_OG0010245	7.71486176078111	8.04252801066104	4.19232095788093	9.03721211205095	12.0440270881577	6.57040345686665
CG7378_OG0007478	17.2633297650633	10.5570720281158	10.7648846463221	14.5069202533827	9.75980238276303	21.213568400081
CG7382_OG0009454	42.6693282572474	44.3153310604028	47.434177213106	44.988031582696	44.9376542126337	41.1525964802307
CG7386_OG0010246	5.6423953881726	4.02197249573902	5.1735495146403	3.11586209235415	4.90211575834289	6.11448190281955
CG7394_OG0010039	27.9505170382965	38.6912276799944	25.5872992203829	40.4646757448935	41.3073525165866	29.5135886255374
CG7402_OG0001993_OG0	2.72851808836178	4.49438149330797	2.76821404885773	10.5140481375816	17.8832662565991	12.3572482925258
CG7407_OG0009847	14.8101586057763	21.8145887639717	15.911106607299	19.0788218801363	25.0275943530875	12.405996684623
CG7408_OG0010116	15.6527180993276	5.44654785828056	24.2616408783668	8.73939397191822	9.49672885358455	10.2857932846333
CG7409_OG0010464	5.55101314604754	9.06379341690983	11.1918794462346	14.2232476226185	7.10084745428377	30.0792451593109
CG7414_OG0009846	220.881137970367	243.53101387921	222.142995910151	260.416283945438	345.254973726037	261.743790057441
CG7420_OG0009043	7.92633549431682	8.71388063312615	8.47694009000276	9.84833443747124	11.9405618048676	9.10704688513429
CG7430_OG0010115	217.232385092308	283.713280624811	386.919481890018	322.312639405085	184.709701001005	370.73109895126
CG7432_OG0004510	3.23843495279988	1.39145772223573	2.16010034474866	1.38160201203106	1.10937705094983	1.51495161794607
CG7453_OG0007469	81.4225810798069	80.1323778968674	83.5035617114568	67.5932969394785	91.177448549428	77.191832178133
CG7457_OG0010461	7.97697875868601	7.55616360562033	7.21737687456492	6.46549878171239	10.4120395404438	6.77149654926806
CG7458_OG0001961_OG0	1.99558284858182	2.05541045663091	8.8142576927936	4.37863525052631	3.73331955629472	1.4090715339673
CG7461_OG0006464	125.14349581205	111.832461095708	111.637566987258	69.0904618573989	103.070233311742	107.051113360176
CG7465_OG0000284_OG0	2182.27983156601	2733.37408073241	6849.27426797885	5322.27412760974	2641.84225133239	7288.83467370869
CG7465_OG0000284_OG1	4221.55050765264	7597.72440416714	6574.40251374566	2310.46972061475	726.830196901743	2349.58187174203
CG7483_OG0004811	102.990187305614	102.227780809396	98.4424530174072	97.1061798304501	103.879591927335	85.327720510703
CG7484_OG0010103	35.1069328747163	45.2779918556112	45.636945373562	42.5215816217743	76.357653670275	23.7525152127447
CG7488_OG0005014	29.3130428136973	21.1427513707866	19.4772012460198	22.3437777838026	24.1652026954716	23.1163091188703
CG7492_OG0010459	36.8850858600328	39.9962131396632	24.2700468007146	31.8344308599051	53.1316943951328	31.3637297289081
CG7497_OG0003898	3.14944081499228	4.9202059220634	7.88885169296567	2.80614553126321	4.30730124041875	3.3261027405881
CG7506_OG0010458	26.8211227443437	37.4943075407588	33.8637889632933	33.887280073813	26.6618666062345	27.3722734417008
CG7518_OG0002453	35.4463765673209	49.1075822244834	32.4589310494614	28.737850444779	51.2764187781381	40.5189029558896
CG7519_OG0009880	92.7651506243798	58.9422271800215	52.9803816629648	58.5799901099752	65.5813367745437	50.5680523832077
CG7523_OG0004892	65.6906274751706	52.852925946704	48.2794330587401	34.7547791172123	57.0720968035753	40.212592551164
CG7530_OG0002250	5.71571283319363	6.06188478887417	5.54116274898116	5.0408825687378	8.45509728573211	1.27733719231608
CG7536_OG0001712	8.15819158258634	13.0856675640074	11.2461987198564	9.94777826694483	16.8350912043524	12.9965243602785
CG7546_OG0010453	47.8863433716704	49.0822289979396	36.1733660407813	37.5955435774467	55.5402871364388	38.8072729701861
CG7550_OG0010552	51.2087619188528	18.2461538461838	14.9778499811704	14.0839134550068	35.2092904239367	10.6556800901361
CG7556_OG0007470	88.1408651626496	56.2908841736395	71.7445054975591	53.9055858937358	80.0980325152521	64.0590140934798
CG7564_OG0010094	53.6658675998171	68.4836645409556	47.1004553306335	58.5990360339709	101.735612215953	71.4554275483988
CG7565_OG0010558	8.00981414835641	5.84593845636265	8.95310170630603	7.31302152234145	8.36517502157002	5.63430910736997
CG7582_OG0002494	1.27296904641754	4.15083870772496	2.15853783041348	6.3249546425437	5.53167401602193	4.24456813528007
CG7600_OG0010055	27.4840711635782	31.1805918359573	28.9708250110383	26.9697286395471	43.8761765489297	37.7077679921487
CG7601_OG0005686	17.9847184465998	27.9558892234079	15.8904318432803	13.965430205329	14.8517646278274	13.4832773358282
CG7607_OG0010059	3.53149685040386	6.71347825919067	15.8669724507983	17.3998383135167	13.3773752633734	16.8772187850398
CG7611_OG0009874	82.3805125627965	84.4577692755847	66.9060047843451	63.9733797943315	123.136668429299	94.8373455562398
CG7630_OG0011911	349.941024245943	353.901036542767	421.246522027454	470.212116966049	248.500269189456	480.805946722537
CG7632_OG0010302	28.8107313486933	18.9848384646676	16.6128234606556	21.9924008418174	26.0875785571904	26.3981553115824
CG7639_OG0006611	28.0818484240186	25.0277582993165	35.174812006567	37.8489248542418	26.8728361014706	30.5669787575978
CG7646_OG0013688	20.7583086512257	22.0040271778829	22.1624885110365	30.2312686773349	33.7238315030172	23.8498998600622
CG7650_OG0009979	24.4734049490711	25.6865641369813	24.4491385186883	26.7617127365208	50.3565006202588	26.2391830808971
CG7655_OG0002600_OG0	45.3161128212768	45.3194682406316	43.2104635749494	29.591911133223	36.3677293018046	12.2533723914346
CG7656_OG0009978	73.8387215334061	107.912165918374	63.4182669216815	77.7547138375921	124.715266194045	94.9401780954952
CG7675_OG0002461_OG0	61.8749603319374	84.3587949120679	42.4160419633936	54.9608480812645	79.2530639715999	27.7352441492292
CG7685_OG0005044	12.7655576993829	15.4422310076343	15.2383300748397	11.8441626890382	19.0762051152727	13.5673661764986
CG7694_OG0002458	43.4587000243334	44.5932695674023	28.3112331210817	28.2094410880359	28.1574485726839	8.41385941222565
CG7695_OG0005037	662.829282057284	41.3864010475355	26.205841075823	22.6257719652149	35.3097762527616	37.955687554364
CG7702_OG0005029	21.8883095985524	25.5639780182836	10.1544411919695	15.938014658171	26.708331281284	10.1255032576356
CG7706_OG0004446	13.6518518376287	15.8240877248529	15.2122046749005	12.7435707256112	16.0488509917295	22.8307907883401
CG7720_OG0004459	5.73507661092877	7.58983837274464	4.86833240086137	6.03255369386472	21.6127711492387	2.8756539737696
CG7724_OG0010911	9.27282469035189	16.7269351013274	12.6763836281003	11.7639046232487	8.36952191864509	7.50168676422046
CG7728_OG0010693	31.2108922319733	30.1051187432589	23.7683474811183	28.8114052196312	32.0596587072058	30.514781725762
CG7730_OG0010689	3.00063793700903	6.62319058006989	2.4653782192671	3.26915917420787	3.87258197259136	2.11760161463008
CG7737_OG0002789_OG0	16.7177430682388	2.8562488443492	4.9148320521102	14.7421700300539	5.40963092316267	14.2193598100443
CG7741_OG0002802_OG0	13.9985574917911	13.7711571941554	7.305979321934	15.8265738230305	19.4499616384497	12.4278092037439
CG7744_OG0007044	17.7990656042508	14.871690952152	14.5159526667021	19.8118711291749	26.210912356726	13.891258101905
CG7745_OG0002803_OG0	12.5840284747933	13.3306903763177	8.72379854429138	11.2067414799191	16.1523836511105	9.62142196453267
CG7747_OG0006488	11.1940268895225	15.1182430075939	12.1297702990996	13.7754410826644	17.9199684092114	12.2949004666418
CG7766_OG0007617	34.157913545019	38.8439141734681	43.0066812549131	42.3751350638119	32.6673807820537	55.7428259303764
CG7768_OG0000182_OG1	732.705228554376	759.682204778279	704.597941169341	681.654528471386	755.95873189375	556.770234476077
CG7772_OG0007611	13.0805732843273	19.674189649509	20.5932036132408	13.5942152103444	13.3427236857931	14.8771605069591
CG7778_OG0003485	46.8492848366399	53.7040330556816	22.0889753489888	50.7551232560602	233.670286246869	21.1923285708781
CG7781_OG0003489	4.91318495745077	4.56040020004407	12.8723348708503	8.93818976541915	8.6243500890647	5.55756262957195
CG7785_OG0005430	13.4011650704803	9.34067299811817	11.4751751191623	8.72303186296686	13.6266094962658	11.5836788619488
CG7789_OG0005698	35.1916044106724	33.3658440301807	22.540063164067	27.6747276539637	37.9190621282387	27.7179635717908
CG7806_OG0003492	13.6531224236401	23.3430776975274	11.3815368145496	16.3145843891731	32.0160115631833	12.3507910865769
CG7810_OG0003493	7.26251880573017	13.7895923493268	7.14958490721701	11.5745479801206	14.9282561666626	10.7640638864093
CG7824_OG0000436_OG0	8.36186068553424	19.3600972608753	10.2563769037584	29.7689524343623	28.218829547489	20.3787469465335
CG7834_OG0005697	176.818365808919	294.130391076004	286.366203122359	353.333256208889	260.652612504164	316.135884822229
CG7839_OG0001990	23.4476542143685	26.1407402221789	18.8256421306928	29.6065437842313	32.1054207879359	22.2282458363901
CG7840_OG0001835	27.8717048726777	16.7669713019943	15.0714720584842	16.9125972781317	22.3580922475078	17.6431211730725
CG7841_OG0009971	4.07924927072016	5.68782782867025	6.57116301600667	8.78010855114758	6.37365414916888	4.98454369398737
CG7849_OG0005838	16.2904398079243	8.12986113476331	31.908138456239	6.95029542398981	7.93838084502588	24.2133353623254
CG7857_OG0009970	32.2269028698473	25.7799594395221	29.7475643782587	31.7062200319822	36.8679198859346	32.734524658119
CG7860_OG0003262	7.75008494552432	36.191114022352	4.14902578515836	49.250702511941	36.2288125908728	27.9021603392744
CG7872_OG0008525	131.901800202342	94.8625859208734	77.4224086289472	72.397166046182	77.9598168810284	57.5360837806039
CG7879_OG0011287	10.4060097661473	13.1787116053935	9.87758030409359	15.2290323521406	16.3425080082416	12.4767481749019
CG7884_OG0007463	2.55335739027973	2.22265599344076	2.69109549095804	1.2546609065498	2.00588664212165	5.40060654877459
CG7888_OG0010080	11.0958899588824	6.92554253203028	10.9693750352515	9.01826392322687	13.4513814296592	10.5521223026244
CG7889_OG0007461	44.8796069350392	29.5196251222169	27.3542631432	34.06421438312	34.519475629467	31.5170996105967
CG7896_OG0002626	36.55746595149	23.2572295848692	22.0191426479566	26.7790729287996	43.8697771871877	35.9582685610792
CG7900_OG0004794	11.5629935364298	6.05200351866373	17.424491670057	16.2073787752386	20.3653183186895	25.4285789418298
CG7903_OG0002627	29.0349130562537	33.7083062741713	27.3106347299121	31.3528747454194	40.4745127712215	33.7814913524796
CG7914_OG0000779_OG0	16.9944411542216	6.69864474775597	16.8040065646692	4.27301671560975	2.17037453450406	7.84847105019993
CG7920_OG0002634	145.239428983542	230.498306322779	160.979996898733	169.336431129044	120.117217965893	352.921412023747
CG7924_OG0010877	2.79377019609285	46.487471092578	2.40142324109904	72.2203808302279	1245.35364666615	1.17797012405249
CG7943_OG0005725	28.2851405032645	25.3136052233769	35.3544122317281	28.2467376342905	26.3950671845042	19.3267963822276
CG7950_OG0005728	50.5169327979332	77.393644510952	40.5807800134226	44.4497496987705	61.3408441168872	37.6854173226124
CG7953_OG0009177	30.1442865840448	86.8330670755542	48.8110823489535	610.130532167379	139.959726919478	32.4510256343234
CG7966_OG0005007	75.3186140772376	189.36281754198	38.2514133321074	57.1377238914703	38.4678916315043	89.3661719462521
CG7970_OG0011269	51.4654108890408	70.5285633318628	43.5032209708376	48.5167798172191	62.3391297532247	59.9094582798832
CG7974_OG0011022	13.3123956416659	13.4002975616875	15.5124694771832	13.2459147195139	17.013600303527	10.3600918305982
CG7985_OG0005060	6.56623862724522	13.2888818719529	2.57583125271128	10.3951036623702	19.5321703275018	3.76052802100116
CG7987_OG0001083_OG0	43.0036008729873	38.3245741995868	36.3760525570912	15.6372475316656	47.6746738350424	21.8085550456792
CG7988_OG0001447_OG0	6.98504927344881	10.9459882286773	12.0958529338998	11.4011277782526	12.2474700450964	16.3254340970098
CG7991_OG0011026	7.23476354235932	11.6463816046256	2.28278880029495	4.75869395643618	6.39479490307136	2.23749678099401
CG7997_OG0006481	20.5083760205472	21.6187651436709	19.2196008907259	24.3061228650414	17.8926913054955	27.8709551452005
CG8001_OG0011034	21.3420554731811	25.2751877420064	20.9609568098944	19.0386366143599	28.6931499111631	17.3045294989708
CG8003_OG0010941	48.2076674305024	46.4214010962781	47.17714059187	47.2474059079871	57.5991185227934	34.5382707126492
CG8004_OG0003927	37.7584850592156	40.6428261745763	41.4898146682117	49.3321001981416	46.0515149343803	28.9008071092288
CG8005_OG0011156	19.5912103011311	13.2850470786079	10.917531582897	16.6206278799457	14.8748930809963	11.8238017693422
CG8008_OG0002899	30.01321485212	12.854132720375	2.66014703062693	53.3034315973642	8.37820747822867	5.55281734703341
CG8009_OG0010946	15.2320184163283	15.7470757830462	17.8350477359206	18.373810457366	21.8988663992328	14.564370666412
CG8010_OG0007456	13.6044181905487	16.209285257084	13.7096021818702	19.4492033801624	23.7303482630108	9.29088471702815
CG8012_OG0011921	48.4741444973602	31.5045253117256	50.821007384464	36.3750957777831	23.524263596017	38.7131016650972
CG8027_OG0006381	4.41547318013073	5.28492246114275	4.06444825660705	4.09776405786551	7.12471147961432	5.0495630662518
CG8031_OG0005012	28.8768390522754	35.2104595596293	18.1955051148315	24.5150729557849	45.4849845713073	24.3989887712794
CG8032_OG0000848	10.1829102101451	9.86662113974164	9.78136819612722	10.5746515168453	12.4321375453472	7.35603079958205
CG8034_OG0007451	9.1569781052577	7.30945405925798	6.18296603943458	7.90902915223657	10.1327813962605	4.08332429074293
CG8036_OG0000849	188.547830585606	203.373745112383	222.501313186446	269.271122856522	271.157495442886	300.23463571163
CG8042_OG0001311	46.2403350518659	30.8395775442378	36.1733384543062	29.6277804331824	39.971605606741	39.1749616293259
CG8043_OG0000573	25.9492539652153	12.310704039372	19.0975872057556	15.2829637492362	26.5110136030858	24.6913781622986
CG8051_OG0007450	4.26777802856449	5.00490509887118	2.55328201424831	3.7432415043312	2.66566391421715	6.19734462402525
CG8060_OG0006485	10.4372276963714	9.73842144832094	9.15367805039829	10.1467112889991	14.213252195811	11.0324164194222
CG8064_OG0002474_OG0	21.7898771442175	18.0202092413395	17.0397905431006	20.341626576651	21.3329425348379	1.87628562289771
CG8067_OG0002991_OG0	11.6367126031019	12.3943219042639	13.3383336159469	9.53268822168726	6.95543571270592	17.0856160156475
CG8078_OG0006399	28.1565638331849	17.5354708379342	20.3164978660093	21.3990825589183	23.5800289077123	18.5600035562703
CG8079_OG0006837	14.7535845052495	23.0882585066899	10.0814086548359	13.3124400817663	21.4369169145089	19.5500885689895
CG8079_OG0006839	9.82206386962897	15.117682287996	7.06619527541007	7.64557633884847	13.1618380868351	11.840985483593
CG8080_OG0006401	6.29984489306636	9.85504872424067	6.62886404251385	8.63633652785203	8.36446176936911	7.69154446787085
CG8086_OG0000404	85.8426497019264	27.1532969007581	81.0431189534167	66.8057569170879	50.0555709985972	66.3736090253735
CG8097_OG0003302	6.24501308844802	9.51723206704184	8.83983749817115	9.00932347472529	4.62197071272422	3.80244592793732
CG8100_OG0010884	6.23515343344958	12.9987331498156	4.945408111635	2.18772594131996	9.68295893132044	3.91850822593609
CG8111_OG0010682	32.2222475281278	28.8190225290749	15.2786492204027	30.257063001009	34.3097069518651	20.4283836903652
CG8112_OG0004823	5.27112179113207	4.75419472625954	3.14659126522141	3.67660437032195	6.82022717661667	3.79545627726037
CG8128_OG0008520	10.3533272900485	13.108135252844	8.48748610768598	17.3633984162194	12.6010681935942	17.382771470758
CG8134_OG0008518	26.6147598364779	28.580493828852	22.1607190373231	29.0601529179792	40.5391006656343	26.568970645414
CG8135_OG0002351	27.146674306654	21.3137768351423	26.2824486222697	24.3804429203864	32.8388065290382	26.8056937706052
CG8136_OG0001423	1.52383179173679	1.07091665991373	1.26749305574109	2.4465270279048	1.5908106729275	1.09031502878026
CG8142_OG0007687	16.0307414496054	25.7337011841891	17.3587781986091	27.2367413597736	28.533272939456	21.8256075963037
CG8149_OG0004659	60.5687262689483	62.4684350554909	53.1923741093469	74.5219043949396	89.7859645272934	65.4867956645037
CG8152_OG0006833	4.07788534128339	9.3257135652731	4.22555759298211	9.86732025245444	12.8787632575083	4.2008001076063
CG8155_OG0006832	12.5939582838274	21.6115795797228	14.3034733552937	13.986180881683	26.8279922777583	10.9924066385663
CG8159_OG0002327	6.72725395274279	4.71253763681916	5.09718483323226	7.81283124258014	9.05638415810322	4.5955005791202
CG8170_OG0006407	3.36609880829893	3.6296722445495	4.81086363967575	3.5082696252421	7.94632119425213	2.52113605879055
CG8173_OG0003161	24.1838036677564	24.0552174751837	21.7944710869946	16.9405279842782	30.2508720182962	18.5507805366189
CG8176_OG0001491_OG0	24.2485196599647	26.3053134703037	19.778974140515	18.7662041903523	29.9751948447424	31.9997680214134
CG8187_OG0006822	10.8503322455995	13.3446150603552	9.55283654955637	13.0129267639092	11.7140726827679	22.4488908155289
CG8188_OG0007694	39.0905230244134	39.9495131144478	35.5930050928225	38.4635488066569	60.9658728582087	33.2631624202635
CG8191_OG0008515	6.01356159376995	8.13201238523511	5.71499367178468	10.815107215581	12.6904613281052	5.22125225724824
CG8192_OG0006820	1.72277199403649	2.2942960658103	32.9877566803654	3.50292064149254	1.44114779161768	5.0529826498061
CG8195_OG0006819	14.9617724175418	12.8075368504949	14.5573650072921	11.0041720875998	17.4364204592906	13.3826670195815
CG8199_OG0005552	33.2342266329163	31.0428179146473	81.664209436497	54.715954866512	24.9017592588755	40.834488372649
CG8202_OG0002328_OG0	12.2552721530504	15.9126208932325	11.3612744019779	11.1638135568651	18.221064962222	15.6396291409218
CG8204_OG0006817	12.8434481756661	16.3664379321289	6.1624535975881	12.4643004777964	15.392394125472	9.3292795670235
CG8206_OG0008510	152.311376578685	146.128507985488	142.644004943643	142.688551829838	126.451695586594	58.7349828698567
CG8207_OG0006815	29.0903374716281	28.8191879629337	25.7440863754207	21.0732743287824	26.1382102512976	17.2697416564808
CG8209_OG0004006	106.104353587788	151.716728284489	104.33417241881	106.261622334532	141.435151470668	112.802035767318
CG8219_OG0000376_OG1	14.1121398834146	28.5271354760829	18.5485841269353	15.8186406832591	26.6858091475253	27.9000411511082
CG8223_OG0004831	149.031696180383	209.498625130559	131.261530512634	172.692670615116	289.608980774925	131.361401428884
CG8230_OG0006627	40.5113731278331	47.7806411839751	46.8358174764498	33.6029067140866	48.3116299328231	33.1007971922352
CG8237_OG0007109	37.7121630554096	34.6294872740958	33.0782898150556	24.8381565063222	32.72041387831	33.0165506835555
CG8243_OG0007110	59.9860149779701	60.2712337946141	49.529247721829	49.0922322674948	74.5288195167707	44.841839752714
CG8249_OG0006809	4.19999026449271	4.7656558935816	12.4991210299597	7.70851988325271	8.28053492163867	7.12698678358477
CG8272_OG0007123	11.0562849318199	8.84590721100793	9.53571271796266	5.75145506606818	4.93556069837752	8.74825027342701
CG8281_OG0010681	24.1607721987701	19.7796694335933	20.5279243120228	19.869267466223	27.6465916542526	17.8368424381464
CG8289_OG0003163	42.0952202269423	87.2447274768008	57.9874659440528	61.6807985405175	101.54429186595	148.416615383652
CG8298_OG0006582	9.789943451902	10.7117636961528	11.7450884520471	14.5513508808181	16.5815975787689	11.4541731291195
CG8300_OG0007981	77.4375139685176	55.0965741937227	34.2245608068641	69.1815309341	85.3289691360457	18.1895745278896
CG8303_OG0006412	6.75412771657696	8.19238566838854	9.820283614987	13.8523967926474	8.10690624471963	7.62742261249595
CG8306_OG0006630	62.5556491360745	52.8723191952654	43.6618677025203	57.0289339191139	53.8209699673424	63.205037933309
CG8311_OG0001617_OG0	30.9921811405984	35.9491883325135	7.5419386584443	26.842989847713	31.2196321610325	21.7400229008734
CG8312_OG0005562	50.655784138474	30.4116313674077	29.0922204711717	28.239303788553	34.7817727910597	40.1902771532373
CG8314_OG0006677	49.4617904341956	49.5346795476519	31.6855134332331	46.6596696809447	56.078408893125	42.9718104961475
CG8319_OG0001492_OG0	17.1939919370852	15.8256070746315	8.14529247405843	9.28799975998248	17.1523680528321	17.3039596481859
CG8320_OG0006679	43.6703041902934	40.5268916633336	47.0603666510608	40.0386107648186	43.1778451158957	47.3294373095143
CG8321_OG0006587	13.7081325802341	13.5576889510219	11.5002747875191	13.6055799803692	20.5624060564668	12.9563135808694
CG8323_OG0002920_OG0	11.0324885526439	13.2411782989889	12.0215803241528	17.1463051427003	16.8993462277905	3.50262728456624
CG8326_OG0007700	27.4614679179349	19.5838840997509	19.499602890836	29.8298805085316	33.4571075409985	21.7231880052274
CG8343_OG0000910	1.02034639922661	2.8358898138024	2.03901832260698	2.14563455062583	1.29152611255012	1.18136794287732
CG8353_OG0003499	60.6639488964444	34.5301708452245	31.52015125417	27.8357433415952	17.1317197366482	14.5766840013385
CG8360_OG0001839	5.73368067870513	29.7958722437664	11.5241237928692	23.9605231672823	16.8183589808467	12.2237417359198
CG8366_OG0006676	20.354198595299	13.8530479416355	13.2110003218148	16.5481985021759	30.5903263432906	7.55930394890319
CG8369_OG0002330_OG0	251.617494681145	77.2588543603097	151.348455132745	193.213593277694	122.201516632558	145.014544512393
CG8372_OG0001840	51.8141179188605	73.5941671838954	26.7630009686815	57.3994440850058	77.2123821475504	51.2216126460806
CG8388_OG0006683	9.0819116386503	6.24451577741937	6.74792223165324	7.07713350227348	10.5495905626679	8.83764106881207
CG8389_OG0006498	21.1424704834294	23.0925154370749	14.1913587838227	23.789866707871	23.6032966002275	18.4226438207337
CG8399_OG0006501	70.9657564003752	56.4752838106736	66.4598150938677	67.5824464857442	85.2538474885116	61.5550654040655
CG8405_OG0006504	9.73153087000636	9.67803147086851	8.12288379762791	8.90484137443687	14.3365393107141	5.67052941764043
CG8414_OG0006506	16.0335100438927	14.9902820882694	8.41634091473171	14.2600890661948	20.2488738125677	11.3014089272267
CG8420_OG0004866	1.79926941917451	6.86222341034192	5.02303788741396	2.74310306932098	11.3855534655906	2.51728699526393
CG8435_OG0006518	21.0562028875859	17.9825184340288	19.0878524995614	20.644198257244	29.3235876953876	20.1759852050436
CG8441_OG0006123	34.8071051292612	40.4603241884461	25.5143295360065	36.9049166451892	42.9952727506129	25.5288534988895
CG8460_OG0003609	57.096577890262	61.386491210329	37.3086232559022	41.5611532447064	66.2965403649946	45.0453115908847
CG8461_OG0002582_OG0	17.5507214064852	16.9530583603398	11.1034454283491	20.3300808209418	22.6478372014775	8.51836447019651
CG8468_OG0006529	87.7934796480505	83.8594923009124	124.698077991469	89.3355442016918	104.047584221719	62.1432436008607
CG8475_OG0009248	23.0155909222403	30.4037560380651	33.4109662406371	31.6999273272839	26.9139600502602	43.393013964634
CG8478_OG0002233	40.8207450659343	32.2667424057108	34.7416140896784	33.0002624369319	45.6805938280783	37.3274516827307
CG8483_OG0002450_OG0	15.0560903674803	20.4187337495137	9.98419761146325	15.6439993862285	34.7974239007916	4.34903151120839
CG8485_OG0006527	23.2592543072391	30.4671093430385	20.3198256936104	24.7822418511188	37.4439080650498	28.7597305497846
CG8492_OG0003975	74.3023552589494	11.2590437920674	21.2680564093441	13.3507985309357	24.8737842604856	52.4718992219449
CG8500_OG0004569	2.02031924406079	3.73254073191411	4.8769791278258	5.14397089666133	7.655966299959	3.60403111891011
CG8507_OG0004571	60.873157748377	85.5895722183969	51.443912114304	61.1662289425331	71.7361642026458	55.8511109992048
CG8519_OG0010266	6.42402155797871	5.52594849863442	4.29146805443294	4.75872509145313	4.1415048958944	4.4246371469557
CG8520_OG0006204	20.8574191664889	32.3271386804769	28.859784089037	39.2026201265968	25.5981842015785	29.7426435276305
CG8531_OG0006522	44.2104248611485	60.3610760642537	39.5506479019882	37.4004635953148	43.4612453320904	36.1695831564268
CG8534_OG0000180_OG1	5.7304886406884	8.36487395875188	2.07422664286991	14.4533155442603	5.67675870472001	6.54087719222121
CG8539_OG0000710	78.6797776297295	7.22157155030903	12.7275654738205	21.7485913783627	52.38724828052	4.34122861718045
CG8545_OG0006212	63.8937459883047	66.2411072329682	60.4776175011081	66.2154096485802	78.8684782698173	46.7179168489658
CG8547_OG0006520	269.559455600394	197.674807807741	258.228942405099	243.482494729963	247.419810460161	262.153581921034
CG8563_OG0010443	25.0221570996756	10.6069704563808	24.9621156304255	20.0882534727089	11.6868076757531	18.5698345508999
CG8569_OG0003072	16.3770059981229	17.7034622431814	10.7459690175339	8.46890778573358	14.18045373777	15.1490749626453
CG8578_OG0011709	33.954655138467	32.8462480677184	24.6564627586917	33.9515228451172	46.6059172470958	22.0184729924216
CG8586_OG0000907	20.6482727531019	3.21419488065725	16.7770640980652	24.8760704970325	10.0221453579314	97.2376503208732
CG8611_OG0007708	10.2611840588079	7.92410927472005	6.51782550115135	6.87995242230971	8.64750581252829	4.20459944451063
CG8613_OG0006125	33.5005846004355	25.4130405017113	22.7685447741191	28.8756409201242	27.4719805683383	49.1871636883104
CG8617_OG0006126	20.5223373388512	22.2909333546184	17.5668111007418	23.8246673517245	32.9340608145283	22.8542383611577
CG8630_OG0002445_OG0	53.4385422545596	38.5301205113963	100.483703968134	86.5255458209748	36.5857845135755	12.9694515232553
CG8635_OG0003050	105.571666706748	99.6091944372746	96.8795328586715	114.713626616607	128.863780622404	85.8021234627155
CG8654_OG0001653	5.36112939022379	9.78519166869885	8.91715451769538	4.77531421283551	6.16272813521725	5.41404851696994
CG8664_OG0003318	139.554674929137	52.8980515296941	574.006111132458	335.743211581667	192.403586142292	74.8478148769739
CG8668_OG0009776	22.4620975650156	32.3071344815027	25.2855157438514	18.8385465609287	31.2128496661755	20.1351278692455
CG8671_OG0000703_OG0	9.63915633751558	11.3036506828432	4.30442926556426	10.0494725183375	13.2899640206867	11.7070382036693
CG8675_OG0008600	37.750084363393	41.8199343087214	26.789980096791	43.7864824872063	39.8871066481299	29.4923836323825
CG8679_OG0001933_OG0	7.73142267255005	8.86603571349772	1.36044591933989	8.49738100433347	17.6910494697582	7.81368960258372
CG8708_OG0003549	22.431511509904	37.2120276917875	2.57102872641447	31.4263235427071	49.8116200023849	98.1522763032972
CG8726_OG0007195	31.4745516529333	25.9770288426227	28.804168043911	22.4074298255776	37.3987033965559	35.1719509731153
CG8736_OG0007138	18.6787494451537	34.3814684166733	55.0544116372668	15.3626587209036	5.74197117156458	31.9218388294406
CG8738_OG0007132	4.71923648427826	6.50920340263317	7.4409051976397	13.0750658878417	6.39838163314657	13.7936023604783
CG8740_OG0007127	48.4603468200338	34.9583798600458	42.6027153290304	34.6835836647845	48.7997530918215	37.3278530669785
CG8745_OG0010905	13.7030422806956	6.08926116502933	16.0429724130419	13.894822178798	6.26432685765534	6.10995847610171
CG8765_OG0009885	13.235362485012	13.0885878013956	13.7877793634434	12.1157077938934	17.1973835942098	13.4334617747581
CG8768_OG0007216	13.0164184727719	14.6961737735369	17.1101642279932	16.8426168305718	13.6882728655226	25.5737566271777
CG8777_OG0006398	19.3677193607873	11.1264354411216	14.0180638876273	10.0405287579123	15.7889549373483	11.7497390889369
CG8778_OG0007208	28.485252200171	58.5288032554655	62.3369577453594	61.860794734451	56.9684320657075	68.4936074246919
CG8788_OG0006388	8.09497540774024	7.04557595173379	11.7374182256986	10.5852819445878	23.0690620451238	4.97965223408461
CG8814_OG0008929	43.5424064726851	48.7295664172435	39.1690257089315	55.9693946600972	65.2169666895374	45.2666654422156
CG8818_OG0006216	69.7883455564605	78.9758243713435	75.4567015534997	63.9723228103127	75.8569168062518	70.4498956199688
CG8833_OG0010903	8.41184236048492	9.51710817950283	8.46023887514899	10.8927971928942	14.9373367487063	10.2730186515347
CG8839_OG0006193	78.4359773822479	89.0524942118158	65.0240037899874	80.2648848865226	146.353316570028	64.1259156872589
CG8841_OG0002778	13.7496265603645	13.763406996247	19.2815913278535	14.9111027716405	20.9241080025597	15.1198670474278
CG8852_OG0003584	7.78108688047473	8.4525517779217	7.59871150786965	15.1244662805026	7.71880903978546	3.13551184937877
CG8854_OG0006181	2.75417594900336	4.27731402604226	5.22968892156966	5.10217988157435	8.14183451233546	3.38614508445799
CG8858_OG0006178	27.8736294490347	30.5297264101523	23.103557842312	21.6686652037185	39.4853964201254	27.3884791209274
CG8888_OG0006593	111.862494416726	58.4209894762371	39.1233731528465	56.0517666846934	44.4044326244061	93.4221536930205
CG8891_OG0001818	28.8762719612779	41.3015182878619	34.9627672378756	34.9431361404898	40.8413389542265	30.074394836533
CG8892_OG0003421	27.1169832266219	35.3073487767366	26.1516192278198	27.6390875374257	39.6173326066025	30.7604179528272
CG8910_OG0006437	1.80815976225083	1.0150532392069	1.21825251531639	2.31108313027921	3.3690229210163	1.04324872515293
CG8924_OG0008162	16.5669889682364	21.38529272359	16.9462252716741	20.0472108703442	33.3384104015258	19.3924395550897
CG8925_OG0005421	5.7021152233954	5.22751252064926	1.39426525641816	3.73296714421637	12.4344086186521	5.51292994530382
CG8927_OG0005422	13.0250600444068	12.4194834003186	15.2957780741323	12.6501081636114	8.3796683841027	16.3102236193613
CG8929_OG0007091	94.1067148291394	121.359474591586	89.2093483338295	94.0706431401796	154.702236885759	66.5694170559239
CG8939_OG0008167	44.85165932203	39.2531184677829	28.8303463756288	50.3429881858961	49.9397334190918	45.2514207772326
CG8944_OG0008509	16.4392234922432	14.5996288274924	13.9114155408366	11.4476598131645	19.0954459751365	14.7900954229107
CG8950_OG0005919	14.1368141385622	6.94749768063652	7.55746466372518	10.8269249157916	12.759872102905	10.2609182981763
CG8952_OG0012219	5.46234139513434	9.01377218378283	29.6709968325216	23.3406945596465	10.1467357566402	4.18322201072962
CG8963_OG0006456	139.384075351138	162.713530683019	105.631280551094	98.7828609003082	170.190051879765	107.458511708704
CG8993_OG0011085	95.1649207612604	134.622141238764	123.280877251901	133.298462379326	140.878217167213	159.004019779639
CG8997_OG0009179	30.9304559743982	96.9045850130237	34.4733766046812	722.670834318929	169.745142968469	35.1308971992524
CG9003_OG0006559	9.16139862222658	23.9107945675953	8.61542207132724	16.0794536434519	34.1456538053619	12.0883074772199
CG9004_OG0011087	20.8155418275657	15.8860875057122	14.8271171852853	16.9128437806657	17.9866989017227	12.9871959831597
CG9005_OG0006558	17.916074041283	35.8551604357135	15.1470034907819	25.4562759938005	86.4863835495712	17.6148259605426
CG9008_OG0009197	9.74396562513264	7.60979613103214	9.52401547049501	9.60936333391148	8.71567283404221	12.5932970113923
CG9018_OG0011071	35.9085410383995	40.0504696869068	30.6922660225056	36.0869348470221	46.0745249058283	46.4019526408261
CG9034_OG0003157	146.474200465161	195.639569653957	235.366448714566	204.703438411481	137.281327032388	265.073630423004
CG9044_OG0005844	19.2874412614887	22.3948727796053	14.2670332972798	19.238694547045	28.3689127871202	77.2313478166449
CG9067_OG0002798_OG0	22.6759531870091	21.5038937139486	12.8575071054598	20.1736649971901	22.0967832263371	17.4418365977049
CG9107_OG0002064_OG0	35.8755840536105	38.7458878863685	26.2039401908283	33.6167032714128	32.0366351026434	78.4511722590476
CG9114_OG0008337	10.0669643258519	10.9073898214842	6.15899216583232	17.8442099672881	14.2116782033039	10.4597462643709
CG9117_OG0003744	5.02274995501152	8.17003424192791	5.95376005908883	4.43847577387844	7.79972698244164	14.5713404868571
CG9121_OG0000943	1.85081738316737	1.77300572512757	2.51931824152478	2.42027084124584	2.58155051910642	1.74557164987766
CG9123_OG0003263_OG0	29.7253641769338	44.9017028029841	25.2777984675555	51.5363301897599	63.2187980337976	20.535947367312
CG9132_OG0008564	24.6654951493961	29.9968364432116	26.9480380062857	29.5506461740883	39.3089369591812	22.1111217048974
CG9143_OG0007084	15.0037611743093	19.8998716281275	13.6233636727179	19.4099739850396	19.631602158961	17.9784070251826
CG9166_OG0011303	16.1686407429216	16.4427281869314	12.7894481730313	1.60432644201205	16.9595494219945	12.1186302691246
CG9170_OG0008164	2.72948463574182	10.5355311830395	8.72417569731294	15.5771474481222	13.9577849557205	3.80351909613925
CG9171_OG0003727	11.4764752800128	15.2227782107015	13.3781968246852	6.84179692544594	18.4614990910157	11.8412086363401
CG9175_OG0005842	37.3864616426735	34.8584949636556	39.6154359756681	31.642633010961	39.4856623408695	47.5042795252817
CG9205_OG0011329	76.2979306751428	96.8652690556303	63.3328097105415	54.0057791092799	58.8011524754998	47.9972416200253
CG9213_OG0008526	12.1991881993005	12.629747262551	8.9653165905245	11.563448223729	20.2495339254188	13.6371762008419
CG9215_OG0008524	24.9614884028708	20.5092654164635	26.4234673996653	16.9103464180972	24.8998103711942	18.6883294433149
CG9231_OG0009897	100.422516852734	93.8704063874882	87.1344452172017	96.2257298281573	167.052841241437	110.900068954614
CG9240_OG0008519	28.4580946206989	46.8168961247551	34.6003175877998	36.8926602254339	34.1927833728281	29.4279349656244
CG9253_OG0003677_OG0	54.2051051169266	85.337879335886	26.8151597064446	95.5346014613834	104.274201058469	56.5496857221321
CG9279_OG0009902	2.21139076566753	2.14815334596137	2.91719969936756	3.03637793192411	4.40509143035073	1.27256682717121
CG9281_OG0001765	252.25647323198	158.962451900474	153.372039175971	166.413807295537	202.783624009592	253.433245391449
CG9286_OG0001378_OG0	22.726323818996	46.5742698195303	30.0445310830241	45.0580363921117	48.4518019597103	9.8668256956899
CG9297_OG0002214_OG0	261.899278620394	307.37989006028	617.137861079424	400.846745061968	201.934979236892	314.511514109349
CG9300_OG0009899	25.756428022192	20.8815869527122	17.5797448325743	18.7435599207824	19.6263327454914	19.1255440046368
CG9302_OG0009213	81.5315784355031	87.9858366506208	88.0891830168693	75.6407369511822	112.862134535926	70.8204069318827
CG9304_OG0005941	27.1815379347187	22.6889219113041	18.9501545216964	18.7168295276276	33.2470378524411	29.5603053600292
CG9312_OG0004527_OG0	31.4952042682852	33.0657140417494	8.59872395697018	20.7856273927284	29.3687542638993	5.16246280847474
CG9328_OG0009439	13.9865018599479	9.95608069684525	14.8520734646407	9.36725266729414	9.25918089459933	16.0062646054855
CG9330_OG0009896	58.0392769032703	56.1857287245988	55.4119626641571	61.7616810768623	75.1425077705039	42.1083729279181
CG9331_OG0003666	101.027047900443	110.237592731298	107.331816076925	159.34111908907	69.5311515858113	90.1366407759819
CG9336_OG0001254_OG0	208.188394003559	105.08728915071	178.827669058995	192.301243023227	94.6741966953928	165.606982967956
CG9344_OG0001581	70.4696233713179	130.512202476155	73.1710376478459	92.9134773817575	111.262744607896	51.9884020515464
CG9346_OG0006265	27.6871440579462	18.7409184376334	24.1713354481218	18.6411804272142	25.630454050574	24.3719812818505
CG9360_OG0000139_OG0	82.82743290178	108.638393716651	72.364013221098	210.098389745492	47.482626330722	1.06295166803415
CG9368_OG0009894	1.09823352243643	2.54240090564055	3.29619661788245	4.45755919803241	5.63580720239065	2.38899143335375
CG9372_OG0009893	21.447905895455	39.389636608953	12.6426814169931	24.8567954881454	28.0288916560218	28.9965518817189
CG9391_OG0010310	39.6599535186582	32.0376726789856	39.777742349533	39.3209823529904	30.2301320757941	31.1032640082637
CG9393_OG0005555	35.6819004470352	29.3698131004866	20.2515039996373	28.5087583874651	59.3938705165011	34.1981723377939
CG9395_OG0003604	1.38056763872944	2.54460716508736	3.99457752915123	3.29035766216268	5.48098813107934	1.89926265702221
CG9396_OG0005559	5.18027273900238	2.45603248901296	1.10070659250427	6.42867758324108	2.50593005338584	5.0145869654118
CG9399_OG0005560	29.1327410153935	54.0765201665255	61.3039744450323	47.9588937928855	26.9737260952489	51.6615499286709
CG9410_OG0002981_OG0	17.4117737552572	19.6575179920654	23.0535648807133	19.0151721926515	5.78590861939804	32.2600428854833
CG9416_OG0007037	15.2679896051402	26.7901636595173	14.6386171310346	17.8908819231725	42.6828361379514	11.6244187903771
CG9426_OG0009236	25.459448021235	21.6511593554628	18.4035128370785	20.9421848217572	31.1307220423087	23.8283232182121
CG9427_OG0005563	55.1018024915377	29.523614507466	53.959075213134	29.8152970285045	28.7818660931876	27.7711273824783
CG9436_OG0001977_OG0	18.6451509812039	45.1162099187664	35.6813999852128	42.6712207806011	37.7407241069864	45.167269591943
CG9436_OG0006791	102.991421028156	78.7702270275754	75.9346255494546	95.291423589857	83.0700041132351	61.2410238924252
CG9444_OG0001385	3.8620218664888	3.16169918379651	1.83683564793011	8.49669380649602	2.61934816178169	1.74901666535197
CG9449_OG0009907	254.038908729854	114.094915794046	102.220893247013	77.0494996166266	122.165302816049	83.7653400593265
CG9451_OG0009906	154.308243909479	29.5894988202017	43.2665135498555	28.8085101022862	20.9616184089365	21.0578414314307
CG9452_OG0009905	97.5780005574143	13.7869811540854	6.29281972833199	8.8380097793851	152.450898115314	8.24315413092434
CG9467_OG0002236	51.6091818493698	61.4328550112896	33.2039649855396	33.5393666390685	58.923604437344	33.2528185083965
CG9471_OG0002234	51.204795782591	46.4872095520956	47.9940222773836	71.2243781317784	74.5699714383376	46.3585312681038
CG9485_OG0006921	51.886062294721	28.175552091745	31.5825964712241	30.6859922505175	19.1491005371086	27.73996676575
CG9498_OG0001246_OG0	2.18615275867578	16.7065008663199	25.8008091706991	21.5272579243729	1.70078008614726	1.3274219106173
CG9503_OG0008357	4.16572767353379	5.3446942456725	1.23546876993094	1.36103063264022	7.35312186061969	1.981936935863
CG9512_OG0008361	13.5402533176641	17.8214265631314	13.4149450955175	27.3297652458855	11.410845745815	6.55307002046139
CG9515_OG0003799	5.52718778960079	5.93628156922463	7.50549557923079	6.80026527954844	7.90719701043045	4.72656087788675
CG9521_OG0001750	48.7924613658975	9.29273213433732	29.1041590767351	26.3974602096941	11.0423444407637	46.3503908916392
CG9536_OG0009589	29.7703994394454	33.0543884470393	31.4499730007182	28.3701926260569	30.8989859782034	30.9358382544724
CG9547_OG0009594	30.0748457668497	27.6190800982096	42.941586790795	35.0148830639018	19.4309314293939	41.9185333321008
CG9568_OG0009299	11.341242532393	1.56906491630309	1.07839083523501	23.3993400125346	5.56530559565853	1.31748565484587
CG9578_OG0003231	28.7783457530856	33.1890615014013	24.958198419434	31.4212283715607	39.6258751690536	29.5271541177303
CG9581_OG0003232	21.3018354406818	35.6983428877978	21.3654388909936	36.5586161719771	35.9605978834599	42.1527517044551
CG9586_OG0009294	73.1797388044307	99.545917524018	51.3101332135905	59.9436718824268	60.7754341980348	41.5229767144937
CG9588_OG0002202_OG0	40.3762849484582	52.6770935648892	26.4901944518658	45.620603806565	74.1748977020845	7.44006117310208
CG9590_OG0005233	45.950037885617	38.6908739885933	36.6539201122666	36.1076114028624	39.8407529655171	34.3979498041655
CG9593_OG0005230	3.9726945251522	11.5688174159848	14.1367593341484	4.16510049613844	4.59448482580963	5.09069924446189
CG9596_OG0009600	26.7127423291548	27.6567817689346	28.9287365841769	24.8771683418195	25.7196602866832	34.4662566281037
CG9609_OG0003297	13.4231905130004	21.1729844714587	7.398620401443	11.6484277220099	14.6664986593255	7.50585600883544
CG9626_OG0004808	12.3791301398567	7.55453286074657	7.84928634779731	8.27102606249901	13.2591629342033	9.31154958810379
CG9628_OG0010866	33.1515178674725	41.5716619286809	39.3632987369289	26.3848538829106	75.4621417521491	11.2905882712702
CG9630_OG0004803	25.3771698416227	17.0825194502367	11.1452909268824	19.160018198689	19.9262009444698	19.6247206856648
CG9636_OG0004800	24.5256052811693	32.8179841637191	20.2720629984524	24.5669639156548	43.2546823505574	24.7235580802529
CG9641_OG0001856	10.2361188698935	19.3951270752397	14.64416868671	20.4546107948623	34.8517839531487	45.102384644843
CG9643_OG0008922	23.0087527781762	34.3107612562087	19.1474252864011	22.5574719365075	30.2396039042795	30.7520597715375
CG9646_OG0002709	9.66589297120776	14.4378447170466	12.154903159464	17.0213611528824	21.9744445217046	18.3454479412109
CG9650_OG0007979	1.71498259388848	2.93672891444371	2.93652929122863	1.94626793503128	4.16058576112744	3.02614164447175
CG9662_OG0008894	124.735456707283	97.1474554820872	72.4054096659684	76.5480599040558	105.196546168697	75.8249309050609
CG9663_OG0008897	7.84499811724904	2.69385114243705	8.66286398691085	3.66239324863126	5.18249274350401	5.92035172437616
CG9664_OG0008898	19.6141585032841	5.71362190200198	5.05463732880764	7.19733803759742	5.65359618446274	18.0554417849551
CG9667_OG0004796	20.8519484022541	22.6228368385086	17.8143015175176	24.1457023644214	27.0923635974425	19.5604532846456
CG9674_OG0010710	48.0396279933335	60.3836144831683	40.1130310325738	51.954293444713	50.8321531633941	47.3346554410712
CG9686_OG0007550	33.2295767641206	44.8669133583258	85.5485658666775	68.0123856229842	142.05887069303	52.3460927914879
CG9689_OG0007549	65.4610823171215	54.8583214388747	47.4223376705081	36.3290173893111	49.6833973979955	77.3163885884276
CG9691_OG0007548	358.567318339949	433.336595774065	520.433862547383	530.723953238822	388.968051683264	356.120149090573
CG9701_OG0000997	50.3718013533287	25.7333363502928	87.2504869563556	19.3236228404856	12.168752167749	17.9430222091893
CG9705_OG0011894	212.631169771859	164.615008021425	113.582697896459	142.993678745188	195.806978637249	154.426925316109
CG9706_OG0010711	24.4954051771151	20.2744275347816	19.9355723895773	16.1804387187511	20.0911675789741	17.0407801758409
CG9717_OG0005761	15.8467206565739	12.6836642969658	11.0266301034514	7.89724043244054	15.2565948991374	13.8213681106413
CG9727_OG0004299	11.342311429788	16.9997103459228	13.570311550664	11.3561101294045	22.9879885734308	18.3397851262271
CG9737_OG0002641_OG0	27.5426933358041	7.74300628568077	8.68013257059534	6.47404093469936	8.87846822000706	1.37202330338525
CG9743_OG0005739	3.35030099058113	4.42433711000455	11.4920575541789	11.1895013927427	8.08240823026353	2.75442224073164
CG9747_OG0005737	15.9124710137123	17.2345901470876	22.0539218265519	18.1184451997247	7.75630060125619	7.60095992909072
CG9752_OG0006923	38.9490181935431	37.0184307028634	38.5941618877247	48.4999551196345	40.7228806330306	38.3357121698463
CG9773_OG0000850	22.1021781506126	24.4571317800438	20.6279626714599	17.1044799482249	21.5459521231429	15.3153270874097
CG9775_OG0004146	92.3923440957839	105.717392870386	78.2634583215211	82.3616323449955	113.645421461069	120.136463968514
CG9776_OG0001680_OG0	40.5640006508738	42.9493276736225	63.9225745082371	42.1112367781598	47.7773142426656	28.9475045707862
CG9782_OG0008551	57.619250785079	52.3882689912245	36.8056431297724	57.1638247331107	51.5165621331862	46.2653275221592
CG9784_OG0008549	38.707615716398	21.4774038091137	25.2081701207271	27.0513727153506	28.5388268786452	34.664026922451
CG9795_OG0007329	14.6952112056407	12.8993955654026	8.35749656642849	14.5566611297474	13.1430010891261	17.7019664862807
CG9799_OG0004921	32.7242671988578	28.3559440947309	19.4594970400727	25.2219482244446	25.2158869004179	22.1440991372121
CG9801_OG0004829	15.439208117139	23.3299416155742	17.0458344487678	23.8004764631018	51.6102560767164	15.9922120156213
CG9804_OG0003107	16.7027988754974	34.0364133136619	34.7643447248505	23.8687337412431	25.3332411706847	9.76842863815906
CG9812_OG0001557	56.9630349594884	76.449937936546	80.9623945279005	53.9639543001371	33.09924220148	16.6083075887707
CG9813_OG0002378	3.07333257818278	2.61970302738411	5.83154485721055	5.77958448722422	5.94574342771155	2.99416411846012
CG9815_OG0001111	3.91871622437127	2.04281503475635	3.09571471739244	2.02521081205588	4.86279573426261	2.07727136151002
CG9837_OG0004843	6.79262664401959	7.89502624841878	5.18554064436128	13.1342462902038	8.92337912390331	13.0803326306968
CG9839_OG0004840	9.62642082679289	16.4422935999652	14.8019949353072	20.4559874122178	26.3292126836235	8.44790590576282
CG9849_OG0005987	25.0572678446275	21.0582415626052	27.3231073242785	24.6100450165515	23.0919111407483	16.7348705584473
CG9853_OG0007333	49.2435181147673	51.6736361940207	35.8365222632346	44.2956610764745	55.4711338523523	43.146786100172
CG9855_OG0007332	51.86873935054	48.4485438897116	46.4381192888973	30.2624447183243	44.2323305059455	52.1755796084904
CG9864_OG0007079	14.9513659445447	79.5056049421306	13.1952619245212	16.9782446309328	27.6339758587623	12.0892796275186
CG9886_OG0003438	12.7438691182401	7.53574911835978	8.87094406786668	10.1649142439088	14.3722051093933	11.4839298220626
CG9890_OG0005983	19.2299565350836	18.2667462573264	12.9869291780112	18.6777509994708	24.6085186015812	14.944606190123
CG9896_OG0001550	6.48096179716333	5.94691570986175	4.19376241203295	6.6520612449719	9.32543648485143	5.28267991038215
CG9902_OG0001003_OG1	5.55988100266336	8.89242150068915	3.86387918597182	5.95182809596897	9.62575294159433	9.56890949644792
CG9903_OG0008545	2.12324834514989	1.68061033901534	3.90677623887711	6.54043649169586	2.65382893347055	3.85279366056002
CG9911_OG0008181	98.9408114959802	92.4094037168045	91.5149283086221	81.2929860163771	96.0113402659719	76.5115125308897
CG9915_OG0008183	50.3494766090386	35.7127027594314	34.2982211896796	35.7805064423573	48.6265482564806	33.6559776264841
CG9917_OG0008185	69.4418594179825	79.9414869481309	64.5181986317957	61.8336066686119	97.6493886453437	76.7015808613943
CG9919_OG0008187	5.90328222292993	9.02325537353062	12.6860442974594	16.9516326136441	24.5186316069496	6.36804448212873
CG9921_OG0008188	37.489688549514	66.5106797689288	55.5156655205772	90.9047099243211	56.6425430102196	34.6258636170337
CG9922_OG0002222_OG0	62.1624357647602	73.0998824490451	47.6545736503797	72.3225853425761	78.4688687443403	18.7714662949455
CG9932_OG0009768	72.0853679442411	69.5926112264633	47.4020982393341	44.2967227121056	93.5987907206295	66.7928379382435
CG9933_OG0009767	46.4977158734786	42.4076816090298	33.3667229573441	40.7123295232609	54.7482713984581	45.6817479915895
CG9941_OG0008259	34.8756614130404	34.6062050307592	30.7999174259635	38.4390172808884	60.9007100064013	31.6781922293217
CG9945_OG0001616	17.4799359471819	15.6911093882488	11.3244737773138	18.3480834945882	24.3845622072478	13.2973574188938
CG9948_OG0010278	18.7494547578304	17.3073134988488	10.9993213138616	12.9332643949672	17.8955866473975	14.460833636753
CG9951_OG0010704	21.8676094289298	27.3935461322086	17.4882496855597	20.0482078468554	28.0237900085901	17.3201458519891
CG9953_OG0010283	143.702266356804	106.180013914653	116.477636962245	109.671086236343	141.1560836813	124.050831158099
CG9967_OG0003449	18.241567198675	10.4686469527604	7.47363604606452	9.9727010607211	9.58809624651018	6.11525840107779
CG9986_OG0005400	13.7202723160926	17.8390986961875	10.84402616526	15.8085371032909	21.5506504487753	13.4937251487862
CG9992_OG0008191	46.3832237556519	36.9634587251423	32.1953433049942	58.2035337965432	87.3649297409345	53.3788303871954
Charon_OG0009030	14.0938874607511	15.7575999535142	20.2405317525318	14.6523802450355	23.0276813236403	7.09297129475139
chas_OG0007695	35.3041413434861	11.8031931247844	9.95242030716219	6.96963550283172	11.2371010403993	8.02192865373373
ChAT_OG0004454	2.72791910756745	4.09930681404395	5.54592637493925	6.23266586515821	6.77780761623385	2.43618595853979
chb_OG0010319	35.7724773039983	45.3074391034413	31.6165316357499	33.0699628897375	49.8821239072767	38.7748241594376
Chc_OG0008150	161.024531809284	184.095886730317	145.193937148721	154.047583346607	256.677671397709	197.231219112642
Chchd2_OG0008594	116.891832933475	144.054597998571	126.704905993551	163.197205549654	97.9899361475623	97.8269162388331
Chchd3_OG0002652	88.9882822339392	145.586084693719	155.392278570914	137.918932102737	99.7887266727783	103.280663992146
Chd1_OG0008921	27.5237421219393	30.2609560999067	31.6047241969053	26.7917767798234	42.9311477248917	32.2340968311835
Chd64_OG0010508	62.7004496908113	50.5117478474296	70.5146235463806	53.516008659923	54.8802487957397	62.6642245553924
cher_OG0002557_OG0	91.5863617603384	76.0499492089664	92.9794820940617	83.7989899299758	1.40917332515261	86.8384528160375
CHES-1-like_OG0007967	18.8631085167085	14.7317761285213	19.0198610467906	14.8429729244726	21.545378116811	18.2553745736118
Chi_OG0003000	62.2523715074385	66.9332611791656	51.1982778066146	61.9333402400319	89.4132082303159	54.1577381926841
chico_OG0012135	15.482357920614	24.9181025324575	14.2095535024242	27.0232043166892	36.7900605658455	18.998542860924
chif_OG0008858	19.1415183323375	33.8391178508288	22.2823183865999	25.4845920910049	42.129363986978	35.5071566304138
chinmo_OG0009048	2.20953317306274	6.50879010179349	4.9191350270929	2.91162912433694	1.44370979866321	6.08820226859518
chinmo_OG0009049	7.54972899931343	27.2705879740554	23.2571021621578	10.3979078252494	6.42638526103907	27.2995194935301
chk_OG0006796	25.3951290135312	25.5705258798563	18.0769497572441	17.0258894345429	23.8589087198108	16.2665077875223
CHKov2_OG0005157	2.5820165088051	15.694977618527	10.2249192476798	12.5651830081076	10.8469371624651	15.2625601325202
chm_OG0009330	3.96625922025926	12.2779548541791	6.57589201626865	4.24746262334087	6.05851693633989	3.42755389695561
Chmp1_OG0010142	141.03014937494	148.132981657335	151.996324769462	141.23144329137	185.441361511377	136.146139723219
CHMP2B_OG0010600	50.4022361165879	39.2359321055757	36.5521239825981	45.512569528045	61.5609987304253	36.713401196034
chn_OG0003006_OG0	27.902119566149	31.3726808328813	27.6991497136109	26.5955230229527	22.0781107719263	29.1163767499972
CHOp24_OG0007925	192.033470949747	184.784077524849	163.214623739096	182.244280846499	203.095391364583	153.120163536903
chp_OG0001521_OG0	7.12771140413689	5.45568423544834	4.21394800023175	6.62646624724312	9.95670745740572	5.01604485890396
Chpf_OG0008432	7.23208172146225	2.40571452143306	4.56715153585521	3.64839522911953	4.09094596667652	3.7744863282573
Chrac-14_OG0003466	71.044937510358	54.9128643013103	39.645262531399	50.8998115395195	67.137683820711	59.7159320897376
Chrac-16_OG0001757_OG0	39.7931842622787	83.5791830717373	41.8218290715138	98.089484616604	156.012918785018	30.2560305736593
chrb_OG0010044	2.60365052615345	7.97803113389874	3.89313260539843	2.85636819521052	5.78694528265938	8.3925866889213
Chro_OG0009813	79.593077138929	74.8944965600569	71.3417064000617	62.1690269019882	102.460764534153	95.0416470999993
Chsy_OG0008523	11.5879086712037	24.4075766808952	7.49502267773557	9.92133759342598	30.2746425404647	11.1842378241874
ChT_OG0004447	2.55128341089009	3.10662077767024	7.51048975115342	5.05312501505844	5.25545050710799	2.3227658187572
Cht10_OG0000719_OG0	32.7023468107712	113.320998387301	27.2424881598562	38.5352342368604	79.908157810281	2.66825714130664
Cht11_OG0007809	12.530170364825	12.9390952002201	12.7000772469612	10.4239686700869	15.8829479825568	9.15356735015362
Cht2_OG0011033	124.127738280868	150.659491362389	92.5084530688189	116.452503026435	201.002832293682	107.922095146209
Cht5_OG0002213_OG0	7.61883051293998	51.8413484404236	2.85582998672965	10.4404788695054	45.8623987288692	5.80099891712033
Cht6_OG0007536	21.8201039464928	41.1522538500613	26.6725660524701	18.174932635181	16.6294778002926	30.4336513106908
Cht7_OG0010638	18.3922565431332	15.8580413017098	22.6596806431594	19.3517809845884	19.0793250735796	17.2076644738483
CIA30_OG0005687	33.0391376895529	33.041949427304	24.0073656931991	23.7201215866798	26.6435195965646	28.3166185339721
Ciao1_OG0006171	77.8473212098064	57.80521580717	54.7279962647578	64.7235783032651	94.9575308038166	60.2844802143002
CIAPIN1_OG0008795	96.6848197713491	88.52245531623	44.6372904145507	71.1778798783958	109.588644175655	62.3675348596065
cib_OG0003204	1232.16043232808	1342.26310750758	975.15587412775	924.592013014605	1620.79151180553	978.172606832487
cic_OG0001029_OG0	14.9188337441305	26.0422615540159	3.81061889591041	17.6564451974701	31.7103427588794	10.5387367251446
cid_OG0000775	26.4363102647371	9.56264837746495	20.9765526443411	13.7796322371933	13.5019558346573	17.6887356158265
cin_OG0003187	21.9936877959638	30.7196521777635	19.7409570053618	19.9527731346537	24.4209616638102	16.5366503992366
cindr_OG0002648	10.0471054666157	9.65287395632712	4.71920252889479	8.34730278264204	15.4137347599851	5.92974800881788
Cip4_OG0003983	3.85206538331925	2.94184520960814	11.761391442668	6.94121372504876	4.77677051028703	3.40578582333203
Cirl_OG0007135	125.850194614568	141.596955801378	91.4784521625529	95.0476041803632	219.945793922661	148.359483046648
Cisd2_OG0005103	93.6422932693796	161.00866154361	100.155630444498	114.978036608094	97.1789215697866	61.9506358163804
Ciz1_OG0010974	81.3296257874052	88.2025484365295	73.6924917702752	82.7548522972944	122.292248109441	87.6583201908591
ck_OG0008797	9.41018289906342	17.5643096485268	13.6016663075271	9.47138232560168	18.3399457045083	21.3811551980528
Cka_OG0009786	29.0230252838628	42.9664738124964	29.1862781618712	24.9536159031897	40.7520492028128	28.3782169238132
ckd_OG0011888	105.728928512442	90.4650738287313	58.623669234385	84.2267847177442	84.3193667063017	40.5633970253965
CkIalpha_OG0008452	213.588577321234	228.025477738981	174.278075978921	169.794258043055	240.058719028254	235.083040991029
CkIIalpha-i1_OG0001289	9.35482917272253	5.6051424100299	6.97497578181587	16.3019370525719	11.5143811961358	8.30399886869097
CkIIalpha-i3_OG0012729	18.3498295363043	11.377838171161	5.98609600200223	11.1671149442332	5.07210893591254	6.56579652560218
CkIIbeta_OG0008376	21.0317022881557	27.7587515999233	55.9423703448935	23.3882608043425	33.8330948972554	36.0901169424147
ckn_OG0006610	19.4329797873717	25.9089660693007	17.7665257133637	23.6200451401767	39.2076494329592	16.7473729022377
Cks85A_OG0004824	28.3198092487107	30.1539638180842	28.1395041122791	25.7515099647476	41.2472904050461	30.4418590136109
cl_OG0009453	84.1867425088178	115.095435917758	86.6324954106822	99.5924903232373	136.41458380842	92.6319137901785
Clamp_OG0008716	69.5391938373222	70.1086079721627	86.9907482209059	58.7428604974305	98.7434830163134	72.8239363856967
Claspin_OG0010544	15.8101831794986	16.6549697018321	14.1445193038187	13.6343765156155	19.1283649977916	16.0218006373165
Clbn_OG0002507_OG0	31.491138093867	35.3695358083765	26.8683597669892	28.3458551281691	36.2254046672178	28.6137712431106
ClC-a_OG0005587	6.57797851272582	7.38703350219192	7.19046253858387	7.02827803325628	7.42406690604613	11.2747406469145
ClC-b_OG0007203	25.3376459466974	32.2223689826541	34.1503032243602	23.726384433259	36.461943049178	13.7337352368504
ClC-c_OG0010798	37.6767638840906	33.233922169844	25.8482026744187	22.915171079125	36.3783488346577	27.9101945908484
Clic_OG0008247	23.043816444896	19.2539889176285	22.714036863471	21.2323539416278	24.9306107298134	20.3659942102565
CLIP-190_OG0003689	12.9448374640636	12.7505488081473	15.6916098244855	8.79226260039828	11.5494348046161	15.0625705173906
Cln7_OG0010435	16.3011737609555	42.442345942907	12.0503570116755	24.6208702509307	45.5224804510872	15.0230325390785
clos_OG0000195_OG1	20.64178987575	23.3268262295553	13.5369159208988	26.5663134008108	12.2776736240944	21.8816553925685
Clp_OG0003369	20.0917120561299	24.5013895431357	20.2721554570176	22.159960207978	31.3309154445524	22.5953741505683
ClpP_OG0009383	65.0959666797303	65.4844388088294	67.1816229021749	71.9306269877626	80.0955744141722	93.3207929245842
ClpX_OG0000433_OG1	63.532188290664	52.5467390770486	41.89579375645	39.2385974863292	73.0380350839492	60.6910281308686
CLS_OG0001451_OG0	40.4412629376792	32.091260977595	41.5776451235841	33.4246687152025	4.15454345917186	42.2511724074189
clt_OG0002743	17.4351883192842	20.212837468303	13.3729474406977	22.4825433046439	23.6930113973832	15.7708909391322
clu_OG0006122	22.7880052145907	29.3672117962632	33.374177902222	27.6495910636174	29.7737132182656	33.64900259169
cm_OG0007822	36.1977363140042	39.6801408394413	28.1458034972476	32.7939537774358	42.3365228687499	21.0064480643265
cmb_OG0010571	49.6775102782947	38.3918140689984	44.9535989924471	42.4776992339813	43.4732174526054	38.1403053300354
cmet_OG0000199_OG0	11.8056605737168	16.8748987276856	11.8974817536026	11.9924895029509	21.9720799309565	15.4212448311436
cmet_OG0000199_OG1	1.74961688337121	12.3110604610685	14.3538046475121	7.44600852185432	10.9332048816279	11.0655193082101
Cmpk_OG0005659	130.348221323365	186.56168541518	148.913749882924	103.744235496491	109.481874675333	188.765282453851
cmpy_OG0010353	2.3532447958263	1.1965146637637	1.91247509081274	2.23375368945232	2.34396915969724	1.29008610538407
Cmtr1_OG0008495	25.5772149147302	21.9031814116192	18.9220599688314	20.6841424761403	26.5530944541494	23.671418501594
cN-IIIB_OG0006887	76.6833471724672	26.4519633182278	53.2585628686393	54.7997009343148	35.0703026426018	48.8150839413969
Cnb_OG0000176_OG0	15.345497560299	17.2375731559015	14.8407913333101	14.2017063543536	22.6553710051824	12.6374744212663
Cnb_OG0000176_OG1	29.408138805059	30.4291408462429	25.0375907986699	28.8171593980323	36.5792298229523	35.2396397655487
CNBP_OG0005988	1535.80050358619	1964.24987505284	1185.99318242042	1203.64670171903	2004.00122463323	1138.98279577588
cnc_OG0004666	13.8377533478553	3.83108231820582	2.05261144801008	7.91070400678435	6.09933817389982	5.0633928617295
cnc_OG0004667	6.31853187858291	8.16639344652761	5.16952228630961	4.86375923706693	12.5564052720156	4.64574585817223
cnc_OG0004669	33.797930816167	33.2008581261409	18.9525487361423	19.7793426331315	32.941503202101	23.043602955333
Cndp2_OG0000776_OG0	5.9433103096948	89.3583453636591	62.6846404244391	96.5356656015433	131.262061922684	29.0092591127267
CngB_OG0005955	2.69119718284976	2.89634271320115	2.82663649970846	5.58078636066048	6.99719797206025	3.01557631534159
cni_OG0012153	44.7164350800205	43.0666379326801	34.7485499959763	55.2924914477742	86.331934710263	70.246622722408
cnir_OG0008909	9.51658751649915	10.5002137628892	12.4556690264768	12.1866110448336	13.4208892834885	5.87066874485282
cnk_OG0005904	27.8815972548408	30.5643726188624	25.5874927568414	21.4046052780377	40.3311434002032	25.6573547266494
cnn_OG0007262	9.55474777973005	11.7241896224288	12.3005286016472	9.49111312529403	15.5931325652423	12.9300940386078
cno_OG0004163	5.23819259369738	7.38984779076492	6.72155806973807	4.8774880995649	8.51857655345726	5.89003650203369
CNPYb_OG0003854_OG0	40.2923740735805	43.5648626106175	32.458648995584	29.5320460742505	48.7550009389044	6.6715151330889
CNT2_OG0001134	11.2613239816545	5.22602239756606	9.73020509660776	8.55655384365989	17.9706829037527	4.99965644369338
Coa7_OG0008708	38.1983455958006	33.6959519642335	37.0093266687923	37.9351201424513	41.5106196619458	28.0814340871949
Coa8_OG0007639	43.680910877047	59.5251798277585	47.8676597920967	41.9069679902685	40.0816599003805	33.3519176871455
Cog1_OG0001437_OG0	16.8067218237222	16.7460457550986	15.6249226093179	12.4138165989292	19.4831590756887	15.5360016216545
Cog2_OG0002520_OG0	21.6171688283842	20.172258910124	21.0438823981321	18.4537014654607	21.5293005528113	17.1216770307611
Cog3_OG0008824	18.0681939629636	16.8027765388507	12.3623651596132	14.4263436590372	17.3732110861944	16.1549606703485
Cog4_OG0009365	25.1159345553173	27.8914427618874	24.7298991671359	17.6832198116976	31.0337830754506	20.9389423084732
Cog6_OG0006378	26.8928110071948	25.823807207139	15.5385395029129	17.5661196353226	26.3137113213465	17.180169951299
Cog7_OG0005715	20.3066831359966	17.5459118865891	16.8657371031666	16.3246951383478	21.8312438607447	22.1026124398871
Cog8_OG0003770	14.7930092988865	18.045681730254	11.7152517368977	14.5511704122739	19.4563948555867	13.4070010717467
coil_OG0001668	12.7381979501528	10.0829692605939	8.12002788723559	11.4841015688686	13.4557224930915	8.92623817226032
Col4a1_OG0001817	79.0481185409323	157.870031182432	213.657538569753	145.000198292703	101.691237369273	176.461574743618
cold_OG0008768	99.011664396422	84.4457097904706	83.163000909556	52.5800461917476	88.8890679804885	67.7904297414343
colt_OG0011771	107.773010335592	127.217810425988	101.675848744959	105.451055130299	98.2621199080108	78.3930725461618
comm_OG0009987	4.3632943364353	5.30434909597011	2.40275042153459	3.22777847875988	6.00143338443953	3.41224261933359
comm2_OG0009986	9.51693632794411	10.3298943011965	6.91547280197398	6.82305055497863	12.7431831771903	10.6465170926918
comt_OG0000835_OG0	43.350291454253	32.1225923186559	34.848644480993	33.8470024325911	42.7615146731149	10.2800617227361
comt_OG0011735	6.40014003321565	8.11079904774539	22.5423789086261	18.1287002162156	23.8924549180969	7.32075617684112
Cont_OG0001162_OG0	123.924284176193	126.521514425349	117.017783638178	81.3948067187366	84.2585387178401	84.5911381944702
conv_OG0006519	49.2208651362744	35.5579901963766	14.5683731589606	29.2935897547336	37.473894914943	37.1581916163073
Coop_OG0006740	76.0573345617282	83.3222047755076	38.4280249950176	55.1496737818386	106.099880159445	45.8768011626179
Coprox_OG0009619	47.6927270413103	62.4137156195965	44.988511195473	49.4108101940718	74.9077514791771	50.1298194387847
Coq2_OG0004812	13.1760645387793	8.9386977914888	8.59163079280936	12.0940816490242	10.2973584036578	13.4432041275296
Coq4_OG0010927	18.8485561444161	17.7749542441053	21.7640130182389	13.24612105326	11.5843709336037	13.4454683200711
Coq5_OG0003312	20.1141613257406	20.412650995468	19.578858893989	17.4627017449841	17.0205344748819	13.4180228283706
Coq6_OG0003685	62.6318277838927	87.1682774042088	58.6098825421335	60.840000914565	61.9590829115608	54.091292438995
Coq7_OG0007741	19.5972726697195	47.195441524313	48.3714549714412	48.8614427459372	57.8257340348175	21.8040187106375
Coq9_OG0002875	15.1116328201809	5.82508778972258	18.6375068525721	16.2516406723489	15.1398264640562	21.2294907689322
cora_OG0002935	157.247672270252	103.100062291652	144.688472832689	115.879897443177	148.478746423331	143.586784814081
CoRest_OG0007440	22.5718316272802	21.3018836343093	15.8982331811523	21.3627310934927	28.855568839311	19.2729015555322
corn_OG0010417	33.324780692945	22.4666762666194	18.885060328428	21.5509797159474	32.835378453666	23.9296227954194
coro_OG0006787	120.318554980582	84.5657109847911	125.205251850354	101.119362381379	91.6746217948734	143.312280447878
Cortactin_OG0001362	68.3550928162986	94.7206634732097	66.3090745071055	75.6864129841137	130.992462524667	73.498228173298
corto_OG0004161	92.1521129072011	118.274242536743	96.51355273235	73.7769059388632	135.384812588809	52.1300569263116
cos_OG0006759	19.9965605291808	23.8510265827611	14.5704583406275	18.5417175817196	37.521215775987	15.953356882294
Cow_OG0004679	1.70051937793964	2.00745265691538	5.51857219211121	4.58822076892286	7.26060795673121	6.44147754676492
Cox10_OG0009385	37.5128317806294	48.5529290699446	67.0659222789159	69.4065197385124	42.5738457482102	75.7218741160261
Cox17_OG0003269	101.077990572693	106.077332632833	106.45612808186	33.786026015962	72.4603096761048	138.439975587493
COX4_OG0009117	821.951703191857	957.943293505292	380.018764027818	1038.49215722217	618.543712077268	1476.29353802264
COX5A_OG0005585	824.370014303909	1416.72949963833	1510.3474614334	1182.48227488122	606.190409618465	1312.03878511142
COX5B_OG0009598	161.940552210707	258.327761924272	325.550618403843	257.670007226136	128.98944258874	252.353481965746
COX6B_OG0008274	1285.74641103662	2090.76449502184	2177.02575267869	1335.28238718435	1408.87845774013	1796.67775737257
COX7A_OG0004815	353.331947883481	649.12556884248	548.743770545286	561.383232476067	275.557185569919	458.086967745584
COX7C_OG0000586_OG1	563.320166374721	743.404626978416	855.400687834737	646.402323546204	431.879317672752	1024.75937245316
COX8_OG0012370	570.689635556098	755.655334140718	816.739985215942	582.911972284555	339.137009686965	731.328948549525
Cp1_OG0001146_OG0	345.49850424584	230.013281433536	165.091751869422	190.519212306208	261.548890539489	111.467484609001
Cp110_OG0003339	10.0873015153067	7.42896417369808	6.96541284454909	6.04583449415147	7.72642913974754	6.35379360205051
Cp190_OG0004610	71.810614542472	93.4921949356311	67.4131686540762	77.7570663035629	128.076838142444	75.0381912854843
cpa_OG0006269	125.69324877584	134.916158423872	104.965421548136	112.987121666275	155.725701788191	148.729004962942
cpb_OG0009050	120.35477915869	140.347820324726	110.720154592672	116.608847760988	162.64351185087	130.825551402834
Cpes_OG0006950	37.2563877484453	46.0317214171536	36.5752451761189	38.9877439448036	40.998436586589	36.1992109782909
cpo-PS_OG0005428	2.52887016688423	9.11344339692729	5.35152014200869	3.78465031505767	5.0347797880558	5.34070324493354
Cpr_OG0003090	62.2785614228245	58.0449179443914	51.7351952761917	55.5386145789842	57.3112620206152	2.66747324520719
Cpr100A_OG0005772	42.3087809438393	115.289609230425	174.756422862293	197.310147260253	59.2566009830507	10.0891927171578
Cpr11A_OG0008468	128.097778102219	118.245702336961	231.775859768399	239.725326208552	25.9772806250851	157.747679596826
Cpr11B_OG0008464	101.999359605163	243.500696153319	290.707461652189	137.958622462238	38.1834495439703	200.92339111332
Cpr12A_OG0008637	217.369172773117	225.853019233281	29.6730253028771	81.9554145134234	215.171619435446	66.1902482065407
Cpr31A_OG0008847	50.2622229211515	100.742459436589	225.546107529792	169.516921310933	48.1915683797463	399.808801479442
Cpr47Eg_OG0006221	987.244961795464	2415.6473354692	1828.24198500787	2690.2637369153	650.429778999021	7245.54406117472
Cpr49Ac_OG0006197	575.736976212317	1456.06609243607	81.2673703331562	623.553300469815	3152.94506403304	456.076093071152
Cpr49Af_OG0006200	117.286235240443	701.270784994235	912.628960336381	1151.10347533813	532.587397079356	320.372090015389
Cpr49Ag_OG0006201	438.179486306797	192.775817174235	149.400951533399	192.007641226533	185.559333865086	143.860553685916
Cpr51A_OG0006139	75.3489865655665	33.2191491799676	33.1190538190521	74.3053642786376	69.5576035781165	56.3003867913069
Cpr56F_OG0000301_OG1	271.45277104367	60.3394781258707	123.569813719185	80.5129632443599	164.282941825188	105.319391750911
Cpr57A_OG0007102	676.237642373966	234.105327777	429.181361087769	297.167803786687	496.204464184178	337.652616384946
Cpr60D_OG0006037	1913.04522997448	1133.98900148803	775.402198356028	574.318357830953	374.551685401428	660.557706612645
Cpr62Bc_OG0011048	1.69270251007317	11.3376062537077	116.182945827287	12.4737780234265	7.61086921107968	213.218150636529
Cpr65Av_OG0010238	39.2708981857822	191.484366256072	49.355208086449	22.4857920060684	32.5596385558629	12.1645110362735
Cpr65Aw_OG0010239	476.042174581798	194.983338353155	109.369410687793	75.2648616466771	114.753274756901	344.209176744129
Cpr65Ec_OG0010410	4.45995917105031	40.2548993174906	2.20213649441167	6.24522823821039	18.0090796507766	29.8508293173038
Cpr67B_OG0011262	854.080311697162	410.273908101608	496.008011905058	619.081610614593	487.751291341092	450.130772324638
Cpr67Fa2_OG0000242_OG0	243.514980732012	355.940632123006	571.733465272256	238.536878920037	530.685279545672	285.495885020085
Cpr67Fa2_OG0000242_OG0.2	82.0659478866472	1.74467358022301	810.63346876533	414.14968154197	357.467523808616	310.153324833616
Cpr78Ca_OG0010306	108.969809498798	80.5045804050025	40.6645796283016	29.2246432777302	41.9523051865269	40.1613786744881
Cpr78Cc_OG0010304	444.342283352829	328.83425236597	944.820372362523	1078.25824307384	387.536584710313	613.287916068952
Cpr78E_OG0009865	1983.80858470478	1553.70944697558	352.545386155103	695.227819851855	1685.65214494737	1486.84875151977
Cpr97Ea_OG0005627	7.55966922871071	7.46089615033529	9.34180534467099	5.79379790003033	11.2649204742695	4.71714954515968
Cpr97Eb_OG0005626	11.6611671039158	12.0420154207914	23.4798540514387	14.4954370111858	6.10222932441511	21.8487225986115
Cpsf100_OG0005604	32.5263345363187	23.4997783480385	29.746045809121	24.8285732953113	30.4171363386993	28.3582425829295
Cpsf160_OG0006137	14.980478016322	19.0795339713599	12.1591090736546	13.3692747964102	18.9871759273932	17.8587437865211
Cpsf5_OG0011264	54.5623530639624	51.336303608023	38.5152596871254	56.3568338363316	88.6420548406128	40.8746230452569
Cpsf6_OG0011167	50.332521168272	67.9306709789457	41.8954239118264	53.189228718832	73.743662852299	49.8508436193479
Cpsf73_OG0002457	24.4411396650541	28.5482934857962	20.9428999734449	24.8906345206288	27.3453239030839	27.4200495793484
CPT2_OG0001534	35.4630070592094	25.5846189760926	25.4396027423314	25.834495763496	25.6255058397055	32.4079755539783
cpx-PX_OG0012085	2.70182307218509	4.12046568304372	6.4610182418512	6.93764116107735	7.09717233721581	2.08356299301508
CR12628_OG0001689_OG0	33.8010342165934	73.844941934748	53.4235313201389	38.5220795543752	31.6117331516498	90.0346467642723
CR14117_OG0012183	10.2972425774028	18.02822625478	7.40894792955443	4.16418418198506	6.15737287383568	4.1758413045818
CR17024_OG0000500_OG1	66.0741536224563	74.2245590729182	64.24935876207	88.2284688765849	65.809640215723	48.9922171952053
CR18217_OG0004015_OG0	69.5881088642773	25.1803867975974	13.182339915194	33.5521846597264	53.5554077780891	37.8884747192765
CR30029_OG0006220_OG0	17.6925215393289	10.8323890427477	7.07467489019279	2.50185382727286	1.32295581898443	1.81707184376897
CR33221_OG0000866_OG0	15.7118986950425	10.9490102799831	30.1857518203235	15.4455523351754	24.1521160972681	29.4637050838319
Crag_OG0007409	26.0410417112031	32.7585532178825	28.1061952932599	22.0924811517076	40.4448143578258	21.16793320929
Cralbp_OG0010208	17.3731775764505	8.63158801812455	7.41884335295007	34.7856047666242	18.737085183396	5.49298022272856
crb_OG0005290	13.5282469100786	15.1428006950768	12.1642951164522	19.4556870213516	24.7639680170025	43.2256241290023
CrebB-PQ_OG0008652	5.46772166521694	13.2424222670796	16.1032222868174	9.03285541464723	17.1104933136831	8.94763910279193
CREG_OG0005486	67.4067347438401	553.817153200466	165.14403941294	162.202930915585	573.719843110602	65.7357884851353
CRIF_OG0009871	54.7831786223072	73.1366922759603	65.7364676894143	62.6474690980412	56.9242715549192	57.0311040116899
crim_OG0010024	107.033361308241	93.0987933214072	73.1014454405515	68.220842677453	117.853352078346	68.867190658619
crm_OG0008102	17.2568033531541	13.7570016254825	17.6085751707178	12.1535995285479	19.6058652288016	16.3054876327354
CRMP_OG0002095	13.2794196544818	21.4659931100768	24.1029606074147	22.549885527684	19.1134876944222	20.9951429311637
crn_OG0007772	39.6882399882674	35.9955761735854	34.0673003212528	37.8779625134345	54.3878618154433	32.338310487383
croc_OG0010287	2.65985376606721	3.60771590296626	2.24379544344806	2.19583187728365	3.44761604279186	2.19894548780264
crok_OG0001951	104.705393381483	70.3398466748348	71.5174245689259	51.1118860147196	84.6074075455828	59.6437547460485
crol_OG0009700	73.3889762269963	89.388723438565	63.6597895561055	57.9434239602352	102.369496283615	67.0042873082052
CROT_OG0001473_OG0	20.3512302041372	17.15096104586	11.5682457530671	20.4316633882878	18.7807983005671	20.3033586125054
crp_OG0009134	9.4928915208301	10.654003133384	9.27342682558241	8.63486102708669	16.772133214232	7.98488122578259
crq_OG0008757	47.1128754489906	41.1008401350859	44.0646849458392	55.170495574286	82.887322520819	48.093133433014
Crtc_OG0010104	19.759222944718	27.8792077927801	21.0806674806702	20.3048048886014	30.782409361601	21.6608478458525
Crz_OG0004550	5.37031637055144	7.56898480704708	9.05257764703441	14.5692570869291	12.493844591753	8.68401067422176
CrzR_OG0002038	3.58727253528939	3.10429846009689	4.94544763056043	2.67507855380324	2.32348727360072	1.46989688924087
Cse1_OG0008884	55.4175107309519	74.9190881594881	47.4625109516377	49.1646953583138	67.4999313625776	53.0144696333663
Csk_OG0005079	13.9763117657965	21.0670761159755	15.6129375844821	15.1561360606483	16.2092999432649	14.3460457054902
CSN1b_OG0009912	47.5551888711795	63.020506604939	31.2366267430369	56.0907326147592	69.9942416633443	58.5925264203595
CSN3_OG0010335	34.7476061927574	37.6659970052824	34.2555788151154	32.006527208591	43.0115266654126	31.7318629203889
CSN4_OG0007194	65.988498141168	69.3592347020612	56.1559866015242	67.6016754016608	97.9966642766373	44.8990014755462
CSN5_OG0004984	74.4026953265699	77.8495210895832	63.3137974718028	69.1921617608404	82.4170977943238	73.7002077142077
CSN6_OG0004723	65.3273782599802	64.2773318043759	64.9102146311817	56.7568657811307	80.2330318738963	76.7176535180387
CSN7_OG0007149	8.26342279713562	12.0928750510997	9.01080721069254	10.5813269467586	12.967341567835	7.84248126361653
CSN8_OG0003483	46.728535440876	51.5998895246613	41.6884317208246	41.5327729692152	54.1031839116749	31.1085577851241
Csp_OG0009831	17.5202999087495	20.8806924965828	17.8816992634607	18.0101200398881	25.6773137503497	15.7684645315383
CstF50_OG0002661	25.2014804157878	26.687266972018	25.647044882415	23.3994023929952	28.3195535127569	28.3272089095177
CstF64_OG0005033	31.5060818754958	34.3544456642234	25.4318591069007	32.3694774347044	41.3799373862988	50.518670709649
csul_OG0006492	19.1014589099561	21.7376200208375	19.6597182508345	19.5114616526083	27.0806018229534	16.5994928782778
csw_OG0007796	7.43885876506024	8.92857252301087	9.07344426270826	6.62837353398513	14.3119221018908	9.30649472440615
csw_OG0007797	12.1661347310672	13.1563241457755	8.12233316951482	6.88520499350004	21.1530156700718	9.45883211663359
ct_OG0007968	3.08337437890559	2.84140498774969	2.58256860790356	1.23460672175826	1.67840692017323	2.2943894402999
cta_OG0012579_OG0	6.80405864176456	3.63043142819705	10.7459206501426	3.7086251624642	7.03066950679931	2.21223118046168
CtBP_OG0005011	66.2087393522313	83.4584490311102	58.0602038304235	60.2214474919629	95.0611938714752	65.7717319462816
CTCF_OG0010438	23.1593132472538	28.5544295206089	24.0072295286139	25.0137239060953	41.7070119022635	30.8033601429144
Ctf4_OG0002990_OG0	16.4642969850718	16.7064102704518	15.4411933625489	13.5715303144098	7.00211153695042	17.522698998505
CtIP_OG0010364	9.02121549560687	13.2065657901673	11.4616416177136	10.5208696279754	15.5095242875859	12.6442233885045
Ctl1_OG0010537	46.8157029218749	44.5912301956295	44.1942597941131	42.7046249922901	62.3433943061013	42.6975093291861
Ctl2_OG0000745_OG0	24.7082835114042	43.9143762678987	26.9351099570693	31.3201711201504	90.9102336399388	17.8841375800807
CTPsyn_OG0004038	38.8960933817286	32.9770874032916	60.1418238953827	37.5850713115342	58.7914568328684	55.3777541290936
Ctr1A_OG0007731	25.5916665581212	20.6073821123679	27.0362080739013	24.0505080085597	24.407388511227	86.3343043165476
Ctr1B_OG0004813	1.904503070661	5.4230873649355	5.7593904370748	8.26227760687688	2.78704495769811	6.92894242391539
Ctr9_OG0011312	39.4315059377684	50.7386618035304	39.302594037102	44.4940080888486	59.5416283767819	47.1011390809892
ctrip_OG0001343_OG0	16.7495154343634	42.1514019209692	30.8218199174128	24.102206977588	48.0469871184768	48.24901923151
CtsB_OG0008250	203.654799473349	170.200512027888	68.7533540807916	190.272791989485	245.760763268061	201.159462135261
CtsF_OG0004169	109.462749016199	132.663112869578	48.0056114729234	171.793553857799	172.367765919765	96.8900623960852
CtsF_OG0004170	11.8905241976925	10.0094611957464	10.7310010885892	9.50212334935443	15.4449557342633	13.2933201235593
cu_OG0000580	16.5534683912594	11.9830013191484	14.2097227658236	11.4649528631386	13.073006666751	16.2034087871308
Cubn_OG0000597_OG0	8.14046446300393	2.41859741376621	3.6440926518413	3.18024896363138	2.63936341574039	1.66556689147862
cue_OG0011295	11.8997296364672	5.29268876439109	14.6929814099537	18.2642810239708	23.4225719620448	15.3267178326427
Cul1_OG0002859	78.2595527187135	115.140406470651	61.8453169749779	84.9979671742166	154.774530782371	88.1905755324353
Cul2_OG0009574	32.0826905285359	43.3041813859072	21.1867109881234	34.8887967526616	47.6521149106559	40.9246347927888
Cul3_OG0008806	34.8383847910675	46.8761335700621	31.9038098528439	34.1499804680739	58.0555285187187	38.5771496429351
Cul4_OG0007181	34.3786046061643	38.3403699277609	31.7977235378227	31.2333462280197	43.2481783986158	29.8442559520638
Cul5_OG0005085	23.1855288300393	28.5637436430738	18.8148117966296	23.0149595604378	43.3873994669026	21.3003795454278
Cul6_OG0003914	4.36752942440516	3.88274682646354	4.50642111332234	1.08165272786099	3.66446614361153	1.09233063750799
Culd_OG0011177	4.33711203969504	2.53353164897699	2.28710470090865	2.86878660241673	3.55986410049742	1.87838270683253
cutlet_OG0008789	7.97327288263042	7.53372479165331	5.03132456676988	7.12332884450747	7.38403916508089	6.37284823338115
cv_OG0007362	30.7414362340894	22.7985700790606	30.809983834915	28.9288777614905	33.6242112866791	34.9099349473431
cv-2_OG0006916	2.59451634996753	3.4439042451461	2.10497068184933	3.12397003864656	5.44804553079861	2.16279734389383
cv-c_OG0001493_OG0	11.8195129796643	11.865127436644	7.85955253201142	6.3490742234233	11.9344213404306	7.49417663375549
cv-d_OG0002512	5.40796670316767	10.0698048247694	18.1626471730162	14.6382888890976	11.4576947315504	11.6207823777867
Cwc25_OG0008949	24.2879296113902	26.7242417954817	18.1657034342435	22.1974273125145	29.4713033417932	17.2699007423232
cwo_OG0004899	7.46537927086963	9.01459530191378	5.79803231412249	6.6418135854682	4.66948699168279	6.63578178434134
cyc_OG0010397	12.5779944577558	28.4888986045781	17.9805678607581	9.22561547376491	11.3944131949534	3.1054395723277
CycA_OG0002033_OG0	35.4416203234765	45.4449393563557	36.1029588845195	40.0290344898138	69.6059111010427	2.10889472290689
CycA_OG0004024	69.2246353981696	70.4994253682838	66.8261774262741	67.451352566563	107.594964682601	46.0418781761522
CycB_OG0000594_OG0	73.3063633754981	71.5940151095775	52.1069815821448	53.7202717747659	56.3431752260976	41.1054267213344
CycB3_OG0000842_OG0	38.7960376877783	40.546224394662	38.8394549234671	45.9307318430043	74.5995843038535	50.9363797981806
CycC_OG0004585	38.6986315688886	35.2749877489704	28.2502384408079	31.6921192494959	38.3214027423603	28.3540260755678
CycD_OG0011712	34.5115409341614	34.2695823304115	25.7132154705469	27.2455648122845	45.1396422056578	24.7972102801938
CycE_OG0009154	4.34513011040521	4.99304751593288	3.87607799609447	4.23025579211095	6.39685875790815	5.30161552026342
CycG_OG0005811	264.603427645812	318.340109962902	241.427045077094	194.799696279838	260.792283235179	276.765946920224
CycH_OG0009848	19.9615583365385	27.5323355428573	25.0232889140484	29.8214019144557	35.6339023958861	20.5387510960181
CycK_OG0002677	99.7500778302717	72.3052134421093	57.6983111954645	88.5890004437184	95.1507538832999	48.5551012002961
CycT_OG0010098	34.0089672122594	45.2132816434477	27.2563829878482	30.9289583353214	55.1969028869279	40.795049426255
CycY_OG0009701	61.1166795430546	74.1996784729257	59.0664950350014	55.4153456366737	90.3056792257083	63.1957408588025
Cyfip_OG0005261	37.9961255117903	42.6808598968162	38.6843597486117	34.312541656991	57.7407181277295	44.4986030946901
Cyp12a4_OG0000646_OG0	12.0933867349139	14.9184032540283	20.5205743688334	9.92391909110082	9.46421406115675	15.6249832995609
Cyp12b2_OG0006660	3.36483383549431	13.4126225437694	7.44829445397189	4.40852553166867	2.69339619278013	4.42288699574785
Cyp12e1_OG0000853_OG0	2.61621216966297	23.0887497479986	11.4000939348953	54.2454627486481	2.41437137640472	8.64030399520666
Cyp18a1_OG0008674	21.645455485349	23.7518610004733	16.2262618672951	9.79146674062879	8.60085874912047	16.9208721844143
Cyp28a5_OG0000196_OG0	2.71611066301366	29.2221340926244	20.5271802308761	28.9181707085898	15.8328385677843	3.85166108531525
Cyp28d2_OG0000166_OG2	5.77565864580286	3.4471270334979	15.2302876592057	13.993262340135	20.4988111607669	46.37504328936
Cyp301a1_OG0007200	2.14762437502557	2.32107657888155	4.05043385332547	1.73273024949933	2.73076051475463	2.49784924866655
Cyp310a1_OG0009510	28.5547876726212	16.509009671739	11.2061496907153	9.50058078927585	16.1365109101337	21.0516053560703
Cyp312a1_OG0001995	40.8148615637535	4.77722100216995	27.7636264990845	20.7770630499594	14.4758590935114	1.96756468447954
Cyp313a3_OG0000089_OG2	49.2246034029857	13.9666325394249	19.7847419530189	39.472944116317	12.1386779116783	17.9282920852467
Cyp313b1_OG0002323	30.0029162486784	23.6902057296582	9.02034597871078	19.9257206160492	22.7493731670056	1.44535440481589
Cyp317a1_OG0006603	4.98237701486761	1.9657638241291	4.48758652337041	4.46456059546887	3.64694185854523	4.44106220898392
cyp33_OG0005884	22.8054085349353	28.2837292930055	19.7945485471891	30.0618781043176	37.1547217841806	21.2171950506049
Cyp40_OG0011004	16.9262483334159	29.8577371568394	18.1479475123697	25.4125788343941	30.8627765798015	19.4482260764007
Cyp4c3_OG0005775	18.8592405772927	7.69135877589346	41.9536203838629	16.9484916054277	7.83393746620077	3.87963870912122
Cyp4d1_OG0007791	1.0974424135452	61.5451114130278	35.914845544484	16.487263342252	5.45318794475554	12.4416420035789
Cyp4d20_OG0000312_OG0	7.23907447586011	2.59120592259085	5.80126952040621	16.7735325133974	4.85081110041484	12.8080928497352
Cyp4g1_OG0007839	400.142491148388	97.0677086298037	66.1290072242743	259.694392372225	135.393722881572	66.7027074622567
Cyp4g15_OG0007887	9.48632430964958	3.17008239318574	6.66525696242827	8.51821838846221	7.47688075804179	2.50022011618168
Cyp4s3_OG0003267	4.78942303780232	19.3099168826544	20.3002096771397	3.25959272099869	4.57558957057563	3.77923320806934
Cyp6a13_OG0007141	2.05156397847062	3.90109370732799	2.47204636284458	11.542235136893	7.48284897599417	1.49689827580406
Cyp6a17_OG0000158_OG1	25.8303936609173	39.5307719128671	5.40817851872717	38.1623325119778	17.8726190753228	22.952212947344
Cyp6a19_OG0000106_OG1	54.0006432145393	6.60607135521054	11.2062134153935	5.29060041227563	12.7652364335334	2.05245191866901
Cyp6a2_OG0000902_OG0	3.92218942780823	151.614262868212	18.9943077458077	14.7538686921873	9.47472555313416	13.3022171848887
Cyp6a22_OG0006602	4.54017853717421	1.21805461653894	6.85207477431095	9.47203972061592	4.02320593815633	2.80817574655335
Cyp6a8_OG0000181_OG1	2.63243482055887	2.76908757320752	11.3673828981568	5.63413660920724	2.05696951085629	1.30931499200332
Cyp6d2_OG0007002	8.48919465705591	13.1031098381521	26.1863169174927	4.01285141357056	12.489537946336	30.5940506757224
Cyp6d4_OG0000204_OG1	78.3006571329348	18.7278799272502	14.9838016296452	14.8066668326425	14.154866707136	4.6647034546187
Cyp6g1_OG0001117	3.4975994177258	277.883413684228	5.66043898917746	4.43186110658637	9.50934031112372	26.5648552568942
Cyp6g2_OG0001565	8.74308259189245	5.8930870243669	2.98885651163833	6.8419371968389	11.7712271466716	1.03792560551358
Cyp6u1_OG0006781	18.0881911666855	21.9891172377802	12.8372398513836	18.2613743850224	23.9478817549366	13.2982370941572
Cyp6v1_OG0007511	20.1512317346913	20.8656829491977	9.27794691957627	12.7276584182839	18.8931657706428	14.0731320168166
Cyp9b2_OG0000302_OG1	5.60081139056159	18.5381227590303	31.9849553808792	25.0929080838006	15.0882600844579	14.559321707102
Cyp9c1_OG0006034	23.8115818699765	52.071610572292	20.2288866202872	68.8014887780951	71.0048701937506	6.67532241531135
cype_OG0008832	208.135695227084	379.023633010315	192.759645990689	232.819587434661	153.750165691967	232.184903589805
Cypl_OG0011364	26.7315535560963	53.4690778454281	30.9087551064868	33.7305581925653	43.5635572407429	24.8429203283619
Cys_OG0000136_OG1	241.969398386829	530.05652222575	300.412552541714	519.405160177745	267.197728607146	64.2914333654549
CysRS_OG0006515	35.3740588305962	35.079553984807	36.8443572544834	35.2421184651838	39.3418878582998	33.0161051553687
CysRS-m_OG0002922	14.4576467660426	13.927486629968	11.9068688856353	12.3353856946841	13.9107769725571	11.3643099993997
cyst_OG0009090	13.9755477278923	13.2905588269117	11.0982527018362	12.0316814136206	20.1134710454363	15.4927545513936
cysu_OG0005489	38.1751769161654	12.0456868125781	28.4613693702936	8.65540811328267	14.6710983251248	25.7593753143457
Cyt-b5_OG0006731	70.3716752032813	69.1936134056548	58.565050806785	80.0662455191199	78.1753637428433	61.9851052628437
Cyt-b5-r_OG0008880	9.81747869762071	35.0492941603265	29.9696729164682	40.2508834284566	16.1636261584082	58.5856245789481
Cyt-c-p_OG0008869	543.595905035509	803.363300412925	1671.11596255145	1221.1667795438	644.867172659172	1753.8340335455
Cyt-c1_OG0010590	149.297351676363	206.620465172354	282.578891216576	235.708939745788	133.847957849163	270.372521909638
d_OG0001830_OG0	18.6775712765963	62.3000192773387	40.7137688145356	24.7130456025607	55.7721072297605	56.7918779742938
D_OG0010881	18.5035540617226	24.56473295509	29.2297903215214	23.4548499159	38.551685473981	21.7219025791757
D12_OG0003467	9.19709855202401	8.61687399315362	8.43148750709348	7.28617684132231	11.7210243995156	7.45970753416933
D19A_OG0003942	33.4404937337516	30.6135667570089	27.5039675769743	29.5865701085491	49.31860239041	35.0427910680227
D19B_OG0003941	27.5331793276393	28.5134631684578	26.8735251134495	29.1001039469422	40.7039901302122	37.3480418760828
D2hgdh_OG0007795	92.238950368979	182.636800810263	64.1350292577001	64.2010048983822	62.3419441440215	37.6239139590481
d4_OG0008715_OG0	33.6988367659479	66.2376724671427	11.1813433431527	56.7659374505286	83.5713449758036	63.3549038477607
da_OG0001888_OG0	72.3578027047579	72.125163336263	68.4399933130154	60.0742906277755	1.88407112249522	64.5419993744491
DAAM_OG0007764	12.021797622536	9.89295287912649	14.3265261660241	9.00380670541175	19.6751489741161	4.54127175853595
Daao1_OG0002844	12.4392328407895	14.4237390978759	8.97113725065014	30.1695016332133	31.8704042398583	19.351420386861
Dab_OG0010717	16.877747952147	15.8994478354037	11.8322036851719	15.7242051175672	26.1460755378845	15.6620686728162
dac_OG0008863	7.36348571767855	11.6033943440396	7.54959817963345	8.34843010204315	13.8312937429243	7.26466748020227
Dad_OG0002373	8.98946967856754	6.06873504288557	6.14155897673747	5.9256056383473	10.1566226857218	6.07691701286385
Dad1_OG0003474	201.195773394122	304.891183549726	212.180615096737	195.945368928365	239.748787823969	217.990145137656
daed_OG0001827	15.7397133635611	22.1086676257483	18.549196913101	22.7125163235451	41.4460695786237	26.1263861287371
dah_OG0008338	16.2856241758983	13.4300167849127	10.9453677243738	13.1129838669046	16.5427234703278	16.5519352485641
dally_OG0011212	81.3051891613355	79.5769764613157	53.3100655815573	27.7361080199609	59.2897513284101	2.39812651708479
dally_OG0011213	12.939801500801	5.31640488984939	9.04218934131669	2.88831219539265	7.2404715910067	8.56006135265104
danr_OG0005176	17.7032484334438	17.3645625598475	15.5413151075724	12.6561806168065	24.6050904358381	14.260277540953
dap_OG0006345	18.1559136087551	17.9764997557863	16.5139960608574	17.9262508401369	27.9376840954352	21.4545215436398
Dap160_OG0001258_OG1	10.5438836900888	12.9505853548103	2.55144387039678	11.2569515843094	17.8300157489114	17.3719788178691
Dark_OG0005925	25.4467894930423	20.7278806969521	13.8849086019832	16.7359510126206	29.6456251722565	18.52363452192
Datp_OG0003512	41.8047195940517	29.3032888968216	17.310511972111	24.776827917625	29.0892620513306	30.8147077816672
daw_OG0008940	37.9226993964292	23.3336321825792	30.6948666182623	19.3281853344466	48.6233511536844	10.9673807046237
Daxx_OG0001937	18.7525396810795	23.6415751866644	21.8467985411718	21.9354520072096	39.0950815074748	20.3353777433654
Dbct_OG0003268_OG0	17.0088963513155	20.3706168805963	50.8356999744469	37.7477208053282	15.0493235746425	50.1136572972512
dbe_OG0003378	34.5038483919535	43.5422706990588	26.4804006562872	48.0638292743788	42.300258284654	45.6124768109481
dbo_OG0009990	22.563772180864	28.5156751147879	22.248383452087	19.9757460356465	33.6535376637087	23.5087831239068
Dbp21E2_OG0003364	11.8165003479583	15.8471215891868	11.4490473305207	18.2024055672914	16.7413084826418	13.8452857863489
Dbp45A_OG0006402	20.0957834022356	22.6865889519972	19.3649232942484	19.208197574221	27.2431672360599	23.9993400094942
Dbp73D_OG0010714	15.2286120125572	13.5517735078874	10.1376288280687	15.2255919613437	13.1722502470031	11.9554123440425
DCAF12_OG0000650	15.7937853811315	14.999226180896	13.204823977529	12.5725992062676	18.286665024302	12.1057658307472
Dci_OG0004126	30.5143282903064	40.2730721193364	48.568205987698	51.8278068938306	33.5451102950407	29.8120764638089
dco_OG0001440_OG1	5.27252706153531	1.60312249580048	1.05796335704917	4.14901679949084	1.73651289803753	1.27554629269994
dco_OG0005780	105.39654643927	101.830426834103	54.6426263873374	33.505566944434	82.2076998663707	34.4734327089138
Dcp-1_OG0005994	26.3338751749581	26.2600947824852	17.9510540076804	22.2728543012841	46.2740213984154	10.3835600129743
DCP1_OG0006943	45.020475058037	41.2202706673707	30.5979197068794	44.0208905436736	56.0972933337774	41.1010585744131
DCP2_OG0009989	10.5498300541379	34.4388314198041	23.2645281801242	14.7966551447203	24.2262096741232	29.2261182425399
Dcr-1_OG0004702	12.9414844045048	15.976413963711	15.4353841772795	15.6438522935391	26.7624279463135	33.7164526944915
Dcr-2_OG0005877	20.7169051539345	34.2451482989187	27.1826350467327	14.8100140079447	30.9187550381872	22.7146392991066
DCTN1-p150_OG0010902	45.8556676906606	40.6513583804284	41.3004871366552	36.1127154479465	47.7321229889484	56.4645528648435
DCTN2-p50_OG0007122	105.621308831776	115.166196535246	90.0351355863035	106.028138575303	135.444010581232	117.495945952961
DCTN3-p24_OG0005984	86.7363015143062	75.0132667486012	40.0790509327695	69.9388894149452	82.4188377471928	70.8635972077485
DCTN4-p62_OG0002952	38.0594997296079	36.6129706655953	34.4936606910354	26.4495859460104	30.7991223746616	33.9255865763668
DCTN5-p25_OG0003403_OG0	29.0620152561592	30.1763727130778	3.17869914977409	32.3095547109064	42.4074361763857	34.2831499843341
DCTN6-p27_OG0009557	34.2808401480979	51.3216595564954	32.83683006389	49.5121477910126	62.8596897661267	52.1424976347623
Dd_OG0007488	9.58544704441167	12.7890658952773	7.29175293703406	11.9322134625642	16.1373830289514	9.63056724990211
Ddc_OG0009553	95.2012172473976	150.548848331931	30.845849983296	131.197058913214	734.974957835032	72.9100887081364
Ddx1_OG0009833	24.8767076775961	37.62085558061	25.265220075021	32.5098483792999	36.5509775479814	28.6671205531087
Deaf1_OG0010396	22.3989185465911	7.93690908340794	21.153913592699	23.7122719525241	36.5930631763774	20.9657634962936
Decay_OG0004989	1.76181412776691	1.67508067806954	1.187908003022	5.92763741358294	1.54714150272969	1.29469349585868
Def_OG0000670	20.0337176757034	1.12313556271104	19.1196242279029	89.3105316232635	507.011661096123	30.83866846584
DEF8_OG0002036	22.245375642645	15.9701676969824	15.9637832650375	15.0732069815504	22.013169424327	19.5925264423016
defl_OG0010989	18.8639929053501	15.9488968258897	17.1211880335763	16.0279390338034	20.5684905847113	12.1618726953604
Dek_OG0006431	104.303759532739	107.984828446569	93.619218046991	98.4415085956475	145.01864743472	111.149615918077
deltaCOP_OG0007646	120.739878909451	111.306014694271	103.907940386116	107.481576410229	127.33523155563	91.6990076646409
Den1_OG0006192	19.3319729411606	64.2021953439438	31.511506238355	42.5985376510114	59.0625097743619	30.2067903436095
DENR_OG0008576	80.64855323519	79.7969987475751	72.9874363318958	68.658016691202	87.0419303610639	57.3986240493275
Der-1_OG0009069	96.5363372064805	90.7579920492981	79.0431065195057	83.2050429269254	86.477793904463	64.8102865283174
Der-2_OG0004987	62.5301306648159	53.9534706855272	43.0894146476481	38.0699948343009	43.7668855279821	34.3697667726982
Dera_OG0006205	23.5839909933279	31.4117493291717	26.7215748411938	38.9711339763026	37.1481396285135	37.2952696493994
Desat1_OG0004430	319.221726943355	272.767766626612	474.042541644143	336.654116397511	369.583627277731	250.949278788321
Desi_OG0004908	7.97910766815904	3.90119191763793	3.1726024893532	2.1398064889131	1.96351289042434	2.6088653067099
Det_OG0011515	50.4177306525733	34.1319079682025	21.6370292174292	28.3852852481533	41.2422323416875	34.8831945154927
Df31_OG0000622_OG0	734.397139672115	715.1352125553	637.351848300435	594.341895945376	888.389966163278	793.990734919925
Dfd_OG0004312	1.78653225378699	1.65085340538669	1.4170997813808	1.06007080799595	1.37856999798643	1.0970871976511
Dg_OG0006505	27.3733597846751	37.8466254568929	38.1294065197451	30.6580246669368	71.0143371707986	35.3173412054185
Dgkepsilon_OG0007222	30.6936091414016	28.0576489793493	24.7749809381171	41.3809175804505	46.9561579899328	32.0502204818178
dgo_OG0002850	24.1888727266101	19.6942399195797	20.7859552440626	16.4237134339562	29.2956351433358	16.4509222471205
Dgp-1_OG0006497	50.7628475971424	34.7629283760253	80.6336070014087	74.7539231876816	109.744599728991	49.6539967738304
dgt1_OG0005705	12.880405625537	19.349047073134	11.6312971967648	15.8582291881024	24.9044028624476	13.9004383507084
dgt2_OG0009709	38.4908477241377	38.9578996235821	24.1808217173371	31.0007477959207	46.2563311012647	22.7588727893713
dgt3_OG0006224	20.4236630337774	12.8063364575038	9.60748883265117	11.4144504604694	14.7889334910908	15.2558452489964
dgt4_OG0001720	20.5252000708891	17.8866397071526	26.2292053945524	21.7665547867166	30.4999790746032	22.4105069389171
dgt5_OG0006211	12.2652426740667	13.8993858538538	10.9726164049478	10.2947753699993	16.7030893886639	12.1287085827344
dgt6_OG0001065_OG0	13.8306528255519	13.6213064609444	12.1286881327487	12.5392471653166	21.954814462629	12.5902266172184
Dh31_OG0003719	2.68472101000991	2.14175323071821	4.80535722421159	5.51432474067116	4.93075842412332	1.12224883103173
Dhc64C_OG0001308	35.6596408693641	40.0985781126797	38.6640585532022	23.3100109574066	36.2764359669347	61.5604593011261
Dhdds_OG0003206	19.9970180391	19.6152750927157	22.654228524808	20.6765424276871	28.139825933987	15.0756028045487
Dhfr_OG0004985	34.6238878436837	39.1975714161954	16.0203151078638	36.3801221143167	29.9802669651134	23.7869242423908
Dhit_OG0006082	3.2403650733621	6.94587604053453	6.70235198769932	7.27945287927986	8.77661986067466	3.61433942779181
Dhod_OG0002326	109.62436539618	72.9096384078874	75.4352880326208	66.9770102305839	76.000574945355	47.6482433509593
DhpD_OG0007321	21.4540720714942	34.0918414727832	23.4231308400124	32.5409453982155	38.1377815039955	46.4609939695694
Dhpr_OG0011239	221.160958877513	397.939542473237	112.721423999299	182.996470791842	523.897302081964	177.928428064216
Dhrs4_OG0010599	37.7069176879186	42.829739292703	21.3689209846246	29.6170694340206	21.6644445339505	20.0555418866997
Dhx15_OG0006758	47.9746081023893	55.1685130030884	42.7154221533051	52.7814197990455	63.2837116613021	51.5246046569773
dia_OG0009436	26.2469845414649	19.4039367231096	23.496725504408	19.6810245891905	24.8344546368341	25.7855278226316
Diap1_OG0003882	316.237155037341	254.699833089823	176.827012348231	225.884079323173	378.866083934068	295.168230873415
Diap2_OG0006804	43.1018414474596	41.2088382407156	32.8104486782979	35.8561893837273	54.6723870950837	61.2148324920953
dib_OG0010501	1.00312683411832	1.06199925894168	1.2593768662021	1.51498745423107	2.65431323187685	2.22123839449017
Dic1_OG0004917	44.5368943523316	73.6867464714498	72.8270182857839	86.220804241632	84.3468304027866	46.9336934435642
didum_OG0006738	10.6591382556128	12.860379032556	6.09447662073945	8.64651508959183	14.4881820023812	10.0115526783762
Dif_OG0009468_OG0	9.48434668750022	7.78191685448199	9.92019070230762	12.4130021660464	12.8224936446857	12.6772681329252
Dif_OG0009469	5.78915867130721	4.43499407623915	7.14760397116469	8.33330147946894	8.75707344572477	7.51392850643491
dikar_OG0010268	9.78449840196912	19.1434293478165	19.7405069524284	12.5577753213205	17.5061972189877	20.4989333425288
Dim1_OG0009004	26.3010386276691	33.3209546381094	22.0995921451693	28.7374409884186	38.546427426551	27.8427125289163
dind_OG0005028	15.1167879152769	14.6697139904968	13.5828564649646	11.8727997473352	16.2814381199127	19.2091848062911
Dip-B_OG0002216_OG0	96.1126764216046	69.2325386200209	78.3107027062992	81.6402037350209	82.5370781575183	39.0458375675671
Dip-C_OG0004424	95.9858125366739	47.3641849381023	39.4867980149196	33.8073264026303	49.0892237501788	71.2154454188856
DIP1_OG0000027_OG5	38.4125426125334	73.0758001514723	18.3906818562193	12.3123839114791	11.4022985556897	14.9569953925485
DIP2_OG0000566_OG1	19.9395204336062	23.0617594352084	23.8937491939513	23.8612319118231	32.0889960920746	30.7015982261897
Dis3_OG0001469_OG0	30.3678703860652	31.1773449613983	28.5617964661676	30.0975614483595	39.7510387545224	28.8607850136132
Dis3l2_OG0011390	22.3075677423008	28.0718401669216	25.3904304289572	31.1698913323497	45.3941579474656	19.5518694560378
disco_OG0008175	21.7038536715559	30.6509860399454	20.1265791220489	16.8058807362331	25.9957951074798	14.6425442362499
disco-r_OG0008174	26.8809513648605	39.6380629651764	23.9710453242312	22.268717406203	41.4509893955605	19.2013396400732
disp_OG0004251	14.3173009129851	16.0235050149021	7.68412395855326	7.62622792213859	12.1358292824134	8.69412124278361
dj-1beta_OG0005770	126.13759574145	120.970165846516	110.170970847705	122.353470289498	90.3489587179459	150.813845058969
Dl_OG0004488	3.3426307764376	7.06368475509767	3.47728352133696	2.14458742878276	4.54499431222143	3.8514805900722
dl_OG0009471	23.4191967448325	19.5580026815217	25.3567124759116	21.2647322128261	29.688718185584	13.6189963770406
dl_OG0009472	53.3220526070753	36.815962283996	48.7722865266073	40.2515811246128	37.8108907450738	35.0147734262821
dlg1-PP_OG0007896	9.5343306693165	13.3285472489052	14.4155322106724	12.1429629929431	11.7387529871646	14.9453623533295
Dlic_OG0008008	37.8950665755128	39.6232098939369	39.1564033189517	39.2462213970154	51.0606118544196	45.7284255915817
Dlip1_OG0007676	16.3472290109274	13.1279532326612	8.11216698934279	7.61006516564548	15.6237538247031	14.180503970902
Dlip3_OG0006102	4.22446961323851	4.68712800029922	9.65331165170844	10.8907520633348	17.7459407792069	9.17526336450709
Dll_OG0006057	6.484777247202	5.50539505471782	3.85169759719287	3.24646897677804	6.94786579625483	3.5151878111128
dlp_OG0010864	3.46168289866027	3.22610437948254	2.58624942325449	3.34965950522916	22.2296976287536	3.2481721043916
DMAP1_OG0006281	28.2748429404483	39.2063641660387	28.9065151959197	34.379361323029	47.6958217998693	28.7546278647022
dmGlut_OG0009714	23.6829664582125	13.2004565225334	13.4650356787095	11.1414948250882	15.0235763828081	8.65847492595027
dmpd_OG0006298	30.2520926326213	32.9220911240246	23.7170222595289	28.4490092826735	44.5607657524902	21.5428162254935
dmrt99B_OG0001450_OG0	2.43146576643719	2.41698994215875	4.57573869085107	6.20369973763407	5.67279547202565	3.83488766912812
dmt_OG0001387_OG0	1.20070108142989	20.6025098417766	14.2993107389864	19.968510038094	32.1429544445062	18.8388711356615
Dmtn_OG0004297	22.8459899704011	28.5810086372747	16.849231889189	26.9519611239447	46.6783497972347	3.84773102340511
DnaJ-1_OG0002005	98.1337148277735	175.697488329933	105.127890860371	137.162819740455	251.430241114042	91.5128793814609
DnaJ-60_OG0006883	22.5247026961911	20.3819567605294	23.8018167947963	28.5938775233982	24.6296634059046	15.7698560779905
DnaJ-H_OG0001280	32.3032306459196	56.3786449730879	26.3748073963456	24.4571140533833	42.2505361698136	3.72284840731937
DNAlig1_OG0003010	23.243195130236	23.5370230151159	22.4150547458148	20.7462146500551	22.0532541909591	25.0989936437753
DNAlig4_OG0003253	7.65365804371978	7.96699688714655	5.17301655733872	5.52412652902815	5.69305298543339	7.88088796105313
DNaseII_OG0005429	20.665322197747	37.9618534316908	26.0108093311296	17.7341926018258	18.0205362658761	25.6173810221974
dnc_OG0008125	30.7073590873033	28.1521311250392	13.5718148873045	18.994739075358	19.6543967087821	13.2905362458379
dnc_OG0008126	3.34596013346353	3.39194312275259	7.27080562384102	4.19581189458078	4.66575568874602	6.73917115459695
dnc_OG0008127	16.6906620242112	15.7349834644924	15.0766637352115	9.96663079602813	9.42789908016155	8.46562584420327
dnc_OG0011708	3.45292647572196	3.99452455224549	2.2210074762793	2.13511116405386	4.01611628792064	4.64293522337832
dnc-PS_OG0008124	14.6120374286555	24.8010008915926	20.8886824030751	21.6346597099685	22.7439192080306	9.74472293643116
dnk_OG0004468	46.7596651000595	40.7871264795307	42.4783382928846	48.8528674790009	46.3892470925603	70.9003321787657
dnr1_OG0007014	21.3855420985054	1.22147131732351	1.60576042697908	1.70192596911564	3.4287273741396	2.01534696452846
dnt_OG0009562	2.91484315448638	1.40377224146165	2.43326289738122	2.26926652886298	4.67982997009706	6.49910599111309
Dnz1_OG0009646	21.0936617371955	24.4469373780453	21.0308382557386	24.5571191546134	32.4569406776705	21.3385922191355
Doa_OG0005380	1.87780535711577	17.8455229067198	2.2433995467582	2.79387191531925	11.0698223299438	6.38239581197801
Doa-PP_OG0005379	9.69952054713822	23.3369864633722	11.5844569586876	12.350985575551	21.4949879352842	14.3999497261604
Doc1_OG0011231	5.70709072752185	5.8690608020347	3.37421919644805	4.9722825707489	5.84008186731265	3.43799582034442
Doc3_OG0011229	7.54345722829721	9.09399663020985	4.20716282451184	6.18481938894009	11.0608887495899	6.01546663869568
dock_OG0003371	22.4135283687855	26.0914123861936	25.8071904346793	24.8115143009919	44.2799781849092	23.020270886912
dod_OG0007484	47.9225677684593	63.503971758072	46.0668994353841	65.6788324825121	88.3072244958054	69.3444201440276
Dok_OG0007973	13.6335788565109	15.6698100854608	28.3803457601572	12.3793439915572	27.6299830021209	27.4726476246061
dom_OG0011641	27.8473957152113	43.6727047457206	34.78755889656	31.2605878759929	54.9420025240315	46.785905993137
dome_OG0003117	36.4110099617923	34.3060455777852	37.3148642577478	31.0908392956421	47.131023166915	28.3397403661106
dop_OG0009974	27.0845526230489	33.4684022423911	31.9372101921627	32.3809774518659	43.803330652618	38.5413378578545
DopEcR_OG0011148	2.49363279440682	2.79244493541905	8.46632440791845	7.44620821572246	8.07194531877189	3.1542810773322
dor_OG0007658	22.7922204632421	19.5783317061305	17.0768877075954	17.9114151260135	25.1916106340879	23.6119778475242
DOR_OG0011143	304.926647326655	387.086896280757	374.662017521198	264.493668223817	181.372722305101	261.438553764981
Dora_OG0011745	10.7816963890764	16.0508444284516	10.883316094332	12.9479170310403	22.7275377073807	11.7130464860424
dos_OG0011097	8.74042221467896	10.0475766567539	8.11703004922591	8.45226928233937	17.0388155782875	9.72842258393672
Dp_OG0003078	14.9947277413805	39.0709358470541	29.2715855821313	32.6468913532774	48.0947235591203	33.8597952860107
Dp1_OG0006696	262.116049709278	314.502599026505	283.713638448166	229.57829685515	364.556612599484	411.778331540262
dpa_OG0001628	39.677137211539	51.0614454629237	45.4285255526921	48.0869070941613	41.9829362915724	47.2317412968428
Dpck_OG0002116	18.4814281998194	19.2893121480259	14.3285130792528	18.9935882491067	16.8082907705527	13.5101113846143
DPCoAC_OG0004924	15.9655443024253	19.1198552637552	19.4331890083966	15.6740023811745	17.2500549451886	15.7379683584497
Dph1_OG0010027	47.6819815558307	35.8469462150114	37.7038858056433	41.4302437486152	57.1002224003315	34.2502215682967
Dph2_OG0004587	40.0155445715212	38.2454477448185	34.4249367356192	46.4363086345868	50.2835319679263	26.2417288419048
Dph3_OG0005452	16.6693896401262	13.6557398090164	10.2666370271884	20.0286138062806	19.0230024774803	14.1388612158373
Dph4_OG0002097	4.57038300219269	12.3746598819731	4.90605670118294	11.1840085658846	5.11372012546445	6.69951387596163
Dph5_OG0004722	66.552061428483	66.00807259407	59.1714990597076	67.4936039744078	82.6625965556477	66.8298374233544
Dpm1_OG0009092	59.3473418738086	64.9875652974725	55.9986196127498	62.6316295135781	72.9383452675743	48.2374559307182
Dpm2_OG0011889	11.3581421786799	10.0661650316052	12.7841285715346	10.2763432743368	15.9689558750632	8.15410223917016
Dpm3_OG0012616	60.3569591900593	35.3669358451812	44.7678756612485	50.172544014609	56.642428957301	28.9005502370824
dpn_OG0007163	6.97290495945786	8.58193566716606	7.51890620030564	7.94916957236084	10.4652242080464	8.57283864469302
dpp_OG0003437	16.2747904763999	14.0004224120255	14.7335865083658	13.8340447302229	20.1373948310303	14.8151323989641
DppIII_OG0002320_OG0	167.919531004858	201.693301035195	176.63435027034	199.35311600641	277.430049144919	190.383122148496
DptA_OG0000898	3.24957045966251	176.955390976745	87.9345898159946	2.52853835746377	108.568819121812	98.1596619677164
DptB_OG0006652	13.8085883812983	155.164074125201	31.2764918183351	83.7083671875739	45.2117849485005	92.7561652096424
Dpy-30L1_OG0011796	63.7732648076577	72.1527910819661	56.3784443622134	72.451605930124	87.5085811031094	60.7731576030012
dpy-PV_OG0008990	10.2004313988455	19.7106161510132	30.2649284333105	8.92456751734602	7.84018375599776	32.2279215055976
Dr_OG0002490	4.56694982528329	4.54628305971074	3.60463262855286	4.2803452116549	7.65263418445886	2.70990458107679
Drak_OG0007885	18.3435094817857	9.01550336727085	1.3139411201009	1.28934036430958	1.93410432413189	1.5289883683659
Drat_OG0006732	419.831760967071	302.136575619738	142.866827110757	281.521262072287	409.699635041301	220.456653787616
drd_OG0008345	11.2528781510175	6.03757837804239	9.60742865363452	7.00182969451415	4.10681951086373	13.612954928303
dre4_OG0011055	98.9910052731143	85.8079434773081	86.3967665261851	82.742831490252	132.522609183861	81.0374314039817
Dredd_OG0007353	24.3517038398019	40.4408100433387	21.5588773125621	22.5752605918352	26.4325512195589	10.2603078127475
Dref_OG0003520	59.9015982789983	65.6174442718329	53.5685002203579	59.0079528484246	80.1379589052464	49.6215448669813
Drep1_OG0006590	6.93868249250761	3.26586919333349	3.78034987494746	5.03749866156718	7.32636532433781	3.48899694733582
Drep4_OG0009224	13.0534616770585	11.7825551418752	8.29680498257647	7.66376613944163	14.0095033484913	8.79564485300213
Drice_OG0005696	92.3995667665272	99.7122054070277	60.8084441741926	90.4781143207342	152.983953597754	80.7645542889346
Drip_OG0006550	5.84818089992855	3.62367368612199	14.8703413900437	4.91726676829136	6.40342643864812	4.90678105943666
drk_OG0007267	22.2813885727411	19.9954037356274	18.5260696746001	18.086888337082	25.7102277099226	18.9466273315168
drl_OG0009559	5.88929258449974	7.16119861617443	4.93535541804328	4.93107994974017	11.0643993866168	4.92139348396356
Droj2_OG0004920	314.189456088832	309.476512576456	260.39641558157	322.814274392664	382.920228150908	228.152859593056
Dronc_OG0002043	24.3791211672379	47.8875010685656	14.5737255093513	34.0820471678363	61.8160005897091	22.6997162191918
drongo_OG0003372	11.8836832387382	44.8914533246895	10.4326576682111	40.4615050509279	65.7548028595398	30.6323345803018
Drp1_OG0008956	52.6349554955248	53.9166370291277	50.0220647569388	47.9610371267874	62.2365702489475	50.0679660150251
drpr_OG0011028	27.924264161303	30.6377707905027	29.109168526645	22.4398853072249	57.6483845271672	18.2330549002976
Drs_OG0000098_OG2	88.8182120037615	1.64517996463009	260.571210114165	205.209680373318	73.9860698405964	36.946210642224
ds_OG0000787	12.9839281683228	25.3840673782812	13.4127151255192	10.8810663642098	22.4619307283915	19.819603710575
ds_OG0011753	2.93609583683905	18.9181335086394	12.8532830335834	5.86196270386187	13.2300186097388	24.5225951852007
dsd_OG0005355	7.88875775001988	8.45698755451911	8.40590690350021	4.50102323344946	12.2583177602284	15.3940337017657
dsh_OG0007899	44.7123142774488	43.7174732434784	38.3374224955706	40.700486011156	65.5687572445002	42.4783305027732
Dsor1_OG0007574	34.302097504671	33.7390232175251	25.2266882968145	36.3488357849378	48.4190931005471	33.6718884967939
Dsp1_OG0003244	34.8843587453412	55.9785245008448	40.1022836514204	41.326692205605	75.3186048787653	170.146508100596
Dtd_OG0005439	10.8796941541457	7.41387283493647	8.22405650495342	10.1128602558232	7.55249516732199	5.32532820272275
Dtg_OG0004437	11.16693919091	26.6146720232728	10.7987834772428	13.8066152165302	37.9405859641062	13.877189241773
dtn_OG0003321	6.3304128909626	13.7314225983084	14.2445286858794	9.57711856541326	22.9577363777954	11.5503676283522
Dtwd2_OG0004338	9.39948795324764	8.18779252042933	8.33143029227679	8.18415428355337	11.2427812777348	7.60614856845408
Duba_OG0010035	19.2387077335433	23.2006611587238	15.5273548060767	18.3208417423036	28.7364452515927	19.1592449219968
DUBAI_OG0006208	21.2567382009683	27.3224789403577	23.2483500415158	20.6500194246332	34.4676403680731	29.7560598874455
Duox_OG0001857	38.3777117422374	35.6978456271395	24.3704058065636	23.0318509453078	39.6441954928866	16.6847538048259
dup_OG0006827	20.0016074749143	22.967896539557	22.6590419151357	20.3514280856361	22.6290821486508	16.7753103021495
dUTPase_OG0003767	363.010727294276	338.84952514189	318.277695584616	373.325733369946	426.935089023844	313.662670911566
dve_OG0001649	2.71922201628036	1.38986222636193	1.86600530819212	2.06665912899495	7.40094815278671	3.11552296994436
dwg_OG0008099	16.7639822091615	15.8489036713901	10.2961790520006	11.2071767540027	17.3117308841279	18.5077429012793
dx_OG0007725	31.2474440916849	37.7461959174924	24.7760319120841	19.0394951125364	38.4475961392336	23.5324846147147
Dyb_OG0006209	18.2835809880542	19.7107164959349	20.0097895416812	22.205275113321	28.5159470014927	20.604197805143
Dyrk2_OG0003592_OG0	3.63844357252294	6.94151293217545	5.40767576521219	4.80039133872207	13.164353890789	5.68833825768299
Dyro_OG0010051	11.5778539572506	7.88494843710429	9.82539139846813	7.91884582095982	12.2729584430708	11.066986321932
Dys_OG0004497	4.08182177067048	10.4476056948067	9.53800493140509	5.25418961781905	7.13280139383179	13.9074778451955
Dys_OG0004498	4.77649013783567	3.19173455545874	2.25976492860042	4.06638419044152	2.12101347970465	2.48180974369644
Dys_OG0004500	24.3953103694514	23.4392689356716	20.4907732747612	18.4603190150949	32.0987845094538	21.3631995788815
Dys_OG0011987	6.73760738851233	4.4282589247103	7.22350770885051	2.86149659015841	4.59508007397965	1.15482124799469
Dysb_OG0009919	10.0588263999865	10.931344583843	8.48648446740693	7.34173054801775	10.1424728334869	15.016064166347
e_OG0002133	1.25867834464766	23.6141621958681	2.18595644707819	33.3621163418721	407.593546686101	5.17777887944307
E(bx)_OG0004133	11.4562631494607	25.6992075537461	23.2876473429787	20.7411700363225	18.851150911184	20.7252201972085
E(Pc)_OG0006552	24.8272089446389	32.0432421001572	38.237213580251	27.2953923442326	56.8073882424932	43.9011022213914
E(Pc)_OG0006553	27.8601280763212	34.8822672021994	34.7999113474479	26.3692235544446	51.7166596899141	37.8582149917117
e(r)_OG0007751	162.578318996358	146.080929471888	166.906424201039	154.384320289594	187.679883004696	138.667529111186
E(spl)m2-BFM_OG0005669	46.168307438116	74.9103845801137	45.2685875940729	44.617487933852	117.537806817053	52.3105089783076
E(spl)m3-HLH_OG0005668	46.6192195147224	52.9521772079019	41.8190824602334	37.3055546991242	54.5420836817875	45.3095852269246
E(spl)m4-BFM_OG0005667	102.174780839666	92.4544268161668	101.724289789351	89.5344837035005	155.486988581228	150.534277860653
E(spl)m5-HLH_OG0005666	7.69685635681725	4.43276803850024	10.4932139103662	8.97543845039886	9.60813725785166	9.17771178530941
E(spl)m6-BFM_OG0005665	4.17170366126391	7.04206928685733	8.66179764682805	8.70816603112707	20.995911069009	7.07092488299944
E(spl)m7-HLH_OG0005664	43.5974682048938	51.4988764276043	34.8791840452949	28.6180186958285	82.2077320559254	47.6631339187245
E(spl)m8-HLH_OG0005663	52.1948760235766	58.8805565853077	35.9338271125777	35.2010390338273	67.3026548603016	63.9043185156488
E(spl)malpha-BFM_OG0005671	111.548022300313	179.482952823442	56.170807673525	74.3280534133135	231.141297384506	105.592568944384
E(spl)mbeta-HLH_OG0005672	111.010863603087	124.955080201999	80.084306109503	90.6694762757287	170.025386340731	101.196240073199
E(spl)mdelta-HLH_OG0005674	31.1167489541522	27.2156741628959	25.3736209805739	20.6994319112198	45.8645105048179	25.568359254917
E(spl)mgamma-HLH_OG0005673	41.760162326552	34.0259184414057	54.8760613893669	37.5281045110522	40.6259488144605	38.7883913648602
E(var)3-9_OG0001050_OG0	19.6048065764825	29.5691171575486	15.0064585525958	26.3153803508948	38.8529698314297	15.7898352986213
e(y)2_OG0001714	100.449262513684	63.3429152016096	80.045247881354	70.5927149215544	98.5039891177768	127.732749238341
e(y)3_OG0007425	29.9917804004018	36.3565907654044	30.4136192991622	33.8058500959487	51.0862730003141	30.4685215775011
E(z)_OG0010947	24.0102234560361	23.4194042781158	17.6887057870905	21.76066861864	29.5249165619029	15.2750790952905
E2f1_OG0002288_OG0	68.9236401346646	69.5603986131435	58.67657036444	51.3483647313872	85.5947905831842	2.17849375692468
E2f2_OG0003678_OG0	30.4999598420481	28.7815297429443	17.0363298952888	22.0910860090287	30.1802426622353	14.0923432101699
E5_OG0002217_OG0	5.8641106793139	8.23532100965088	4.95203382154668	3.72115001516558	9.95591255940421	2.32493292057071
ea_OG0005263	59.8837036085855	43.0334751113794	59.9655601952771	54.6751883604264	38.1530579389489	60.7833941575252
Eaat1_OG0009290	6.46161817541852	8.05376779389267	15.656802055848	11.9277972517495	10.4105737167583	8.25542476467757
Eaat2_OG0003360	8.20149594416021	5.58023246832311	5.93467286945421	6.90373549638901	9.66775424046096	2.64934921646438
Eaf_OG0000502_OG1	50.8622743005231	46.8586780827714	24.1773913729146	33.9190809564556	45.3923856335836	8.94771644900972
Eaf6_OG0003932	18.0605887246505	17.7276104447058	18.0886422715924	13.4355419095438	21.4184905785913	14.7070203712293
ear_OG0001073	19.1057918470455	23.5482742182752	26.6159494404069	24.0745329941909	38.7086816936564	19.405450139354
eas_OG0008179	13.6811382566403	12.463499347819	15.9127120748321	17.9142316588127	19.3628480143502	16.5514643637161
east_OG0007625	23.210405978141	39.2841117506538	38.6552729496202	25.5552952124974	38.5842612065554	42.6457068457613
Eato_OG0009194	30.3134728478764	41.5154375586726	19.9840327292046	18.117449270429	36.4176624953214	24.5677311534485
ebd1_OG0011353	6.84422162640477	7.01036768173448	8.40096865291209	7.79895106351801	10.0476394260639	12.8123268872854
ebd2_OG0010296	5.11878817197193	4.46560375161474	4.14565871187495	6.0431861780332	6.22656834385364	3.52067360536597
ebi_OG0000880	52.8300380348134	52.2788652055479	52.3476751161613	46.487338799389	72.1714402832364	60.2018405361254
ebo_OG0001711	24.0076886848673	28.6655476289566	26.5249749440771	19.8124691087584	34.6376458039889	10.6752235561806
EbpIII_OG0006863	1897.76710241602	474.518158221761	80.6328368260616	330.519457376128	318.334599195644	40.2955009599267
ec_OG0008145	42.4248598179784	43.7530448947928	12.2104994617631	37.7211338706319	71.7082921260028	44.6557592477553
eca_OG0002230	275.85264744743	144.056430806095	231.220896953355	180.421163535524	222.851200611271	165.145634336663
ecd_OG0011076	37.20415389424	35.7021507869978	24.2767057519912	41.6603492389171	53.8997814658351	34.8963018191186
Ech1_OG0008083	66.8860623070118	166.076641927367	55.3692795220033	67.1219001383965	93.2238552383513	51.5300054804689
Echs1_OG0007300	90.244583364658	333.33661827996	388.275316505916	405.968072772494	231.994933301508	168.863508864476
eco_OG0010433	26.7372365435189	43.8267980601977	17.9931518853579	33.6539290247224	41.9719533800112	29.170167095096
EcR_OG0007317	6.00957472730371	8.35999340580968	1.50366761264211	1.21257938028073	2.52951830541675	16.9523562212882
EcR_OG0007318	41.9656942773834	44.0833930921533	32.132042642181	4.76869350696013	9.86792896599845	68.3173212178534
ECSIT_OG0004252	11.0518110661944	14.567746163379	11.181484891611	12.9480014395282	12.3600179652146	18.919890230025
ect_OG0010957	1.11427141439389	2.88859739095933	1.36232506526666	2.77260811825314	1.49682449890767	1.56506279501477
Edc3_OG0010095	11.942969504041	18.2839186542987	13.2974135044376	13.4326434344504	26.7834651767773	17.7248185713824
Edem1_OG0007633	20.9518139272907	30.7315514063709	16.9139204055604	31.1808503390417	44.6925398814645	15.4496944025092
Edem2_OG0009241	26.8051563000971	27.5252841600879	18.1968519147577	20.388926214986	32.1885195990095	19.7392265774479
Edg78E_OG0003946	75.3011767200567	20.8844950034241	30.8192637290402	9.74755378852485	3.84107393251222	16.8657023506963
Edg91_OG0002354	74.3198590682516	74.5596228200859	43.4388749902367	43.7794930082461	54.4676914327076	119.831172415988
edin_OG0010091	1.06490883589693	12.3721594355976	3.07895022099401	22.0653264109325	18.1022692245639	182.247759784473
edl_OG0007234	11.0275365586259	35.501239546988	11.6919712650312	16.2547578390831	44.7042825260288	21.2841735735505
EDTP_OG0005899	13.7643688203859	9.66213542704783	8.3248764105815	7.66658670245902	14.355880988226	33.7318880352548
eEF1beta_OG0006433	1744.3046535182	1786.38014055571	1704.4082966348	2833.40344746722	2581.40952637901	1803.68451044487
eEF1delta_OG0003531	218.238566778214	217.015733231161	153.83908624121	205.205130758864	235.644837086038	148.093757802359
eEF1gamma_OG0005102	2100.32384894928	1140.52001858405	2020.50406523413	624.420724480012	801.08465717662	1899.73267703347
eEF1Î±1_OG0000229_OG0	27.9388835596679	69.3103707376317	68.4059222420454	77.4465910379404	170.617298676525	58.3979253642989
eEF1Î±1_OG0000229_OG1	11034.6057188637	12495.6896689109	11639.6618465731	10154.3032808475	13465.9000035047	12682.5079933199
eEF1α2_OG0012986	94.0372670072963	177.626770818208	204.177862690026	241.85098526599	498.712556563372	147.536615144527
eEF2_OG0009576	2453.41433914422	2305.18702660288	2326.97460076575	2114.42764238637	2903.98639316454	3846.54454153523
eEF5_OG0006869	2015.50020497446	1829.42048167551	1915.49481062997	1376.38342478211	2143.54941862845	1946.49260340079
eEFSec_OG0006914	6.45368161149866	5.32322372895409	2.86605387666269	2.98659047931023	4.97551351049147	3.94263465321813
Efa6_OG0004718	7.03824840237188	7.61636967771961	6.2668407950912	4.72208402563261	9.4143750070024	15.9931273642147
Efr_OG0001203	33.2561655710882	19.7647075246812	37.9921757310217	26.6449298355046	20.0387442777416	44.1664342936689
Egfr_OG0006906	22.9415984972378	23.0160830946497	20.4032120204799	17.0193393336973	35.9444969807636	21.7843853444102
egg_OG0006047	19.1953082228311	420.820384508872	25.0715257852006	27.2848767252212	40.1302092337209	20.8335864604319
egh_OG0007608	41.0220568534083	40.9022845223372	27.2861323938492	28.4057440399557	43.5440153161681	13.3339805568502
egl_OG0006962	19.7060287602849	18.3059095238636	15.2063281848722	16.4170131182045	24.8758836515991	11.1589739608783
Eglp2_OG0002732	25.2850612758517	5.79448860331742	16.9399273368222	25.3397464286222	25.1429739422859	5.79755025647926
Eglp4_OG0002730	62.1062860161178	111.980771153157	78.9448743537919	75.4180333802569	42.8148397734595	33.3803416108017
Egm_OG0006557	26.9480830848811	28.849306862801	26.5573663824101	27.3428787295145	26.8473945842568	20.8480142965425
egr_OG0006293	11.2526409884535	9.21334912126911	11.4781198549703	11.7243236056032	10.3410024741642	6.82645147818631
Ehbp1_OG0006455	13.9114473065879	20.8062957913091	19.7317734679741	16.1005869052106	22.5828839347088	18.8346931900192
eIF1_OG0010658	285.73781666348	273.258523648697	219.396020333818	264.443084759007	296.93295705467	171.182846326905
eIF1A_OG0002476_OG0	109.300664316214	554.728521826421	98.5718134710203	591.341828492119	742.363384756774	235.988677530815
eIF2alpha_OG0008544	283.526861805888	202.735802509598	225.801079025949	229.200938539169	306.150548799015	154.819014110308
eIF2Balpha_OG0005718	20.9722472239809	26.1822752172226	20.9127408773634	27.2278209356074	31.0825153292328	26.9415027657974
eIF2Bbeta_OG0008091	41.1282852952644	43.6849674147177	44.0218789259085	55.2311317216534	74.1732728416454	35.769712297763
eIF2Bdelta_OG0002742	33.2031595103459	43.0930894931946	30.4952552852985	32.6005792780131	41.2648519107031	28.8068997722697
eIF2Bepsilon_OG0007631	50.8895875648733	28.354067203244	39.0644999225138	32.3613416445371	41.6942240927781	60.9418754769913
eIF2beta_OG0009944	268.31864579157	249.463766517837	205.006248606158	214.486952475786	253.252060930514	143.915533401164
eIF2Bgamma_OG0006821	33.0896541252191	31.3221523905683	33.1419283723267	29.3585707375363	39.5194168568414	27.9682678460982
eIF2D_OG0005096	23.955523656445	31.1024438595103	28.8185436450442	31.4675392799842	32.3783421299832	34.5317705941897
eIF3a_OG0007338	285.630118937591	273.651645250459	223.204149085808	296.153051340466	425.485593020915	360.879238126357
eIF3b_OG0005886	429.00535583081	430.381970945042	409.937066722469	396.122101870026	578.831604638297	519.45649638283
eIF3c_OG0006066	349.869308241616	335.389180135044	382.38660032803	334.845556869055	479.790494527603	371.92338133275
eIF3d2_OG0000205_OG0	243.119596360446	258.014993981021	291.178649066192	263.4608328607	321.539340794713	326.505733127428
eIF3e_OG0004013_OG0	289.88294130586	281.831032957283	323.743232907287	266.091755582785	366.237087493861	376.469351025854
eIF3f1_OG0004151	362.231126197897	411.533388769775	309.144302433893	419.387953639426	629.24599345537	298.10038119428
eIF3g1_OG0001694_OG0	131.892739239449	319.370800567489	278.214455422619	305.049911017279	432.705724344539	298.947093807483
eIF3h_OG0001810	328.123599272907	329.694918505367	361.969480789783	325.117036123863	382.976853386331	243.84260592876
eIF3i_OG0008958	300.192220878669	312.582728345569	299.979460440022	278.126208593112	380.348095971421	387.973361274357
eIF3j_OG0006320	137.572598329299	121.803485913424	124.047612948922	101.520393733704	114.226069444575	87.0956012496516
eIF3k_OG0005959	257.164100431503	286.494385348635	278.254686556375	269.917951615983	385.974376225625	284.426996066529
eIF3l_OG0010823	195.767240384885	179.92293126309	193.111192921568	206.608298995354	259.83146624048	246.760116807961
eIF3m_OG0002921_OG0	363.675303020101	284.592164335428	291.506482139379	350.611750059798	470.910392746011	364.545801164127
eIF4A_OG0001210_OG0	598.242772758904	590.432597072666	647.523764324578	573.157850705184	1005.37639882921	1077.29837841136
eIF4E7_OG0000307_OG1	279.559593067619	363.683876537348	4.43306146254245	315.271519637559	378.335041727188	252.860871038059
eIF4EHP_OG0005321	12.14800968831	15.3731677943952	13.133000279418	35.7195088714482	16.5115567602906	9.59351745560351
eIF4G1_OG0012813	94.5389074580273	203.467119570779	114.769462315156	162.304646342925	169.008862903723	205.540618720598
eIF4G2_OG0005530	8.77916583086554	29.8957284104985	17.8191636991801	17.9276719958083	33.982509535799	20.8773335565741
eIF4H1_OG0003306_OG0	90.5972324515242	107.387561523363	88.495796915455	80.6921921744614	114.139661772845	67.9268429251378
eIF5_OG0008165	259.877367221818	270.00026755309	224.805128561679	231.28783477167	304.829051296902	214.655441752065
eIF5B_OG0010675	11.8760303498792	12.6421175778549	9.13120571604758	9.02548886100431	12.8489623396525	9.65894832920278
Eip55E_OG0001144	94.3718158552745	127.09697966188	109.035674325716	110.930351485796	93.4430941055466	218.426461874404
Eip63F-1_OG0010484	1.87229649572048	1.87615597697221	1.75224004738879	2.58478937555705	2.41982461110899	1.78826621131225
Eip74EF_OG0003896_OG0	15.0253305921122	16.6438744045132	15.1111307068019	10.3089406277578	21.6448114528634	16.8954802429016
Eip75B_OG0010122	32.8067377063278	51.9105816118875	72.7627809322155	29.0288613773232	64.3200511218937	38.3352417317868
Eip75B_OG0010123	1.88734828375111	6.63771688706466	1.72778410951654	2.39897563642676	10.4147523902145	1.79582477490876
Eip75B_OG0010124	8.99060498230819	12.9519610407177	1.3307846786567	12.1507012166968	18.2340387158143	35.4183354252
Eip75B_OG0011852	1.34878019951562	5.52571781876274	2.90027439774353	1.97242122240637	12.538892845814	1.35550622828415
Elal_OG0002273_OG0	32.6386723840396	40.1303226630938	27.6696631222012	35.7934194373088	27.6275851003442	22.9608774378437
elav_OG0003184	4.49377802846805	18.6968068628976	21.3669062423988	11.9292988358695	14.7025798738635	57.587079144604
elB_OG0009166	6.58062207511686	4.82588293212568	6.30721866374202	4.2680087064824	6.02001360793824	5.9632600978248
elg1_OG0010789	16.1153156616525	15.1025515175314	13.404160641807	11.3924302460931	14.9228669069195	15.3852284347943
elgi_OG0009995	28.0985437994702	30.3331591521642	22.1250078727193	23.2378223955851	39.829072513056	24.0479647457348
elm_OG0004227	34.0081624859161	24.2404791417673	22.2732386017483	30.7119301699865	29.5127602099927	26.161217915737
EloA_OG0001402	19.5715725691425	22.0189845750935	14.2453088224841	21.4320171971296	30.3101575689024	16.5818811258707
EloB_OG0004929	106.397192265486	94.0872467339946	95.2441053212742	101.417409499052	117.202481286798	110.644003693375
EloC_OG0007043	73.991746036951	99.09631553794	59.9900872869002	76.1793269294007	93.3583717833947	33.1088626560756
Elp1_OG0005080	21.9811750283147	22.8201713756628	20.2443122588185	20.0227866940563	28.151649462461	25.4398158474885
Elp2_OG0006314	22.7385305651417	19.2297908754653	15.3982812756603	17.7048190052755	19.5150586534178	15.4741215798067
Elp3_OG0008999	30.7494446868565	26.4742433626755	24.9530076338132	29.1993350719325	33.343437902621	24.2572442278423
Elys_OG0007421	30.9462507647463	24.9179852175255	24.3328165284488	26.1501895057559	36.283655562571	34.2837593254532
ema_OG0004979	18.095406289082	20.3352931866953	18.4448520211156	17.9199331918214	22.827333130289	18.7935212342439
emb_OG0003470	73.2514815444196	96.2768625755187	73.6692342339399	67.9819486068539	114.450848294452	101.897053085131
emc_OG0011348	63.0270144999847	113.579463385646	58.4515651704559	59.5037227883621	109.691311828967	60.957460240034
EMC1_OG0004371	50.7491350572912	55.9300296352396	50.0784198933714	35.5884131601931	56.4816710963848	42.4672843631745
EMC10_OG0011832	42.3802606436186	44.3363668829158	33.8936196272149	37.3680693990584	43.770963776173	29.5954028130042
EMC3_OG0009350	90.5153705853743	70.4357713064101	61.30377714964	63.2432429397603	84.8689715752678	71.6898290467098
EMC4_OG0009814	55.4223984147832	74.6565924170999	49.4522701462627	56.0717492781793	59.0761290216165	51.8814848722903
EMC5_OG0001916	42.8164278585867	45.830727596825	38.13633938894	34.5409954042641	53.4970771253813	66.2981721398061
EMC6_OG0005194	41.2180203150166	45.14503708474	27.0965952856688	31.9224998155078	47.1950297327724	55.0659492607293
EMC7_OG0006500	119.381911572059	66.1781212493416	87.5797164090031	57.1238713184775	65.6012825318389	83.5973722820462
EMC8-9_OG0006973	43.1467147298811	46.8768096695812	38.2208815371194	36.5418545732642	47.8387968450018	27.4403480661389
emei_OG0003893	22.9465941538971	29.9727021875355	24.1529024839148	23.7081643985866	23.7955533155686	37.3439519818614
emp_OG0005856	187.143151241365	108.475675553901	110.491226704331	87.5022876659733	37.4706998254108	109.448983944498
EMRE_OG0006106	167.323526393548	164.012946648266	116.070990620437	164.59344077247	122.674924286675	177.255909349815
ems_OG0002218_OG0	39.1252722575766	37.5736079566744	26.5906054769643	27.6307953556297	52.9277793342313	11.5712528071115
en_OG0006555	15.6757614524033	23.6502876310501	11.4127075906155	13.8802361066005	28.2347626854395	13.0298762641923
ena_OG0006639	12.2118643633927	21.7071226744671	12.8563291695776	13.4777969018787	33.3334144169719	16.3522868077142
enc_OG0010477	18.9250257957498	20.8050092939148	24.8020276004367	18.8143970360256	29.8370406499017	11.4929993585311
EndoA_OG0004464	54.294333022379	60.8921187374856	54.9539879773964	53.7069572022492	64.6123329324603	52.1083579077296
EndoB_OG0002907	13.1530870270144	13.1028609073997	9.19353995144715	11.8082775442757	23.0071642782031	13.9405012887374
EndoG_OG0006601	14.9070799751786	15.4819211726458	13.4933414051173	19.4858769520894	27.8953013247138	20.7478519996033
EndoGI_OG0009137	214.582882533082	133.08329673833	143.468596827396	193.903873543676	204.765169306675	311.013137066254
endos_OG0010892	190.259027974468	202.734833656271	155.677032306997	164.467944769908	243.543347979827	144.801551897247
EndoU_OG0002511_OG0	20.5123384052379	40.8827878133212	12.2599640806186	25.6788694718005	43.9155477748372	45.7547757158967
Eno_OG0001861	1197.40160314912	1406.45308511678	2022.20258955675	1510.32584261136	855.717480366671	1592.75939906993
enok_OG0006876	24.1240305622544	29.7910464429626	25.0799583513293	23.1622993744666	40.3236302396369	31.4768688757058
ens_OG0010509	40.8196220257125	38.3604701249276	39.888690315914	30.4937649688319	43.9685451561855	43.7419621028705
Ent1_OG0001793	14.8844335724122	27.4818074218445	10.9230440971263	14.5940146943192	20.5664491317269	9.60999211061275
Ent2_OG0009601	151.142716844	128.731403534737	138.273162216512	84.0698603187224	88.2563705035419	131.939542339347
Ent3_OG0009925	7.78565738654777	2.42584090666883	1.92156812146686	2.92472500991969	4.11506891955988	1.47937572950371
Eogt_OG0003443	69.2766758503695	48.7773346375074	103.263182020378	68.5280761541956	71.2437160466082	76.5153596898399
Epac_OG0000591_OG0	1.61676760931937	1.03032416620458	5.3931760607425	3.01254267320224	1.95227938215673	1.19341440720357
Epg5_OG0002155	18.8612819755138	30.080719547024	17.4329626231385	16.145068379111	27.994230430558	20.6887429428092
Eph_OG0013488	12.1974368686428	20.7558986982868	9.46621356714794	13.2266780508431	16.3192142055647	8.70980339132147
Epp_OG0005330	7.97058578799056	13.1498839133629	9.03360802449619	9.08283114161224	15.0955808106253	8.14038919652672
Eps-15_OG0001559	29.7448429250804	29.5084884026965	25.4651290802751	25.1458113912544	36.2179784257584	34.6121670089682
epsilonCOP_OG0009592	96.6540324961731	109.057001334847	112.462597327584	102.920462915846	107.266150152824	105.080475929887
Ercc1_OG0006170	8.22153693791086	12.9483423449187	12.3613592017887	12.0317689230214	14.2284074520845	15.4191173041114
eRF1_OG0010383	96.4430186841309	105.305464488718	76.5641703824674	84.2143103796629	119.388280239217	87.4031865166222
eRF3_OG0003783	79.5320123253829	74.8957193023879	64.2411621612002	65.4185651825027	85.384298802834	60.2254421223511
ergic53_OG0011187	142.212185053331	147.202247491723	162.803928804062	102.324225948408	146.957856085607	94.515697315701
erm_OG0009068	2.22934566194003	4.7723430474027	8.7568500965548	8.45096276762416	12.4645675502374	6.60327959013751
Ero1L_OG0010516	12.757958197264	14.8618930121835	11.9027796567058	14.9692088002715	20.7838421612961	9.4252429143142
ERp60_OG0006573	475.631835480401	456.477079469227	437.32583999758	360.133053867369	446.048917269884	349.540276376502
ERR_OG0011151	14.2005756959025	12.9109149144126	9.19042535179534	13.5504477525122	18.4309479616351	12.7779191157887
Es2_OG0008623	15.0462611451669	11.8131749521508	13.2915854888353	18.4496547583052	31.3356475153452	9.78639912782618
esc_OG0009703	13.8301936325477	12.4889882590294	9.59162683227207	13.076463390421	16.9102110734089	11.1908151543437
escl_OG0009710	5.61136489363151	12.0567646697633	7.33874639621533	9.18723012680596	12.6347356853871	6.21031694619203
esg_OG0008812	32.1125425675379	37.6190945097229	32.8759918526029	34.5930984703491	55.8714211598676	34.5448686953771
esn_OG0006768	3.33162782201494	3.97490686190859	1.68496277355917	2.58621178886582	6.12679515349931	2.28524678878579
Esp_OG0004645	15.7511350894093	4.08936002850394	4.35470141180294	6.21852855117903	28.024001120838	1.44906107379622
Est-6_OG0000153_OG1	202.078991436718	21.6794389458803	9.33678406944011	48.4264212908335	104.691741931859	68.3415565474158
Esyt2_OG0004616	58.3918844486285	32.1078469927307	63.3697301223004	58.8406811536264	62.3094674035592	52.9830238215235
et_OG0000911	1.35040702525896	1.97075322775681	11.2033608724068	7.43501016451794	2.51610731929022	3.68920998422719
Etf-QO_OG0002882	79.2928897646307	77.5640204847707	106.34795059418	99.2451145167034	54.2228242214245	105.311996351295
ETH_OG0006054	32.6886518375974	18.0087953780334	26.2326799114006	31.1340652108672	40.8700741137084	15.3082134607951
Etl1_OG0003503	27.1313419130611	23.4515856433392	22.7860058970717	20.8110217226676	29.5132857886176	24.0224987900451
Ets97D_OG0002613_OG0	13.9948370370476	16.4651305039364	12.4439579054887	16.6016058840472	20.810410465618	1.82372326693077
Ets98B_OG0005341	3.1183313266319	2.12911927641636	2.53464564039836	2.36134031888495	2.5800567108449	1.91460867626928
euc_OG0004467	10.1763502021379	8.70195391905452	2.48099655370018	4.40109677895762	1.50213847344996	5.38023468483199
Evi5_OG0007891	9.58873814833459	8.59970277413704	9.9549133299701	6.53895342184044	12.3595904826529	12.8958059242191
ewg_OG0007848	7.65812472277782	13.272388447601	11.5684812456091	15.0305099977315	29.2700318318989	3.38538903207981
ex_OG0008756	31.7113187382147	36.3480786186552	29.5099861312813	22.6124912292685	52.7511160870507	39.5062649523533
exd_OG0008166	135.04881436097	154.965055167421	130.433028410527	121.138890523874	205.891208571683	136.15404375497
Exd2_OG0005436	21.1389678386636	24.5497460046841	10.515250293293	30.2238763976297	62.0536453410931	17.7827421361544
Exn_OG0004009_OG0	36.0910441337323	43.5749884737938	34.7937474959553	39.6157581255529	50.8300639003344	37.9656027157978
Exn_OG0011891	5.74548384594402	5.08936777363468	5.07814844107753	5.13830456893398	9.12576785148018	6.88922653556603
Exo84_OG0005661	21.9176237652983	22.0397333990651	17.5970360496673	20.3037102329066	27.8123793799956	18.6334471367837
exp_OG0006578	10.0008037181635	6.3123480719656	8.51780626628258	7.91739451151961	6.56745532974387	9.16971482236151
ey_OG0012032	1.82464902404961	1.61394679566148	1.85247855028655	2.57696845230763	2.98147020818992	2.11919031155727
eya_OG0009596	10.7734622998585	8.61871033454745	8.77271014560184	8.51513135939043	12.3952285300856	6.77309543233527
eyg_OG0010837	7.41887941939293	10.019675226974	8.66160352041096	5.650614890547	11.9228647978264	6.1992869362934
Faa_OG0010503	4.30831428420682	7.07608676157831	13.3900241520143	12.688870783563	6.61873000841515	31.1153254732624
fab1_OG0006079	19.8863752890052	32.2835657680143	23.7220686947889	17.7234466229357	31.0403850262874	34.1249043559823
fabp_OG0005432	108.744424540008	243.99505231701	219.503545578725	240.538704300246	217.890357173009	335.781399091857
Fadd_OG0004773	27.3264314622453	14.1651269144712	9.37331956697118	16.298338133593	17.4110538075635	13.6731287413116
faf_OG0002669	31.699423419308	42.8239886242797	36.2367012982512	31.8394731538197	47.9637024913553	41.7783935737572
Faf2_OG0009522	60.4417988732937	61.0313165475836	48.700187846403	66.7421915677981	78.5509140299513	39.056651467599
Fak_OG0007040	14.8749973105253	19.3824370454969	15.4237318230804	14.1243037333268	22.0088389461433	16.7630937443493
fal_OG0003837_OG0	8.93720809404084	8.853304921219	10.4648876359953	7.24227521248136	14.3994170813071	3.93616085795264
FAM21_OG0001141_OG0	12.634567465713	8.67184661911453	7.3733713145776	6.84759619817845	10.518568431798	6.54965557244136
FANCI_OG0007114	7.889609537366	8.59318116048874	4.04641040500297	4.55016559855358	6.51177600886082	6.39653890441951
Fancl_OG0002242	3.68528329483622	3.11440780864052	3.3111906306188	3.1245590869884	4.16996178650638	8.00482763166219
Fancm_OG0001019_OG0	4.9687945734438	9.01700574976313	5.2552755817068	5.49175655588141	8.4294610586264	6.66262215919176
fand_OG0007285	30.9420795072569	33.0433103461736	24.0408094677082	27.9986489413258	42.0815700274636	33.1938568565198
FarO_OG0007781	41.65835521322	7.68961781523048	2.06039691299591	7.78302818582487	9.12417563354976	1.41615202615932
Fas1_OG0004992	16.3821411289392	21.7756919975744	18.8461823246852	15.2012821632513	26.1197739174073	16.8293093729416
Fas2_OG0011931	2.82311695198913	4.33171551597664	3.1810803877374	2.56329381770158	5.381394620079	2.54883306391735
Fas3_OG0009502	5.48630891668518	36.8141447867088	4.81859126727645	22.780471545789	38.819594716714	4.42201824635776
Fas3_OG0009503	34.7617758273576	47.954162217294	31.8244090491086	25.5375832372278	63.1544299063847	29.1051066676976
FASN1_OG0008905	45.2747811839201	111.13894505846	112.882271460377	101.62180563974	75.2213365830661	119.171033860834
FASN2_OG0008906	4.51101522827972	3.15643419758476	1.63143367584341	8.9094456107432	3.11226162093814	2.34693487990787
FASN3_OG0013460	8.56655613513373	5.28407911080343	1.26583222600896	6.84470718390932	5.35406464087334	3.50403425058516
fat-spondin_OG0005920	19.695986132094	30.6705702785891	60.7530502742601	75.0813425163623	29.904872075563	74.8840367300329
Fatp1_OG0009361	23.934223908666	16.2651138757502	16.0030953300441	20.019855962156	13.5629375093301	31.08684152887
Fatp2_OG0005985	22.8956677802537	7.586132091115	10.0616604184563	11.362563590733	8.01336600791252	10.3428185177721
Fatp3_OG0006895	1.60645206587475	20.1865259582041	2.09336730589474	9.4818432292029	4.38661285238548	1.44794641957136
fax_OG0010744	101.75678533805	198.837853854587	85.9594149863455	110.804991662358	241.061948840938	134.45934940992
fbl_OG0010374	16.9807617937058	17.8422514144021	11.5778006036241	18.5248834623264	21.9565694097594	11.613118528563
Fbl6_OG0001574_OG0	31.1135741590276	31.3301213857036	7.888816686291	19.7379451082905	49.7613367618813	38.9635716084929
fbp_OG0009109	81.0874387508833	82.9996589244516	101.612018036289	76.6486862956622	60.2960530381375	87.1127251859604
Fbp1_OG0004052	603.671461665539	835.358721787866	83.5596991708568	324.878524403981	351.714932877665	1538.8917412228
Fbp2_OG0009288	452.595494270347	1350.64287036105	708.120537750535	1256.44271878974	815.518370374123	1901.54084897359
Fbw5_OG0002691	16.9017639858206	14.6948053722656	20.0986683228996	16.7039882698541	20.1123968874864	28.8602074708763
Fbxl4_OG0008229	19.2584565167541	15.2940467316555	12.4857073299593	13.6975739842115	22.6667093980234	15.5560815905178
Fbxl7_OG0005218	19.1913923044586	21.8150396621153	13.0984713529721	13.0515664118725	24.2831247346002	10.002351650634
FBXO11_OG0002238	34.719173043299	41.7414878179715	29.1422340410964	31.6282912479232	61.0106753030785	34.2392383626063
Fbxo42_OG0006461	17.7082879494526	16.8570161018669	15.0067481198037	14.5558684227937	23.1633681375043	19.4251235938554
Fcp1_OG0001114_OG1	11.2773724432453	19.8212661831399	15.9809765441936	19.6620604999059	28.9215486243085	19.1141916896543
fd102C_OG0012031	1.75926674915518	2.33089199299187	3.77509123856909	3.20052664488557	3.6487849498037	1.48903644558575
fd96Ca_OG0005182	6.6446460973985	10.6187118035338	4.69376516956691	5.75958130729352	13.2861944530659	5.7974201669726
fd96Cb_OG0005181	59.5377197587293	65.4225205228441	33.8037099548212	45.092730932736	67.3983415873561	57.9943271023876
Fdh_OG0005471	154.543131277628	239.469628674939	116.179309950308	216.512707992977	165.654216980036	117.866463966344
fdl_OG0001566_OG0	32.2984582982194	15.889863474539	15.3492760404795	8.69181567309535	14.7604482255579	17.9113475389432
Fdx1_OG0011253	11.2605767558467	16.8770007783886	13.6401775180781	16.7490566391528	19.368790019797	13.7870766535236
Fdx2_OG0010542	48.7650064170692	44.6320942607643	52.2592155931365	53.1621229721616	47.8014628864597	44.5893484194262
FeCH_OG0005820	24.340797509369	39.2837417354952	27.8197233873438	33.4872408292547	40.6872981131213	38.7787565582488
Fem-1_OG0006286	39.5423513759082	34.9148803383531	16.8013020285545	25.9188980258827	56.1994354493617	25.8317936607963
Fen1_OG0006430	39.2503349625726	30.4073031458029	30.7192691817694	30.9736016675392	35.5265697386013	50.932214510035
feo_OG0001181	74.716947012336	74.9677232095941	49.2585366088406	104.482805917768	145.602271646962	66.8150939975939
Fer1HCH_OG0005741	245.998481360718	262.351332720475	189.374451159385	225.884330836247	339.083214776384	261.417669609768
Fer2LCH_OG0005742	461.929189638729	464.040150581434	337.408020613007	407.863995012375	581.921527426373	407.250447598471
fh_OG0007678	13.8314836129852	14.4724383045673	14.8794846389866	17.8550603611129	21.3000915375288	16.3041044764038
Fhos_OG0011205	2.3169491998864	6.07704150286377	5.66820771848913	10.1741915089619	5.76149105118627	12.7513505602497
Fhos_OG0011206	8.74371539036697	7.20286423916277	7.07654524037205	11.9435226111912	10.6713040964793	15.2869860981011
Fib_OG0005982	127.307860557139	127.024987530472	96.1367257311322	126.153413660255	122.320656638314	95.1686007269109
Fibp_OG0011873	19.754598738251	19.0701974716613	14.4298017296281	12.1170457879398	17.0940897415781	16.6322176638235
Fic_OG0004138	18.3807752057003	14.2520113824576	10.2241579036797	9.45848444742238	9.60371582794581	41.3593426356893
fidipidine_OG0006493	22.1448440202597	27.8218095285449	16.1200272315169	22.9904417170481	29.9024009189375	28.6956141067001
Fie_OG0010479	5.63088792999859	1.50206410411939	3.38083273917092	1.87026688194542	2.4502166548567	2.66321814430161
FIG4_OG0008991	8.03980318354037	10.2268342740423	8.503549661587	6.65745826601075	9.44317877625896	8.31767968194329
Fign_OG0001235	3.41420081707341	3.36709535965811	1.08367847691908	2.34534966704081	6.45459896679224	6.24905838170174
Fili_OG0005943	3.92808475613804	4.46430579725121	3.82518293786768	1.94232346005611	5.62040687955691	25.2856219148929
Fim_OG0008603	27.4041723148911	33.2481439644665	26.9490104762993	31.5020905676364	46.2122457704794	21.1075645979996
Fip1_OG0001683_OG0	58.4099509373736	50.0864177574453	47.9589366404542	42.1781797681442	60.3805302062997	34.1878000006215
fipi_OG0008984	1.87351555644781	1.94754751528821	2.50472751152436	1.27794109836411	1.63967480216769	1.46584341076815
FipoQ_OG0002489	25.0877007913014	20.8171252009124	34.7193491243422	28.9853472604596	9.4588475401495	32.7955201208446
firl_OG0009723	8.53979784126412	7.14635128932719	2.85022783030504	8.33284216443017	8.59294227961945	17.4853758747907
Fis1_OG0013453	64.3280273656904	99.3746637986639	49.1170494367617	64.2312274489646	72.164561135242	2.09408925915501
Fit1_OG0010506	95.6089049981949	65.5963743240179	98.3417656113118	74.2344521602526	79.178642008909	71.244676643223
Fit2_OG0010690	34.1817286999464	9.46376949395957	27.6240063730795	25.0869220903244	29.4794164152192	46.542053149289
Fitm_OG0010597	57.8107734381684	34.59251970586	23.8708977120435	22.6859213107356	19.0175163874041	25.2343160402586
fiz_OG0011722	21.7924865320564	22.3676775144645	2.49482684590931	79.9724765002016	29.9558594036222	14.2379605971165
fj_OG0006686	105.642073758214	109.854781280949	84.1877775320901	62.8523725386794	106.423890397007	92.8077701824709
Fkbp12_OG0002909	822.96766307856	874.597576579302	619.45797440762	774.079902110387	790.455715776614	706.685456104772
Fkbp14_OG0006910	13.9854385826431	33.5334512678447	13.0711414272688	15.8419420940329	30.7789938325379	13.2664783223849
Fkbp39_OG0000749_OG0	228.889687683155	264.250755490056	213.788831607398	263.393873107796	288.183939670374	79.9819719475107
Fkbp59_OG0009254	103.980220127547	115.020102399104	77.3056101078817	81.0689383266035	117.037381094963	91.3266537397002
fkh_OG0005402	20.8586660661634	19.2352380208893	36.9136985946708	20.2993533190791	24.5244131417332	21.1829480422399
fkh_OG0005403	21.2142705751619	20.9614155183915	30.6261434839589	20.7184969875646	28.2281454852147	18.6936601603592
fl(2)d_OG0007295	27.4018707504529	35.9044515124772	20.2645889874572	28.3489561962349	44.8331861907423	34.0677215281938
Flacc_OG0007480	48.6285335384996	54.2012204325218	42.8135701062991	47.3858160384959	75.0624258336477	46.1441277341945
flap_OG0005930	66.6944188663456	42.0899553056623	39.194084262614	42.5764610577613	39.2690332083199	66.0368423746555
FLASH_OG0001671	11.3079831784322	9.55229175278954	9.53090086489231	7.68265759925266	9.19482820879495	13.4813765931576
flfl_OG0002205_OG0	34.1426342995003	48.7454041386919	51.1327517700655	35.0724349694436	69.2066489795384	28.468671520451
fliI_OG0007485	25.1853932856547	27.5109519370258	21.9469719702424	21.1566468728124	29.7375827777805	23.8456362520713
Flo1_OG0006818	70.2437430657461	65.7673899677469	107.161562321121	93.3088375594419	88.7084119997017	102.526166651897
Flo2_OG0008355	12.9659402449327	20.7329908774173	43.8937602068878	28.6527946339267	42.3841948636143	46.4813340993581
Flo2_OG0008356	2.37636918872288	3.79358995504973	5.61144757657181	5.46926026791338	8.35415996282165	7.3513476097312
flr_OG0010579	228.141237162199	153.080525165347	157.871837350987	157.497491239427	180.274561748575	247.993453401857
Fmo-1_OG0011633	2.76846301604467	4.40856369236168	4.77199230280438	14.8114014184712	2.64133684014228	4.18814937347463
Fmr1_OG0001392	38.4190283530573	46.7666173817836	37.679672203813	34.83066269389	57.994826006345	38.4078426984507
FMRFa_OG0006325	4.30878867348409	4.1776462777619	14.5392344257047	14.5491960875783	11.4790719075197	4.63942156809474
FMRFaR_OG0011122	6.29708835947533	4.21536234931145	7.99212379806059	7.66845022961199	8.00321264109536	5.09837358271571
fmt_OG0010244	26.6444195516785	43.1965856559497	32.0790933847485	29.0763800292651	41.9672625396926	31.6556363441214
fng_OG0010333	5.03662809355701	4.12844540208107	3.49232150828409	2.42346428453795	5.3407599366012	3.52743618082388
fng_OG0011868	53.2943497374506	45.1766581315833	27.0939277898941	26.9734514572812	51.3357872324887	35.7399428804193
Fnta_OG0008978	50.8389320899937	60.44136890603	42.2859982074617	63.7704790148582	78.5815773506676	61.348040078612
Fntb_OG0004977	37.3241269541945	32.1805090026929	20.6632993839332	30.1812347853704	39.4741393162932	21.9799816199917
foi_OG0011186	42.4328496522732	37.1378630730829	42.0044141931934	36.0477024050614	38.7283150227008	40.5165310385618
fok_OG0009125	31.5683052877091	30.911400653608	11.9741822843017	20.0710430040796	46.6737561897745	29.7205628413455
fon_OG0003712	112.694586558132	431.723206820976	359.794839974885	389.335662613564	221.464640690908	328.202314462384
form3_OG0010411	17.8478079692235	15.9773275641609	17.8305034437527	16.6861817133171	22.499465193977	11.9917171246073
FoxK_OG0003892	50.3452035593731	57.0527730426705	58.7886438783878	54.5401382481741	90.3023244280893	47.9276945542927
foxo_OG0002223_OG0	3.51598496625118	3.52432701957734	4.16297691904689	3.49959704993004	4.27976201487002	4.04219995680163
FoxP_OG0004555	1.80316935486161	1.38511363123893	2.58168075592946	4.07858934424354	6.28398927195578	1.28192483652115
Fpgs_OG0008457	3.14584071267726	2.49794328360857	1.65525522114102	1.79415092473991	1.76742434719745	1.68792922450954
Fpps_OG0000889_OG0	67.8689854919501	70.8403199641602	37.8219763086884	54.6918389244772	59.1964011580832	43.8013569515819
fra_OG0007199	2.49772254338075	4.80361265012527	3.20680835817216	2.44991599433595	24.2476273196125	3.44051209492356
frac_OG0003971	11.9074074050696	10.1784665222155	26.7456806944761	33.8608399274693	10.6686672856564	32.3805876326354
fray_OG0000534_OG0	14.9521559059735	20.6729281881815	50.3469229092447	5.31131065690427	7.63909021939239	6.9044667663478
frc_OG0010928	43.4513024004616	30.5500433788338	48.2981738372134	37.4893541930764	46.0862835945318	34.4523848519285
FRG1_OG0010193	16.5669334780651	33.5410781739571	31.5602500328325	24.4117143714311	40.0003771401681	25.6206906202881
frj_OG0009587	30.4334052932131	21.4547483577048	22.2586351794792	19.4045381570645	21.6290764517775	17.8780720342369
Frl_OG0011906	21.0785215927057	14.3357792123324	13.7132187545576	16.7389789017867	16.1720021635896	13.6038729612546
frm_OG0003989_OG0	231.683975439608	105.590282948764	365.147959592076	305.49291434745	87.4574912090763	145.070388490961
frtz_OG0003568_OG0	12.4726591679601	10.7162855595343	8.1133982128027	9.35519283815027	17.4095589411215	11.1294380731486
fru_OG0005041	16.2888353765029	9.89771070625161	14.5308314593486	9.02515599240665	12.1627533107212	15.1172833888919
fru_OG0005042	112.07566896871	9.79746989342729	140.680760923691	83.8898622629657	94.132318826257	126.125778100054
fry_OG0011000	2.07610719542769	3.73612576725722	5.1027792868548	2.5967587057102	5.20699484281322	10.0966929554988
fry_OG0011002	8.30065094287787	12.3501529144036	13.5245752149446	10.1070382102062	17.8753051719625	22.0843693132103
fry_OG0011003	22.4624616369731	25.8420462688238	24.4897601964982	24.0953992530196	31.6078800909931	44.6789581912557
fs(1)h_OG0007938	23.7637038772339	34.1250745105537	30.405799211943	26.3493219795924	38.0358869547605	37.6166650388549
fs(1)K10_OG0007774	15.543686581563	13.5564995789795	16.2367746374235	15.9797085125693	27.3603749334908	18.169960711221
Fs(2)Ket_OG0003665	15.2862418629284	43.157109525579	27.112679840543	28.9968125208565	48.0612093796019	48.7228158468991
fs(2)ltoPP43_OG0009112	32.3532181749814	15.9081339528135	13.4152789972908	28.0713574448914	40.1486784916187	16.8280809820763
fsd_OG0007247	9.5965327054855	11.4218956523056	10.0579572081387	10.5699084292522	13.6180471724119	7.02246716110877
Fsn_OG0007246	48.122018521561	50.5935608727783	39.4633148719381	44.361314498463	61.8719323404688	52.6027061222696
ft_OG0003390	18.7256967452052	29.5625799918605	23.298882314238	14.1034479349994	27.5195029156529	24.3999754549182
fu_OG0003093	12.8818780550447	15.0746057352456	8.51416128454512	10.9752477301901	18.1536590114103	8.98944124092026
Fuca_OG0010042	10.7498704911219	4.53261934356789	14.0069148539547	9.99670945454286	17.7736854252417	8.34733845365083
FucT6_OG0008386	22.1376277052903	196.064251532563	21.2718084440911	22.9635836416803	30.5526875344439	16.1669946941023
FucTA_OG0009959	3.31148414530162	3.27999186952834	10.9070570389004	4.73166622369756	9.91185123897541	4.70382861990783
FucTB_OG0009287	4.95589183961993	7.36309440780173	7.52067788520293	4.73470981593624	6.63186117324116	7.33683728824016
Fum1_OG0007734	135.753982327865	125.464468303557	220.746987072935	169.808296526451	129.472092553061	203.50978188505
Fur1_OG0005150	39.1872139555042	17.7405865382987	32.0413395891551	18.1659924823606	34.3772717347806	13.7913313174619
Fur1_OG0005153	12.1621864305809	7.05409059094108	12.7333786969134	7.41203988654129	10.5280034303691	9.52374820600419
Fur2_OG0008190	62.4193388862482	42.5926510892501	49.3835191984501	38.3990884150046	37.9888652451468	60.0376379935634
fus_OG0006816	12.321307156724	12.7353707891388	12.5393577799882	9.03683185373496	11.9399788298549	15.4611197676004
fus_OG0011629	52.5729017127694	44.4991885501277	43.7878085773176	42.0206943488515	29.645466752699	24.3373532149912
fusl_OG0008830	2.55066307259711	2.95204864325082	2.66541082017783	6.5292230983436	2.38599822586555	2.4452778973316
fuss_OG0002748_OG0	729.637901869931	1118.38393252543	1574.03093856669	1145.64663413029	697.430323050252	1357.19068144267
futsch_OG0003156	1.2875036804167	2.77046881954123	10.0164476815144	1.93911428029419	2.68039611971682	12.8425059615149
fw_OG0008199	20.6764301369622	11.3958733235234	12.3369670958499	15.8177497728584	17.9554906936675	12.8438713307412
fwd_OG0004134	15.7757339352233	26.7042103535644	22.9057719552403	16.755763988851	33.2973258608804	23.7874225932478
fwe_OG0009988	13.7813280391811	14.4090434066286	16.2085359585192	9.77837876899429	17.5028277139702	9.15616259295509
fws_OG0009477	26.486794621728	29.5256855281158	21.6223795435007	21.9154156268785	29.1488063051641	23.9210614595537
fy_OG0001833	12.7075786039072	14.1058165053309	16.2043136992761	11.6964195469168	24.4610241772728	9.07062076500149
fz2_OG0003849_OG0	87.5391069347052	106.353834557021	69.2165255720218	53.6419243176456	122.009318845529	24.5190333557915
fz2_OG0003850_OG0	83.083702644086	95.3525347782927	58.4285292643746	55.8428978222579	112.142052744477	6.80498891886307
fz3_OG0007382	7.76978317294636	8.77015019895377	12.6138774970106	14.7008662873934	16.136510342124	5.29460069191012
fz4_OG0007980	20.4632382624914	16.493363587627	14.7106927256639	10.8748026880383	22.7666030572645	8.09684010875853
fzr_OG0007911	10.8196132514379	8.7509312150438	8.48853501153934	6.2957257845366	11.0145050195746	6.57226878903382
fzr2_OG0006849	1.4992350031034	1.67013900615115	1.48306987255251	1.76360268073336	2.78428895083419	2.10033851089943
fzy_OG0009393	60.7553341916176	53.2772867315237	36.3297530762754	45.743742296804	65.3080748035035	38.3794658912681
g_OG0008257	13.657988420931	14.948073767231	12.8660447881732	13.441409834296	19.0520599519989	12.5994587946881
G6P_OG0008938	2.1554108501148	1.8908268826633	2.1388709265791	2.21206499857126	2.56954221403871	1.34153851983881
G9a_OG0007851	11.1680517747289	14.912161505447	12.4953516489858	12.6640463467965	21.3075216901109	13.0533610678806
GAA1_OG0008419	33.2252216722766	42.9288997097916	43.0136756343115	29.3390322387989	47.7148086932578	37.5868244474718
Gabat_OG0010171	30.7233173090857	33.6082807372957	63.6877550193964	76.3183450140212	56.0714641058026	57.4348303385846
GABPI_OG0008913	33.5019768236185	27.3921324658921	29.4841285462127	22.4310629256513	33.1723426618224	25.783197743731
Gad1_OG0010504	1.30226012003421	1.83798929381376	3.96474603675122	4.31626444664893	3.74535327770811	2.13587789505851
Gadd45_OG0006763	25.1522050724354	27.5786243604394	25.0577879294439	49.6135854670508	66.007098898633	14.6985824564582
Gal_OG0000293_OG0	12.8467322446745	11.7156473242304	16.7237493839513	18.2371954103191	11.6558076973769	14.5643227696228
Gale_OG0011358	75.0687812915778	123.065403567563	106.686057992819	54.822738184362	79.6813619606565	66.0092192799721
galectin_OG0003347	17.3568463435924	22.7789354973754	17.0833965576669	10.6266138674186	15.3666170040929	26.6703280026996
galene_OG0011320	1.86204235643785	6.1006371244889	4.02479256977281	6.80461514343598	2.28749217427226	1.75937407485395
Galk_OG0004108	18.1396225022261	29.2299057336914	29.9480769392857	26.6266126130179	30.8915557540984	27.7393448376721
galla-1_OG0006240	17.5581620788219	33.8633187684115	16.792852772033	38.5278301347867	26.3275483146977	17.0167096347094
galla-2_OG0010931	39.2979366738984	41.1894644130044	33.3373442552487	37.6136991376298	37.9507113539888	44.8714132624213
Galphai_OG0010285	18.8214409094831	21.9656577558795	12.4000778717668	15.3961033822936	26.2203422368138	11.0948654611516
Galphao_OG0002827	3.54979281679297	3.08236270590498	5.70147126232974	5.65883687698691	5.51615918460068	3.75772676336326
Galphao_OG0002829	7.2042985007416	15.3692983490747	17.5831638290357	16.8890381503434	15.7837794441067	15.1538396285055
Galphas_OG0013109	88.7170803340825	85.3404188105653	80.0319064625569	94.2026915650579	110.695057080777	68.1695954224345
Galt_OG0009617	21.346722790525	24.7065660554027	17.1342351947817	29.7235325824504	11.3387767068071	8.44275019327521
GalT1_OG0002929	22.7753526297825	22.1774117516317	17.6791762598168	12.6673335554108	13.8037276407918	12.4342231840166
gammaCOP_OG0005808	80.8241081595388	84.0595625622746	75.6423997075219	68.6899454139445	91.2993098538645	72.0018519995561
gammaSnap1_OG0012949	15.2755781820392	18.2059195789337	17.2019371883825	18.171276314292	22.3576409884814	24.8173059643676
gammaSnap2_OG0011457	1.62256579986781	1.26537924516151	1.87011702430815	1.58814708504743	1.98004891425557	1.4978751737544
GAPcenA_OG0011176	17.6723214585483	22.5890050695049	18.8399099570133	17.8901522040814	30.4361164275885	19.2962899037616
Gapdh2_OG0000209_OG0	2996.52958833648	3254.70824988417	4627.243899848	3834.18011789342	1940.67131508592	4701.48452370824
Gapdh2_OG0000209_OG1	2946.33422680097	3834.96297318238	4125.75003429862	3472.672242819	1847.15955458993	3103.36642824304
GAPsec_OG0011194	21.4493931329046	20.7875180918289	14.5464856383797	15.0662652930218	25.6202309166193	30.4529120368938
Gapvd1_OG0008001	17.8812795549978	13.2893126230027	13.4933421849049	15.3642085890318	26.3205158023481	18.9921155617908
Gart_OG0009631	17.8656720199299	26.9919855492959	17.8014072970501	20.47359888293	14.4545845841525	16.4535304367074
garz_OG0006191	28.901105408456	31.1385727692255	30.0413886471732	20.6206543035925	30.5941105965138	22.2205404941147
Gasp_OG0004259	73.3816562764604	83.4528915027056	63.4170766881693	77.6343745437119	94.637776401995	99.9688108442508
Gasz_OG0007169	16.7663990871056	11.3749140765092	23.4915210849135	19.5066156168001	21.9246306544531	15.9008630497423
GatA_OG0004472	7.21439049658045	8.92978238490041	6.8376264629456	7.32411849711539	11.0517193319016	5.87142310232714
GATAd_OG0011800_OG0	14.7258087769114	13.2525199365923	27.2291046959437	9.03834836671672	14.1412803251753	6.51113901106116
GatB_OG0005317	5.95244456729675	16.1489572998352	10.1527471638855	8.47854121975156	7.63923514111019	7.84087092008598
GatC_OG0001243	14.1340139907991	23.7415288538228	20.2426677596714	25.170327682343	22.5112737292562	16.7023766104362
gb_OG0002611	6.71377131896396	13.1332461545398	16.1911721389516	12.4284345199688	19.3571489035383	8.71922898667682
gbb_OG0006951	127.317149141666	113.897113536484	107.117909788678	116.927276787599	193.102919326548	123.199108046352
Gbeta13F_OG0008154	394.897783187698	434.422855552813	343.070234393869	357.23828531457	449.960962681842	399.7101199535
Gbeta5_OG0008300	7.66998696298887	5.60184409620217	10.0590632141425	12.9949152176302	12.6891627615116	13.3388685271028
Gbeta76C_OG0009884	6.08785518173528	2.1133933560257	4.15076094805593	4.33797099067016	4.08793176087372	8.10327968190228
Gbp1_OG0002706	2.96635983104446	7.16197871551008	5.16894113565591	13.6780987516929	19.4554384711682	5.8372319074486
Gbp2_OG0002705_OG0	15.4682600738315	41.0888154642044	48.8356130477671	70.1548388866602	29.327833657995	30.8602867040304
Gbp3_OG0004689	49.6403525763864	111.962849513064	83.5401776866642	109.818427762316	75.8278276772505	77.6181143909968
Gbs-70E_OG0002039	6.89548767431925	6.71546497932461	8.22282198196249	8.80914823830842	8.20798736244586	8.66177013585882
Gbs-76A_OG0003838_OG0	99.6698419790061	67.9135640835962	131.68378601842	99.1140600424275	86.91695640052	25.4610477075912
GC_OG0011280	1.61960238482061	3.36017874477206	3.50518878194292	3.59955101728678	5.44675546084387	2.73506675658043
GC1_OG0002417	33.9225036303752	26.8888042114631	41.0214908414575	39.5868569549324	27.5943004211579	38.258730525868
GCC185_OG0001439_OG0	17.5622689607041	17.9917403989426	15.4834102761389	14.2844727797327	22.0517559198174	22.3090487351228
GCC88_OG0005454	21.0402528906316	26.4999032985536	17.795471200775	21.4481735506299	26.7617062788952	31.6522599244486
gce_OG0008340	5.03604322600868	6.30878071909012	5.04708241972401	5.58230411976432	7.3032687912912	4.85400742030015
GckIII_OG0002555_OG0	40.3958878986379	42.5504148421704	38.6777506715163	39.736579466833	11.2775405456201	50.2850961391214
gcl_OG0000506_OG0	22.8949659966192	17.4772801490568	17.6185630008801	16.7331385391744	26.6096419063388	21.7048377482286
Gclc_OG0008288	44.1342240761037	29.294804498325	31.8806838050691	34.576715270584	33.7109457658801	39.3349239612409
Gclm_OG0004712	64.6655218292377	46.0661261797391	31.9968653233681	63.7801079628776	55.3737562083274	46.2267483426749
gcm_OG0009275	1.07665541918174	1.71966110566953	2.42971241608114	2.27794666371085	5.24193700353795	3.46879505940527
Gcn2_OG0002656	13.4755955834148	21.2533197451685	10.9638068884906	14.4265588135229	22.4639730536027	10.494294740844
Gcn5_OG0009945	40.7828259376403	31.738903162832	39.0349071294529	29.0461109948034	43.491493191343	43.5265566143014
Gcna_OG0007645	10.4424459151347	18.0317932938661	8.09713382371676	13.1401653044005	20.7489752287134	9.6215226826836
GCS1_OG0007998	31.543467389964	27.9565228473605	33.0105158541517	28.7707815729306	38.1994365278906	26.7743554482369
GCS2alpha_OG0008691	148.245685355542	210.224097204946	164.986662788175	155.408058741368	219.875950139303	145.236797541604
GCS2beta_OG0003690	111.882139140546	144.498564424135	100.867091410095	119.92072887249	158.79812213972	92.1300591203664
Gdap2_OG0002868	7.80553183113664	11.0530715108716	7.89572236286068	8.75234863076612	11.5765829011779	7.63558106026937
Gdap2_OG0002869	31.2859283678101	44.2906849009057	16.0148984236482	28.9112847415443	56.6812767759407	19.8729300278175
Gdh_OG0005337	184.264893557126	160.918902093027	274.790754809848	245.997028846868	161.282544550118	374.739647730488
Gdi_OG0009283	199.501519095745	233.266180416846	172.112847802175	195.350360168349	301.130578594348	201.990141264789
gdl_OG0009972	10.8433543711421	6.98922243808574	6.85048262223118	6.07195376543512	8.68171747659021	7.70206584120214
Ge-1_OG0009671	39.5812003392987	55.7853991288024	42.1942437357734	37.6020739792095	62.7271499229509	38.5618990919602
gek_OG0006875	25.2533798290659	28.222786370123	22.7791719917093	24.8101978889761	39.0544711747966	27.5844203685423
geko_OG0010129	4.62184195190804	7.09296615479179	5.24455898564807	4.10386894305693	9.84382399410146	2.97876464291382
Gel_OG0000399	321.445152457394	178.701625513935	108.381214199231	185.478329532569	219.568324250297	48.9642636200518
gem_OG0006300	27.0730259036713	29.1071061131378	36.5895083460494	25.3883432812704	39.0850268965353	37.5879180037857
Gem2_OG0003852_OG0	22.1947426754362	21.1812063872089	22.7305253115392	16.6016107717991	21.7845601672389	4.42375908209457
Gem3_OG0004060	15.8536750588682	12.8871730013973	12.1414014375754	8.25615291841876	14.4983760849469	11.296592377973
geminin_OG0002984_OG0	117.641198513553	156.641904438597	118.148509227084	128.141214147094	124.859205424206	106.948126963113
Gen_OG0010595	3.78401878778264	9.11037519863887	3.94101407538913	5.57326649286047	6.70808057854363	8.34440779014893
Gfat2_OG0001678_OG0	95.3887421226325	173.097625557771	92.9753633308325	132.33073280801	164.309319744887	46.9767057923255
Gfrl_OG0001433_OG0	4.72464951331721	14.6191562553024	19.083309423013	20.7140735801311	9.35147901485661	3.09827058540886
gfzf_OG0004325	27.1474575681356	31.0117530749565	36.4451344051709	30.0725597293724	32.4440061364784	30.3626743978041
Gga_OG0007562	41.2806653283197	37.0188042924492	30.5414735196198	35.868940110137	48.268519584523	21.0599512821107
Ggamma30A_OG0011959	91.1021211435813	89.3429240047329	112.28828740255	152.727799291351	195.734573973231	185.247290159429
Ggt-1_OG0001779	9.89850026370402	4.66694216027029	5.83836259535096	9.23693144211974	5.07748065395342	3.14062670858714
ghi_OG0011019	54.5372303255013	43.3945870245262	30.3247107654983	36.9566960789875	46.9243661446398	30.8488593960101
gig_OG0010181	20.0731056584518	22.3645676836369	16.4612199063208	16.6318954795218	26.3852570558851	24.7763358198045
gig_OG0011857	8.20427094244858	10.5848259483554	10.0829133139823	7.603076708368	15.0827913437035	16.8269088763005
GIIIspla2_OG0008303	43.8438615708126	34.158573293918	42.5045126185506	42.4888155397789	40.1208932890788	23.447241900378
GILT1_OG0002187_OG0	232.481123561521	189.747849335874	184.848293222873	179.106199052601	246.88222262414	67.2369256310631
GILT3_OG0005511	22.7174395122539	54.5617363376572	5.26713608326883	33.476631547438	54.123908235523	25.1753071626274
Gint3_OG0007235	61.2269240763817	67.5834401943399	51.0689554998937	62.6247394437259	93.8795875642642	57.7021494740294
Gip_OG0008066	53.7727855769193	69.4258439214449	72.7279481068521	112.049739773859	64.2001308693267	55.3763887431616
Girdin_OG0010650	12.6778318048649	21.1682134215776	14.4233216732238	12.5727491787216	24.4637642953836	17.3732933171104
Git_OG0002840	27.0614539255092	23.7158293145466	21.0702601413001	19.8650156256395	28.0850429560152	20.8948238333374
Gk1_OG0011386	12.9656895896787	13.534510157902	20.4322565034999	20.6973086026043	19.2318123212402	17.9540061649213
Gk2_OG0011031	27.8385713052532	30.3163839970343	18.5249742301841	27.1828539774717	39.2900334339491	30.0182236157101
gl_OG0002462_OG0	9.16918761763032	9.42365367033104	6.96536381445277	4.67865267551397	11.7870903075151	2.69154396434999
GlcAT-I_OG0001177_OG0	36.4225306455193	26.3008671591454	45.7762212180913	28.4827911457951	51.1682955142947	22.7843659805217
GlcAT-S_OG0003613	5.13645598529768	4.2305428921966	5.05918133137249	4.68022933514748	3.3631407421065	5.29477046175827
GlcT_OG0005933	13.5098864206565	15.0550336596633	11.2946183328928	13.7241858252081	22.1739526612982	15.2357745163409
Gld_OG0004340	71.089737498892	83.4965697709909	85.6110152616823	71.2533964257291	40.1712882302319	31.8663268550746
Gle1_OG0001663	9.89275654394941	16.6738372549196	9.40082621082489	10.9277980624388	12.6385668597232	16.291013268832
glec_OG0002309	6.62557608772031	11.3354912257801	7.38916174160468	5.90480353337838	19.8586650659925	6.92191174961834
Glg1_OG0009878	51.7195693950524	60.8628629512479	57.6173353391976	45.3871842010359	72.2610409358474	49.226315133896
Gli_OG0009151	64.4382280677992	57.3088754447539	59.2482220550696	37.3747557044273	84.4587712198149	37.8965550029895
GlnRS_OG0005165	79.2333388438542	72.4364768283583	59.7222538671489	67.265752671441	84.748780964046	69.5864245950203
glo_OG0005586	112.90266820466	159.103540154258	101.106912095387	129.778452708497	208.911598501055	135.446583311598
Glo1_OG0006756	97.675938262981	67.1405602007321	62.7623335681024	113.045807836568	128.846450273502	57.9893765810286
glob1_OG0005220	38.2151091861838	59.2841475976138	72.45785360604	37.1788547567855	44.3894601689192	73.3078026157642
GLS_OG0007212	3.96072829393522	3.27835807400455	6.85850233628545	6.80269500836975	4.70087631211308	4.89280023737338
Glt_OG0009811	50.3881207526103	96.6083052093819	84.0237827296226	109.227266028739	78.2962034131843	39.5818312281599
glu_OG0001232	34.3621341754887	35.9277378915277	29.1332400510326	28.8472382580889	47.4857564624057	34.3123825007769
GluProRS_OG0005335	79.8197160714299	75.2080692752499	66.966067506219	77.8121020180142	99.1058174068485	83.6825087710059
GluRIIA_OG0003732	17.8206099052968	10.8552840680803	5.4512613366934	10.1511748720012	10.2984182736503	5.39064270497096
GluRIIC_OG0003382	20.0064878322224	20.3986919673451	16.5653033635159	23.3080486504163	17.189511861223	12.8337825605827
GluRIIE_OG0000190_OG0	18.3271033583067	17.7609041586179	9.68139517387479	13.9297244866556	8.89678109152102	18.4077968976151
GluRIIE_OG0000190_OG1	4.89214349272928	13.3237950514703	7.5152134589989	8.08381311272985	5.19031492832979	9.22333770789856
GluRS-m_OG0001315	4.46974090266226	4.87279416131311	4.3741427863065	5.79806442032894	5.67247474455844	4.26569296926927
Glut1-PP_OG0004125	2.50141298702708	5.86361366468189	2.84721175243421	3.80626941369973	7.30030660691487	1.81051618808641
Glut4EF_OG0004575	12.2195724568192	18.1076918932766	18.919775047274	17.5210217918568	39.4960117950085	19.0770638030149
Glut4EF_OG0004576	21.4274256833027	38.1385000177829	28.5993734473317	27.4208641190439	45.6544535138425	27.1693194689029
GlyP_OG0009078	409.494034195196	437.866991564265	588.80951592409	619.699779280116	348.269362345016	429.163678698786
GlyS_OG0002260	89.0347344225469	108.121083526481	162.64758601448	108.896981975639	75.329355995587	150.297068776518
GM130_OG0001542	49.8461880456529	42.6592974192446	50.0724793380643	46.2220742719542	52.7867502704088	42.0508117839854
Gmap_OG0008322	8.13692836385506	5.49131910687245	6.95208988928058	4.22500752685608	5.81518784847741	5.00924455654563
Gmd_OG0003423	40.5436834889795	46.1095352050087	37.0976211372585	34.1627463957953	50.1821246384595	27.5229944880439
Gmer_OG0006971	24.7632012109175	21.2022658205475	20.4956423668359	21.8073086200754	26.5902475463824	31.8624746689622
GMF_OG0009395	27.0833544649623	30.0088573905032	26.7522939386368	30.3750642239843	45.1217192126235	23.453312293976
GNBP1_OG0010140	73.370171911402	30.6165596446599	30.4362235808666	30.2326217444682	53.3066298171161	34.4223736171029
GNBP2_OG0010139	7.76044263978824	2.95960312797978	2.7844249388282	11.65846643783	1.98457346281177	19.377328924385
GNBP3_OG0011217	130.915356876705	146.7078215923	143.065961701677	154.252963130335	217.476268493961	226.601046459828
Gnf1_OG0004158	26.6819020147222	38.0990870557208	24.0830568567139	34.7160718222928	53.6060954888343	24.6384558455907
Gnmt_OG0002151	5.68729607100301	45.1921583600301	38.0618438381967	66.5217672022206	15.0528564329568	38.7706022471077
Gnpat_OG0005146	8.50805605860438	7.01546043976421	7.16253682575821	7.63231219119049	8.85328108758594	4.85567916540774
Gnpnat_OG0002623	66.2898428083089	72.302519515741	77.9987906203058	58.3099014007416	86.8674675557839	47.8170492025988
goe_OG0008542	24.8446031247789	23.9294205262946	19.3782902676527	13.2917604268407	36.6949426338085	17.7005901377001
goe_OG0011733	37.0177133231347	27.9771118448201	22.3369231146915	16.9389195370174	49.4329297910308	24.3571878021876
gogo_OG0010192	2.65190958400733	2.43606136849469	3.01280367786882	3.32578986782524	9.2004553316074	2.20899258308483
gol_OG0005849	2.87365358300453	1.10368698056446	2.20935113177353	2.99450088058823	6.04405058632734	2.52109918498719
Golgin104_OG0010753	10.6813333020019	9.54856295204214	9.10726798294842	10.2220223608767	12.7793931172234	10.495650532534
Golgin245_OG0001113_OG0	25.9976520395365	30.6635274309664	25.791467091856	24.9314928435183	34.494223264711	28.2949932382135
Golgin84_OG0005283	25.9684348795262	23.0892366324836	16.579997668458	16.7763170753034	23.805400140199	18.5873721331352
Gorab_OG0010926	25.6559526882668	28.8347988487812	22.069633827765	21.2012479516476	33.0356753573216	19.9369354121247
Gos28_OG0005032	15.7499879736693	22.7225155011337	17.1097812841525	19.1420557080556	23.5127957334218	17.7662753608287
Got1_OG0006513	78.8752936201514	156.98438091979	125.196696461703	95.0595773608295	98.9673336804611	186.490056207436
Got2_OG0009071	166.822482746997	220.004686896715	232.77762376425	174.35303920668	104.874248674649	187.459380292025
Gp150_OG0007034	309.464631517432	306.882252714439	325.967252744782	241.479941176471	455.950097238174	334.422252309885
Gp93_OG0005414	355.582566510145	406.899380998997	418.583857688327	311.387941459273	409.847850056835	257.096318788202
Gpat4_OG0011635	23.0148585949006	28.4026616887208	20.1066769462902	39.6518123932129	26.1677859864011	16.2019357066729
Gpdh1_OG0002697	33.6139954089073	87.667275599964	70.8583143172582	69.818862596206	41.5764058476511	30.2045231227005
Gpdh3_OG0001407_OG0	7.01660383246285	10.5924499078773	2.47147597230632	4.09206300977579	9.50486007888902	3.44070173332389
GPHR_OG0006937	16.8801735183295	17.4037378312924	11.6725185230246	12.6006677348296	18.8090514229269	10.9186865998049
Gpo1_OG0006807	53.8647751093405	86.9404981607047	111.653970172931	117.212454531823	55.1144691901648	45.5113909518242
gpp_OG0004298	15.38525707423	21.2403852624934	18.2207707328539	14.1410275595536	32.6187607813703	19.6487723565609
Gprk2_OG0005803	3.1848231171058	3.43012577411782	2.74771742923581	3.20807081655783	4.96894206827166	10.0029457258914
gprs_OG0006415	1.33247023375691	2.76257539732721	5.11575300363052	3.51935088937582	4.16225087914343	3.29931938176965
Graf_OG0012122	15.9023477735	15.7940565330209	13.7263331162829	15.339560100474	23.1779813678696	17.4116820746155
GramD1B_OG0008896	4.24947656751907	5.34747801507394	8.13493105866494	4.69284636586839	7.41625509966098	4.02599820154582
Grasp65_OG0010580	83.1395779345706	99.6126594260914	84.4861701884394	73.046428771083	95.8722614502264	74.1043609226143
grass_OG0005616	33.6310243714725	28.6309654316529	21.8919155157694	47.4093689697471	40.0704937758138	30.0233740050984
grau_OG0006264	17.8708287539359	19.2363476316026	12.5000347966619	19.1588383674577	25.8857578389235	16.4514503405333
grh_OG0011579	5.96640131254068	9.62586165940545	6.35190748113084	5.31144303419707	11.0167309158636	7.66595884735778
grim_OG0010132	2.03216913069037	2.32672748937643	4.83725778476206	5.30415410844576	7.10644892727706	2.34032161347318
Grip128_OG0008324	11.1351623467758	12.3691725750473	7.77099048752283	12.1735773849981	17.5471177849958	10.1177109603564
Grip163_OG0010813	8.37119326986171	8.38145979022278	6.31066852945296	6.27448039057436	9.89547075121633	5.28229984600673
Grip71_OG0009523	18.9112175078146	15.6685293002861	13.8876508860959	11.6793752010065	10.7770040095744	6.87203541539408
Grip75_OG0003643	11.2707476692448	16.5463665160263	11.0482571771604	11.7110068177503	20.0424312844887	12.3392794386382
Grip84_OG0007438	18.9087163436378	16.4082074657094	13.5733332503438	15.3156306663342	26.6866326766901	19.8477057963973
Grip91_OG0001190_OG0	16.9578847556357	12.3714355137056	9.52985122284905	12.2041093502918	18.7925899545651	14.4277243533199
Grip91_OG0011717	42.2911396539065	31.8975306845851	23.0115896620403	30.8217783921218	45.2954769446795	27.465720887631
grk_OG0001227	21.2524863908084	18.9155605618058	15.2986354669752	24.1791396694013	17.6246522136287	16.2476781946741
grn_OG0001046_OG0	1.94071723623401	2.24015159169023	1.20878144361922	1.34076805537141	3.22256928992882	1.16016949186386
grnd_OG0003700_OG0	54.8277055532096	43.4620291257489	29.3021133282187	34.0453082954433	66.5760024027857	26.8388219774214
gro_OG0005662	57.0797539406459	64.3245820995216	43.5775585150916	59.1050318484738	81.4850641288356	45.4938591969904
grp_OG0008868	18.2256473025032	28.118218807346	10.5869251701719	14.4943981190056	25.2564384530383	13.2195442327916
grsm_OG0005020	36.5360550044412	33.3360390491359	22.9285646247569	32.2315930305904	40.654826616327	20.1738617316984
Grx1_OG0001973	65.4712129861706	80.9056079401109	55.5983913760309	95.3965088421927	71.5343767707228	117.107028700427
gry_OG0010654	18.4916940129665	20.0726884787221	20.4977987852203	16.3519941931052	23.4540652508058	20.7240201306379
gry_OG0010655	30.5315471231866	31.9975534072969	26.3966776673733	26.4790471132498	30.8406607349757	23.3565544677548
Gs1_OG0001791	331.429718940618	365.532229298609	159.593491536863	230.851266102088	454.525185139833	345.449218639377
Gs1l_OG0008995	21.4421712834722	43.7689428327122	43.3156326078411	48.504699712498	40.900849287936	50.8750397093367
Gs2_OG0007892	204.074531168257	217.451206319258	58.5012494036857	125.866160406664	184.898954666885	72.838719245254
gsb_OG0005850	1.9991810093631	3.18475663706956	1.54584603568361	1.20828291134099	2.41084615115541	2.21722594861712
GstD1_OG0000728_OG0	1975.10160502197	3056.80366156305	402.562760399519	826.088267686645	1097.27564874045	1817.3493365547
GstD10_OG0001363_OG0	5.3295359802158	17.9744788168986	17.0053585806353	12.1247799536841	8.51364133581217	39.0945248648586
GstD3_OG0000718	77.8947449337668	91.3299429437031	108.441657214866	125.812248112307	90.9298992454701	271.461339841993
GstD8_OG0004419	30.1233698337823	10.1583537198778	14.7247261966622	9.43742547681114	9.68589444139674	8.9187264335294
GstE1_OG0000159_OG1	202.218004225663	96.2347238391613	38.7391607739801	40.5238750014038	63.373676097242	65.0201511372121
GstE11_OG0001626	77.0476822404943	75.4839409910226	113.360963571527	70.4630122496022	15.351171252554	120.147992611339
GstE12_OG0006046	215.938091778963	272.563538560211	246.192493788113	378.786499473729	423.520202580826	103.687471009921
GstE13_OG0006391	26.8785775065534	56.0093767663442	35.2195240255928	68.0468567578537	51.3369460588576	23.7535221204569
GstE14_OG0007251	4.90999296038761	1.71635724077929	3.13970877465681	2.55451806564356	1.02842694821788	5.52625071344124
GstE3_OG0000770_OG0	4.31951344575479	29.290387161448	8.79032767372677	30.3854643058583	22.938869416066	132.913437131995
GstE4_OG0006694	2.76849500992637	3.23476590023196	5.61286421635577	3.47084655104303	1.96034302198893	2.87243452026249
GstE9_OG0001624	10.8550873926421	8.59374210437522	3.76570061351517	16.8593793426158	9.58183663400058	8.60105801271588
GstO1_OG0011185	23.2255207734578	24.0112131594269	14.5680889520557	16.4997867369278	14.6385512115894	49.4549861001416
GstO2_OG0002052	124.053844255419	87.4488479614159	78.7110292541107	78.5904799542603	69.8593413857183	79.8720651717346
GstO3_OG0001327	36.9984149213134	134.12476183299	59.1529028094642	105.671849609079	71.4959158011062	96.7274832464443
GstS1_OG0002708	72.1335531196022	232.962890667906	280.940807380946	249.535119740827	260.491240990021	264.937181277838
GstT1_OG0006351	36.5066062874773	82.7276775441949	44.2701645555569	52.2171858062568	58.3098947805508	48.4772621834092
GstT2_OG0006350	34.103829570259	21.1000181256325	22.6241410305091	15.395099042936	25.8986784844901	12.1496014215238
GstT4_OG0008642	17.86999616968	12.0626584191925	17.5157810642765	18.6105858899785	21.1730045839618	28.5871410916805
GstZ2_OG0004880	7.67260265643899	17.4204330144182	36.7699735437736	35.6941476139624	31.5974916599808	17.5997448185138
gt_OG0003142_OG0	11.4445785969394	1.03723652070966	8.2061481251138	4.88606909928985	15.2415831599355	6.38448911243193
Gug_OG0011180	25.9788880306008	34.6370665476328	34.0715055003248	27.3021098454773	51.6697023157163	40.9121300533609
gukh_OG0002158	3.81211409969225	4.93185843535327	3.77640537590859	3.41711124401604	16.7540416406139	4.18251884918831
GV1_OG0011045	17.4944313563383	21.6040788175904	20.657392509693	13.4897684841683	21.592402862743	15.1552081947407
gw_OG0002680	28.2096926611639	88.7953303944731	29.3718961091192	55.9600329689526	89.5696022993107	44.5934705193896
gwl_OG0004458	10.5479597428294	9.84459389984024	11.1478646820809	11.4421201033026	18.031683813751	12.6033629956983
GXIVsPLA2_OG0009994	19.901781710989	21.6419138739878	21.5575896075749	13.9406182758701	18.0177530935136	21.4790850253076
Gycalpha99B_OG0005122	4.24796207924711	6.10049409653622	8.7238062691228	9.85477909176217	8.99649166498567	6.97110292713819
Gyf_OG0005824_OG0	48.6017792834443	26.3168183385785	20.1226383538258	28.785889769225	44.0743042870022	9.56561114109332
Gyg_OG0006933	51.3978323335286	67.7855974734403	73.9310134582683	78.1196753686419	47.5723560106199	53.8873000525063
gzl_OG0004296	32.1067945419328	43.2921596911234	31.1026474921717	35.7039414337116	59.0379127416919	34.9760199822402
Gγ1_OG0007118	452.802870229576	139.939086791572	573.449394018923	561.254864427664	735.01188825877	85.6630910373481
H_OG0004936	24.0193523140562	24.8734760905472	22.0287055747692	19.3820284083474	35.3555805215852	22.4001855004906
h_OG0011197	68.4233782839822	64.7093017198375	61.3898049123686	49.422812176081	107.932465960247	90.1834571261071
H15_OG0008827	1.62860844488621	3.08387883106034	1.05330221830122	1.42115023603593	3.77342093102854	1.05485849766346
Hacd1_OG0009711	60.9357178295151	74.3294275537096	47.3293352791463	75.4404727037787	59.516796742261	63.3033020566514
Hacd2_OG0009206	36.2703829269602	28.5193373111368	32.3979488356688	28.0566908790831	38.5013452183054	21.2870871163482
Hacl_OG0007077	60.5023252117847	59.6024739364022	47.2747638520151	54.7037571151254	64.9773267274351	49.123131027822
Had1_OG0001738	73.6408083011445	133.002445276974	35.03357175729	62.6639793384931	126.014071711237	114.735845658507
Had2_OG0006150	34.6530653627852	51.8479504837403	76.8117824180212	110.609057778929	19.1581676280969	103.504260209797
haf_OG0009046	30.5035476572924	17.8382074540608	20.3325774173096	15.5534687325327	21.1812095925685	16.8375793826044
Hakai_OG0009101	23.7619004200826	29.1180590165351	25.2132072937295	25.6869205417267	37.5635994245976	23.0351516967496
hang_OG0000693	16.4788962551598	27.1853581678308	24.4388215066803	17.1773214914498	34.224576788007	27.6974824523677
Hao_OG0000891_OG0	2.38253797723322	9.41417509716714	4.57540042818522	18.9030965414895	7.76963236619357	5.17325040253372
Hasp_OG0003573	2.38554941827217	3.03083635620787	7.10458788822508	10.2719922719211	9.11014387268414	3.01338885209196
Hat1_OG0004241	50.963575650383	54.3122083509716	41.1884362820932	48.1860704497773	72.539354590302	49.5941309216621
hay_OG0010949	22.5181681153226	22.7675513909704	16.126773304299	29.7308217646646	39.5498785340829	24.5737079439794
hbs_OG0006936	3.58378207125778	2.77152763882947	11.7028938046621	8.40811522763605	5.57579893531014	8.5629773434156
HBS1_OG0011052	38.1410396721739	41.1073600776043	30.4249988842234	36.1833856827259	40.6306959953471	31.0443265181798
hbt_OG0011789	1.87507321319962	5.3079139676171	2.1114780397894	3.60081691311211	2.71386734670481	5.83050474887405
hbt_OG0012148	5.20147252866777	7.78184340400733	11.3715441689441	6.00528172160334	8.14950140793594	11.5746290111936
Hcs_OG0004199	6.19538506990368	7.28012434929546	6.97676753138619	6.05620703830155	8.29306126222354	8.92292191889059
hd_OG0004185	13.4390988703436	9.08766049542547	9.99495584628539	10.6339579729588	10.9728437768728	10.024778763662
HDAC1_OG0010629	123.612632205255	141.08940778918	114.424373028533	140.89345279953	181.563977937066	108.557567368037
HDAC3_OG0004198	36.7195944395357	44.5103117217967	35.209814975	43.0731254361188	59.4591756392128	43.1449030958956
HDAC4_OG0008554	4.75291570605364	6.59149847737438	5.57571723386071	5.72673565623511	7.87156398580396	5.02706501088929
HDAC6_OG0008336	12.1719410697132	21.6768417851338	17.783144461607	23.0168648808472	29.6061770194285	13.7181619332246
hdc_OG0002642_OG0	50.6491716954055	111.423154526512	70.5907923825147	1.42503327248421	64.3704995095553	16.0931391788751
hdc_OG0002643_OG0	19.4878643017672	29.2552327602891	37.1431812380046	8.74682039819329	15.7039860377198	1.44168035844045
HEATR2_OG0005570	5.07594827379942	7.88110484534633	3.85516524079974	6.09836599898274	11.6391939076866	11.1452120774682
hebe_OG0006337	27.478997911297	25.5170287685816	21.358981895834	37.6750732791266	33.441397336126	44.7488386860677
heix_OG0009397	20.6803511119064	19.6655577748814	22.4763294340998	15.4108538467054	25.9462982310812	11.8958935371063
Hel25E_OG0001901	186.789776390819	169.804763851542	173.268426004636	166.861240372187	214.762469314416	169.362087727213
Hel89B_OG0001461	25.355736402893	31.1886392468437	22.0491632147656	21.1314836288729	34.288103299347	28.4339717416722
Hem_OG0009830	36.969833753061	40.9421084409474	31.7099764798177	32.776682848512	49.4978651455285	38.3658993638453
HemK1_OG0003741	19.479731404608	11.0964696911158	23.9392163790711	10.7432792402763	6.10264517515667	17.3244027550554
HemK2_OG0008946	35.7340404939028	39.8063712581143	27.2677483128861	30.987424140765	40.6831314048276	29.4443312674002
Hen1_OG0006596	2.87571729714811	3.60246429444624	1.67161624228005	4.50417672612666	7.06394892667156	1.55229987691386
hep_OG0008435	10.8500909606217	17.6571785384975	10.6537799431262	11.2986471120948	17.2865478872021	5.61926839114872
her_OG0001231	20.9491729478812	26.9095164149399	21.2011126562215	21.5958778088515	34.9957144673302	12.7793314360568
HERC2_OG0008072	14.4944041776853	13.940079265289	12.5880686298081	10.3967535380397	14.3411607383225	12.9339204805895
Herc4_OG0011310	46.7401662891587	43.2368478253639	19.5650395501723	28.1741159213422	43.9597354028338	31.6962650561773
Herp_OG0009307	25.1568928683389	28.3540609268447	23.7312656786184	21.1778610281552	27.9733996077313	21.7602181431932
Hers_OG0008493	12.1348118891569	16.3736594770516	15.1287666856271	14.4045197999955	23.5423225313341	16.0625503623946
Hers_OG0008494	7.14107925686018	3.42563353380208	4.0786186585321	3.34764794615707	11.2579174649052	11.2085193288735
Hex-A_OG0007563	194.195519220344	145.954737563555	125.472078061462	127.48868072059	118.288315096492	135.921618611428
Hexim_OG0002588_OG0	29.2964381144674	33.7264725661215	19.7877646964617	24.4350818434634	33.7856062576272	9.59483909159342
Hexo1_OG0010540	81.9760589108312	113.275721780549	149.400493015714	100.410187567449	154.999100427194	187.173681840073
Hexo2_OG0007760	14.3911242279273	14.870570149801	9.31033248278303	24.4293733738179	23.3745664989171	7.70421673478318
Hf_OG0009119	12.3336782457066	18.3559738802786	20.7323808882638	16.6114042166744	11.763299056417	24.4674944767572
hfp_OG0004114	50.5234477964119	53.3425263235367	37.228466470639	45.1799328426186	77.8239798672846	46.7025465261004
hfw_OG0007656	42.4789321134257	33.0336527122679	28.5892401370739	28.9664862210578	25.855753626928	27.1164601563302
hgo_OG0009680	6.51588715864872	2.79244436548214	24.6579731155572	14.9146940286991	4.54783191165318	17.5887980456101
hh_OG0004672	3.6795599702462	3.64999164166765	2.08727028195089	1.62805761352879	3.48516286427704	2.59476215878028
hid_OG0010130	1.36008297353398	2.94304014510836	1.24392514767453	1.22434163984407	3.85444467327174	1.16985799719546
hig_OG0006380	1.09735251353395	1.77568147725191	4.91002476625874	3.59666374574865	5.47031250263329	1.79548520804786
Hil_OG0007106	12.3253308027288	9.42831215041272	10.9106206130438	9.5471011262975	9.85138842117964	9.55060303092946
Him_OG0008644	1.26662484486525	2.70837718289134	1.10193104584158	1.47088273367971	5.33459111432103	2.26187826786025
HINT1_OG0008941	189.308596891975	272.055361220359	193.134597699602	254.505407024745	265.670609840861	169.412795964273
Hip1_OG0009932	11.5991894566685	11.8826174262836	8.60310749728428	12.4612442779476	15.317302130772	9.17615688085892
Hip14_OG0010005	17.2912905295348	24.9245692065403	19.2390342317632	20.5536612709725	28.8648164355136	20.2587156556538
HipHop_OG0000170_OG1	36.2854158023255	45.3086807854531	17.8900755919064	34.9450582943507	36.3632804504503	14.1398420088392
Hipk_OG0011363	20.7217668653865	34.552872789305	24.7181515504108	23.3594572397548	39.1080541243532	8.58314665929232
HIPP1_OG0010340	36.9806592010584	39.1842348657238	35.0081269645465	33.6892803750184	48.8435379999908	35.4911353013014
Hira_OG0003211	14.2065036119954	15.7667744131359	11.662973789109	12.4899862560565	21.0041805707437	15.2724368397565
His2A:CG33808_OG0001091_OG0	220.952188711296	242.385715102679	218.044237094313	214.286445528488	287.108385337235	191.700712663301
His3:CG33866_OG0000000_OG7	974.161684909986	380.511767468486	727.96832854926	311.704919059151	1349.52846206377	983.260015879952
HisRS_OG0008665	36.3166447222039	30.9613071034649	25.0844930971692	36.1735033649823	43.7821157700257	25.1779694456724
hiw_OG0001747	2.07577103108686	2.78648247932084	3.8095881847453	4.32228148427818	5.50535597783632	3.55321343255736
Hk_OG0007520	1.195791714613	2.5767648066261	6.03773302073552	2.64497346766015	1.32018361685445	1.41281409144934
Hk_OG0007521	5.90124908253859	9.55493188422362	13.0722393913041	11.2386700307403	4.62542097668916	4.53615248049112
Hlc_OG0001207	62.8676944835786	70.6259925749386	56.9128828744363	43.9522072486681	79.3324226408724	126.571092539621
hll_OG0000958	3.9489275818882	6.98131751815065	5.87715525039784	2.06738074002572	9.3623858854165	3.63629659855192
Hmg-2_OG0006278	19.5452952783582	13.5910936953428	21.6496018788561	17.1371004753147	20.2321495371845	15.6983717860348
Hmgcr_OG0005520	21.8186472519193	14.2947988816675	21.1056567707349	22.1494942161341	20.1424966041974	13.1515575972513
HmgD_OG0000418_OG0	1246.64483059919	1411.76148550307	1280.64290408973	1536.12177125785	2317.65652955512	2019.31134244333
Hmgs_OG0006482	50.8559955005049	63.4913047108887	45.8188172049827	88.2512269145559	71.9418133020558	58.1930772415103
HmgZ_OG0005954	674.084859043289	781.121719135297	611.640434782561	728.195090705081	957.132764342355	811.958486560515
Hml_OG0004054	5.25226576807533	13.6935757357238	6.11950124883987	10.5527855767357	10.3102632226735	12.3335715829889
Hmr_OG0001182	10.6199035644893	10.0727526594891	15.4446071363093	10.5243696168358	21.6767352958872	22.5783527633567
Hmt-1_OG0005223	27.4354208524966	29.8876914911691	24.749821617195	28.8387702660132	34.1489000180328	25.4707889001601
Hmt4-20_OG0007859	50.9974586825914	83.6792319963298	51.3901868833476	41.660129437355	85.016484099727	62.9656438309559
Hmu_OG0005364	312.919659492853	208.492161583232	230.014775914845	219.478058839839	332.941767726409	216.936101117977
Hmx_OG0004885	1.98487571445312	2.55074168238568	3.28200071723524	3.66767250488842	5.75651087354934	4.37492833718814
Hn_OG0010465	34.9126500145343	24.3329182588658	41.6715078319141	54.4446347057304	25.9317819607039	85.1082458121521
Hnf4_OG0003804	20.4055057565474	20.8642970866248	14.1200695654603	20.2769114625926	19.1416936824846	18.6524178505566
hng1_OG0006617	18.2658870167328	16.8904906096581	21.278330715006	17.9865381795054	22.7031399377045	22.5496370663489
hng2_OG0004842	17.9569345262665	17.5583548867745	13.4253741550824	14.637499680236	19.30850828173	10.8372677348189
hng3_OG0011349	12.5856016011945	29.7201771280629	6.95920727274163	18.1357264586362	43.3655427342875	30.4317490070037
HnRNP-K_OG0001659	22.3894809028717	31.5803615772997	20.4162975431566	27.0813686605126	40.9220143376916	16.3012746276139
Ho_OG0005599	159.263397518647	66.5209673470896	44.2899911703352	47.8484456635824	83.1028060660456	73.3700031361445
hob_OG0010656	8.4394939596766	12.8522752685218	9.30885895713143	8.8793869214456	15.5019637355715	14.0923618529051
hoe1_OG0008966	4.13282894776728	5.07051703616141	3.99409395669935	11.803326161026	7.39202758418341	2.4625122507798
hoe2_OG0008965	5.98524459704537	9.14662223230985	9.14403501760834	10.0125097996562	17.1239790715549	2.90028338831329
hoip_OG0009269	215.620225020882	212.899663190165	156.556917113109	205.757358133475	188.89897299891	215.207613652206
holn1_OG0001887_OG0	34.8714016363578	25.7676921918888	20.7505476384262	26.8279561212313	45.1969128286654	4.40553782299592
homer_OG0009626	18.4353296630236	28.1145461885229	17.1929556142242	30.3882451223968	32.7852843567404	22.9398382991181
hook_OG0003706	22.6169061079464	26.1659931653389	16.8061145318427	27.3038465411957	33.5403778297394	24.1060549389227
hop_OG0003195	13.4038662360198	17.4347239275857	19.2806735208302	15.8564887806507	26.4980394328815	13.4640651029944
Hou_OG0008670	83.4719015657797	82.4373869552952	50.5477516676474	67.2329948525456	89.9436437326201	78.0391905447648
how_OG0004771	5.71287342305609	5.90980647593733	4.77480649670944	4.18044845619954	6.13135509783542	5.69777700818729
HP1b_OG0000510_OG0	81.0083893124651	97.1496638531973	57.1107338390068	79.0394954913076	119.425941954902	87.5050342267931
HP1c_OG0004699	57.2233260966891	62.725441191844	42.6192714551903	50.3333693700468	84.5541255852368	48.7888368063693
HP4_OG0010685	106.128713411876	112.411584759812	107.606536636372	104.809604080058	144.251245987389	165.211813424324
HP5_OG0007889	28.9134974779259	30.9354358167329	32.2938765074324	26.951975687021	37.4521375684619	45.7036642564368
Hpd_OG0010363	10.3791654861734	31.2880451423833	51.6227253095619	52.1227845976523	9.10375006071091	54.352106618421
Hph_OG0004173	8.04020997721915	14.6489708628505	20.1576404251182	12.0220328540217	17.1899052329597	10.0628982343373
hpo_OG0007052	41.5216569093013	45.6508434537669	31.8349794745372	35.5212870110604	59.4324943807831	44.001201305763
hppy_OG0006637	1.27984809780081	1.76292028046906	1.39470826857109	1.31044166116991	1.99948677810548	1.43348472692191
Hpr1_OG0002104	21.6139946028434	21.2248192831182	26.1228374950078	19.277006656732	27.4790500030473	21.6069076404308
hpRNA:CR18854_OG0003611_OG0	4.98705473373907	5.02463759839641	6.09586114266365	5.48256353246553	2.66172356056691	5.5391149148401
HPS1_OG0006172	7.62825819087625	8.5890571967221	6.42786182360254	7.30236805287585	9.36973888180594	8.94364209637975
HPS4_OG0006070	8.43727001712131	11.6976811592782	11.4143659010037	8.13183989467321	14.4217887928757	8.83316308375668
Hr38_OG0009430	3.88094718558229	2.94235006217379	4.24727525603967	4.56251052042116	2.91392954458275	3.11040775462962
Hr39_OG0000971_OG0	13.3587499600799	21.6389043591963	3.15012693382867	13.2754076186934	37.3728295009625	17.658912986597
Hr78_OG0009879	61.7963102228279	72.0632893727755	46.4201117716388	40.4477973600473	59.8379544190857	32.3320500336303
Hr96_OG0005193	8.08585783971875	10.030804716497	7.93013744994506	8.20746210055313	10.92715534331	10.3135988517033
Hrb87F_OG0000222_OG0	110.858976222024	95.1182277578156	106.207361340502	92.6444654780304	131.151815815745	94.6562236180609
Hrb87F_OG0000222_OG1	150.017774690669	220.136951347463	127.937672438781	154.480188603915	305.684094462698	93.4999775435418
Hrd3_OG0005523	44.3590798289305	39.4868474114502	28.5674324118835	32.8721987979448	38.2599706184574	36.9022408161013
hrg_OG0007065	52.151966062586	65.2914798315131	48.7361302677746	55.2174455706806	98.0888363400288	50.3687524559402
hrm_OG0011939_OG0	7.10253591838028	6.39975868891457	17.8041409231129	4.44330868715078	11.6529472322966	17.4235913692441
Hrs_OG0001858	42.8079760783914	47.0693940773801	24.556974999514	37.1414622415446	67.8527304965878	33.8043078386963
Hs2st_OG0003461	17.7578699755362	25.8507269888081	17.676707695722	19.5755097721101	28.4406851937861	18.1685571858403
Hs6st_OG0004525	3.34600993908667	26.8285247487903	2.24879446378975	3.28664788910371	28.9844759199866	13.7045913657997
Hsc20_OG0010782	19.3132324575228	9.51819218307238	9.6861780195445	11.879494095945	11.3752254396371	10.7994093938801
Hsc70-3_OG0008375	836.586240100859	875.144254038329	781.038634581118	561.62899714517	729.009327717011	400.339187392298
Hsc70-5_OG0006523	98.8137416353141	107.375279352533	96.8089325492529	111.728444374095	102.269067657879	104.844581594584
Hsc70Cb_OG0010889	107.333776091867	105.429608686673	83.9620414898288	105.90941666359	115.517788242407	115.145558983684
Hsdl2_OG0005348	124.168773277863	85.121404719813	145.076013119122	100.555426778725	151.700977551751	150.766808707985
Hsf_OG0006103	25.5107120743298	27.120719613623	23.7841687744637	24.2421549683454	39.1874906583576	22.2443899479087
Hsl_OG0007080	35.6199205042273	50.4865644624505	20.3571031082555	21.1933639506652	36.2487168179561	15.327916499185
Hsp22_OG0011256	6.31228866468683	32.3784246034346	5.09829842403817	25.2972273710893	65.476735566932	7.65489108622784
Hsp23_OG0002057_OG0	287.593000239163	2469.89751022138	311.663407223568	667.595178105271	1752.84675867212	30.2638863371065
Hsp26_OG0011258	142.869821347782	679.933562270196	131.368623802417	132.409666698224	369.293891126716	28.0335932070977
Hsp27_OG0011260	970.436682999523	2015.84862987485	316.845717895457	1147.50281494861	2366.3314481818	313.963341236998
Hsp60A_OG0003221_OG0	233.883893816973	244.138286379703	264.869517721461	228.716268564228	224.941227391208	260.84036416491
Hsp67Ba_OG0011259	45.7059242477253	120.297912878854	41.7149281768672	75.0843690377251	166.843194000086	80.5486381731922
Hsp67Bc_OG0011254	6.07724006323396	21.3463598572347	9.35412865929986	29.2957138195262	51.6704812085353	5.16551316672167
Hsp68_OG0000009_OG2	76.8077849182594	89.8618401834774	56.889161588971	60.4310053442692	146.158851432682	59.2707004346664
Hsp68_OG0000009_OG5	4061.7511669664	4199.40583858501	3283.88785116503	3108.75306766064	3854.33795499729	2924.45600312507
Hsp83_OG0010652	1361.04552126944	1354.01143730686	978.34555697934	1040.00042772099	1533.81138805686	1013.45256121519
HSPBAP1_OG0005344	10.673330189143	5.01992576697538	5.68495025877783	7.5214646220586	7.48962014345666	8.27505902887709
HSPC300_OG0013474	16.9115841939294	22.4086209101458	9.61892563511753	13.6143480019308	21.2656169915696	10.3051600634407
htk_OG0003337_OG0	24.1804253141836	19.577730893585	17.5706586989952	16.094706869594	35.0706686220929	20.71326959581
htk_OG0008684	47.7561895287275	45.7599381427564	32.2646001897575	38.0032591963615	55.6461643797058	29.078813569899
htl_OG0005071	18.1731754778267	16.7012872220123	15.843114050024	13.4043987068711	25.1999041553708	16.9051366643902
HtrA2_OG0002580_OG0	15.4143007822263	9.91565297918276	8.46133540341498	8.2178441075214	10.1695967482425	5.61306814328102
hts_OG0003034	30.9216694360778	28.5170196874257	34.13049075565	33.4856857829012	36.3136442650733	37.3812327402397
Hug_OG0004431	1.82102685764451	1.57587100491348	6.08708552231171	6.97163034444415	4.18723723167235	3.47808674196539
hui_OG0006166	211.342665549563	240.026134836178	596.023524994645	412.784466491971	270.284500992307	379.691996931087
Hus1-like_OG0002084	7.83841631374041	6.60787397423996	7.15056095775607	4.83165723888594	12.7393079217868	5.87603987411649
HUWE1_OG0008516	34.6494419279805	37.7298384863077	41.7350670724378	33.2625090194923	47.4086961850016	47.9630135616848
hwt_OG0008465	1.22651511930375	1.55724643155772	3.23560721472469	2.1637797034382	3.75926311248736	2.51541601866476
hyd_OG0004554	22.1736195307423	40.9464667245274	32.2102809916045	25.8630116246322	39.1804285595561	47.2870540534991
Hydr1_OG0001133_OG0	13.4740549833835	14.1448889232727	14.509364671686	13.1079221273789	20.3243554643829	8.97744342613455
Hydr2_OG0008901	18.3655687188047	15.0937847322408	20.4183393278755	14.907681404887	18.6983394234215	11.9416187791572
Hyls1_OG0008857	17.8348705884099	47.0266591059935	15.0171347966166	28.5937381661622	33.7330089522291	30.6484237266826
hyx_OG0002340_OG0	42.1583641368868	44.5261950732204	36.9154977043047	36.9821550163982	52.7147619089999	1.26432097148822
hzg_OG0010006	5.29028960980817	7.08028387387886	6.38955245486636	5.56755064926782	7.97650700645343	7.62271801807496
I-2_OG0010978	30.6711667589687	29.5100634742094	25.396007485262	37.5668306755762	43.813519378747	31.2962446661824
Î´Try_OG0000050_OG1	133.023064339161	36.7382858311939	52.8855329425957	206.337136834261	955.166381331922	5.38614234010606
Î´Try_OG0000050_OG2	306.981095930337	81.2551464808803	443.488201538485	128.245205563813	1088.79827775567	12.8323827638923
Î±Tub84D_OG0000121_OG0	31.6889281479059	29.2664346865837	68.3395043778148	90.5359504837353	16.1480377192809	35.8602355282546
Î±Tub84D_OG0000121_OG1	202.488584087649	209.454245799668	205.651322595719	145.899560643109	258.408303113688	95.3889945699398
Î±Tub84D_OG0000121_OG2	4134.96244937479	3416.54025507227	2826.49151515567	3806.52520294298	3940.07085087867	3050.95322474573
Î²Tub56D_OG0000060_OG0	1.34839471662354	2.30327162558724	2.94595208613417	3.97721232950067	2.54673847225251	1.14262154266635
Î²Tub56D_OG0000060_OG1	30.1324654245693	55.1037509769205	26.7177699342144	35.1986433321858	56.1486650153279	24.2430419149825
Î²Tub56D_OG0000060_OG3	1504.61668121935	1436.14272153499	1266.01050387077	1351.67179854031	1598.58819277622	1648.35483580406
IA-2_OG0009012	8.70230907183765	14.3296537878345	33.1219586512481	12.0369999332986	24.5505151440631	6.78336105800149
Ibf1_OG0002345	41.4525515998042	37.3797907424952	33.7083186741849	32.7565266403045	40.4945137136528	21.1986207163865
Ibf2_OG0004868	40.3355726683168	44.6214251226486	26.5439015393646	36.4400829783862	52.5184314731781	38.7376622109198
ICA69_OG0010322	2.75654975192668	3.43156433078676	4.64376732396116	3.28896018866965	4.4064568515393	4.22739319512235
Ice1_OG0001112	8.84246094976221	11.6353992197715	7.00426168194563	12.2987015196441	16.2202592971104	7.75484998184604
Ice2_OG0004398	8.08159811136137	5.80663679847187	6.94594325099294	5.20275935288121	6.59316059767321	6.96789147917549
icln_OG0005873	74.1117903787157	63.9514171272749	47.1553219511446	67.3545838779583	92.8950263540112	69.3656703681829
ics_OG0009201	82.5642334632425	95.6480752111567	65.2476826392017	88.8212322171627	81.1677620171461	80.4512702255244
ida_OG0010483	10.3680747672342	11.6001275481159	6.71738559894891	9.18261359446633	13.8731970476924	9.62563737577979
Ide_OG0010377	34.1749831820337	39.4822995755884	34.2526604752766	32.7308341171867	37.6026300263883	45.2220706423344
Idgf1_OG0003534	46.4001736202757	43.6758355015982	29.6951596222358	29.8126514018457	43.7477710136273	19.6211080640965
Idgf2_OG0001852	44.8566105904237	39.9684538396265	49.4657894864555	56.7557355351225	51.4644778331354	52.0673999556876
Idgf3_OG0003535	278.598628791547	145.110104650186	188.637336613886	136.481530497418	152.846742155506	195.407299732354
Idgf4_OG0007545	142.774180155257	225.715664272549	175.458242367311	517.897211406676	212.022544614515	239.916737747986
Idgf5_OG0006690	4.40955393179646	15.1883127884856	11.1622478931088	19.545320939155	1.57214286998862	13.9553054535256
Idgf6_OG0006421	456.806233041083	205.389496118017	413.790262325821	212.253998592397	211.064692163287	436.953831087972
Idh_OG0004088	275.694942430925	300.768361699066	294.571405164486	274.302156987056	306.734528538476	419.993156959739
Idh3a_OG0007441	138.254515121664	231.174006665906	294.404376751734	244.147833837496	138.784005387757	245.62453107191
Idh3b_OG0004777	55.3506142593442	131.686133476165	164.016598727735	155.907506362838	85.5792675963213	161.579973506693
Idi_OG0004384	20.1683966272521	24.8782305234309	23.0524598189485	31.4413331505932	29.5495320134864	22.5706976511854
Ids_OG0010673	2.54013421165552	2.63353417064215	2.24094811097435	5.05053302690762	6.22011684178247	1.11042195550684
if_OG0008484	13.175127962476	10.4692950799294	40.2507558719182	13.7143196358908	11.254968479817	13.4074104631772
ifc_OG0001211_OG0	35.2393984535967	40.0377532386218	40.2991764277698	34.9880477264446	44.6147020974617	50.5790238587935
Ifrd1_OG0008930	26.6809564217757	32.9709616615105	16.3937849155306	29.1477722054395	40.429690308004	38.3243126029329
IFT43_OG0009755	7.04610911074757	9.01118549571559	7.2558766882924	5.268709635025	8.38455589814989	5.92934286751981
Ih_OG0011604	7.45278759148062	6.36900525465989	6.14105797253172	5.54766502652416	8.90598544483007	7.30465174341796
IKKbeta_OG0005206	26.4802142996457	18.6047631583385	15.8389246559633	18.7570812303325	18.4895096511729	24.3764647884213
IKKepsilon_OG0009429	20.1751426209017	23.9692150273478	19.237676978351	20.4839024514534	32.4145640497757	22.5644100083912
IleRS_OG0009829	62.4200370480735	72.2512581339412	62.6018880952636	49.4965079496403	64.1384584170198	56.3822755859546
IleRS-m_OG0004023	8.40769673568681	7.95106553885892	5.89762543455465	5.18658263618181	6.97520282708972	5.83574081390817
Ilk_OG0010312	90.5987351149872	69.4450546631594	71.0067879196406	76.047107180228	64.868660927732	70.2228772170913
Ilp3_OG0010981	1.05688442439521	3.07337506822928	1.48943157457782	1.67464502112571	6.97999214460843	2.4602333252381
Ilp6_OG0007594	2.4431327964794	1.75610156582725	8.4947637365196	2.93380885677032	3.45039270233274	16.30581812637
IM18_OG0001554	2.6210414050216	28.3251360618859	9.68850147043749	42.5289267666868	19.2549076625519	135.778545156731
imd_OG0006695	19.0098936213845	20.1954979777668	15.3878264524924	25.8853653005423	26.9013471265898	19.4414483108613
Iml1_OG0011294	11.7695471654367	11.1024958895428	12.1592294713527	10.6980117202309	18.3487653996315	9.75943073552567
Imp_OG0008039	6.11596835165695	11.7029412456866	15.4210201700038	9.36009285144973	10.4408639966111	21.8818213561167
Impbeta11_OG0006813	25.6253945441897	20.2220148396846	21.163904462885	22.4667897583755	32.0877050788077	34.5894793941528
ImpE1_OG0004089	2.40890939491651	23.3754145301051	3.00600466995987	6.97687580024737	39.6658249145611	2.55578121639408
ImpE2_OG0010467	117.91784415968	754.614978786114	64.4661235495905	181.118025067436	1452.33820966012	102.189101620276
ImpE3_OG0001409_OG0	12.0984298479605	58.5259636748064	1.98600773436974	8.72565988493098	71.4306939974925	2.77107977306219
ImpL2_OG0010528	91.6676931808142	252.679723336724	71.3032606685603	105.111458115354	238.712539127595	107.504369580629
in_OG0003961_OG0	14.7090128060925	14.7980879083914	6.88053652754698	9.42376378620732	16.170807214369	12.7047027618042
inaE_OG0008248	6.17395640678171	5.54367951814843	4.46731259962704	5.39526530462069	7.46226205756752	4.26207625976764
inc_OG0007660	27.7056138052801	28.3219002547553	26.5716569738294	24.5243948257759	45.0847437511912	19.7790324386953
Incenp_OG0002957	83.6614623860936	71.493047128648	81.4797928340825	68.1988260432294	109.059340399503	63.4783645170986
Indy_OG0001974	24.1675943992216	19.6313884838861	20.4299828721692	14.4735907556124	22.2471839296324	17.3645773444061
ine_OG0003557	4.61836960175405	3.74361700516046	4.36028649738279	4.32364509780682	3.80828301819463	3.51119609713324
Ing3_OG0008671	20.1160502570334	14.0203942542028	11.5211606973951	14.9465939314277	22.5425270989209	31.5651646110314
Ing5_OG0009211	12.0423693552209	20.1230155967327	9.64436963267875	22.7785016826819	38.9630522825447	16.1633343873486
Ino80_OG0004489	5.89339270338698	5.51463052627545	3.2682608138579	2.89462170581449	4.19741119671361	3.74965502601932
Ino80_OG0004491	2.55030620624202	1.98179377492162	1.4274786596569	2.62529409184395	4.03306166198768	1.47672464179367
Ino80_OG0004495	8.95870288759303	11.641883997778	11.2030483364788	6.959001096215	12.8947072218968	11.3358034600725
Inos_OG0006746	66.3971258712135	46.2339319340871	23.3015662956434	52.7274699223341	52.1397407788558	49.6300786031259
InR_OG0002305_OG0	3.00227998705497	7.43084014760356	3.47153697409287	3.76911196293635	6.50292548339502	1.9873606847698
insb_OG0005894	6.37222346635772	9.80657876331466	14.4475982901805	16.5398213381113	28.2763859006884	13.5703048828088
insc_OG0006250	4.98400637282031	4.63706909821926	4.80573702741613	7.11718639874237	8.03955497469204	5.27291466171759
insv_OG0003430	25.7698720903597	10.4053935328571	34.0336443049387	17.7471991731415	25.4995161962544	19.0160301893207
IntS1_OG0006867	27.7283269543444	24.1343605180107	19.3426093698597	22.3480596062646	38.5684515558755	29.5494328886827
IntS10_OG0010474	12.2861064966585	12.6180503076948	9.95607158160291	11.9834487612286	15.9230490478382	10.1305253096526
IntS11_OG0005689	39.3456528903786	40.1182987258698	30.1332853566149	35.8515714850437	56.475865514928	39.9565370675645
IntS12_OG0011530	13.2831107026875	11.8669504588605	12.7173008176372	13.3005633423998	16.827787716663	10.2494236211963
IntS14_OG0003562	13.0265519517758	16.6260882846194	14.2690696494832	14.8717890825728	18.7379296689196	13.6956542694126
IntS2_OG0003162	23.9971533582774	22.5114519706231	21.1972117752023	17.6324385628286	24.8202815470957	31.6620602395932
IntS4_OG0007415	45.7503671559356	23.0445641914066	20.156469672612	19.4846087580169	28.7570633289753	24.488665642712
IntS6_OG0008084	24.6044644941609	19.9349041850141	18.1107733334597	14.9419934471845	26.5811124694804	22.2797668059346
IntS8_OG0006429	12.9014379493919	15.5546199293318	12.4189305594439	12.720663613053	18.9193723604485	12.4489995492024
IntS9_OG0010795	16.8083744085429	19.4004708569922	14.9002477706063	14.5584017316319	20.1554666044203	16.6006516704524
Invadolysin_OG0001497_OG0	2.84646399976895	3.82514325684895	2.44406202306019	3.36212920335941	6.93723953349293	1.46848591696526
Inx2_OG0007821	511.543144991772	556.233293797365	380.937240379382	324.523824436276	659.218994298731	504.345907986734
Inx3_OG0005385	127.438879748997	151.2730870999	85.7490884245601	103.924773109771	197.744165633639	115.555684748294
Ip259_OG0009378	335.143303325396	283.16651502969	214.471224950425	266.468326915192	462.750716011714	507.142898004565
IP3K2_OG0001752_OG0	12.1587606542857	15.6171273585159	16.4413160098653	22.0609325868755	30.3337275459957	8.99653844546158
IP3K2_OG0008402	11.3622737964956	10.5023233321704	17.7816567759883	15.0657394467431	18.2870855292173	8.67638317810228
IP3K2_OG0012118	1.24460101247529	4.27396344300964	3.35126301825019	2.86921301693913	6.9270074254631	6.04712939843736
IPIP_OG0002692_OG0	22.7861196225825	27.0025126023327	19.8492397248648	23.1588066367582	32.9909090271435	4.4572879475874
Ipk1_OG0001580	5.28839927626034	5.09894068020225	6.33584117113089	4.13490800138259	5.35011869806986	5.33006974340494
Ipk2_OG0008767	41.8508084462927	49.0591072428208	24.883002823984	48.2708940126751	105.614677221853	25.7851332851266
iPLA2-VIA_OG0010975	30.2239168680952	32.333261371208	26.5281130335896	31.5959515884165	31.6786165961303	21.8369422494286
Ipp_OG0001380_OG0	21.9884333550275	29.0766107247787	18.2851914028396	35.6317328247135	44.5076120019316	15.7952192399671
Irbp_OG0005443	7.91808827868467	11.3368257860902	14.8154070092294	19.4386589743945	21.3756976654043	15.4071622895853
Irbp18_OG0010071	82.1861993722353	42.974714708456	29.5269905979505	55.7917693373448	65.3071107437353	32.3245204645427
Irc_OG0002436_OG0	18.4964036850639	11.2796130427279	17.9088370550369	23.0882498300056	26.2558244543557	8.4754733617923
Ire1_OG0004514	9.80568242296283	15.7005333230703	11.1829999744651	11.505511983405	17.5576516075797	9.06093053190306
Irk1_OG0002275	7.52823103169315	5.48991249153548	7.71052998565201	8.8339917794236	6.17516577541505	4.64440140816724
Irk1_OG0011463	3.31458373170488	1.13132495644067	5.21249615995639	6.17622662358585	7.49960802747048	1.71683867627961
Irk2_OG0005506	4.21558076510389	1.64818565947519	2.66035193307696	1.698339101232	1.10907246314601	2.05609158740792
Irk3_OG0000929_OG0	2.03015115147076	1.46087320973482	3.21010052721085	2.60012346474202	1.89284595345644	2.60082926672456
Irp-1B_OG0000130_OG0	31.8911287595647	33.9059447316751	4.04057044017431	33.4468451367536	42.6353459923205	22.2446155418026
IRSp53_OG0010065	18.5901638641835	8.77509826373254	14.0096407051052	13.051883963068	14.3603850924868	15.8198988908206
Iru_OG0002338	54.5756979165115	48.1911601652454	41.8418677805371	49.0632784580701	68.8782479235304	57.9451095899026
isoQC_OG0003957_OG0	16.5964156851659	14.6944565141077	14.1256996010183	13.4501302825931	18.3019533854361	12.7912337025814
Ist1_OG0010271	57.683729844915	41.1650486971699	43.3085228211435	50.7980787009525	65.9012627217524	44.7632243897889
Iswi_OG0003074	66.7402033726206	79.3651787025286	68.0710710381465	73.7969697676549	107.871760112267	91.1513987971111
ItgaPS4_OG0000058_OG1	19.6914650894975	22.9605997693355	20.6590351503966	18.0994991463272	37.8698894718989	13.7462742457799
ITP_OG0006017	2.71538091201795	19.9202066797957	19.1522518902545	2.62433393348713	23.5818491786408	10.419828636222
Itpr_OG0000641_OG1	12.125243547213	17.2130957703569	12.1156271773155	8.6925785856903	19.3451693201753	18.1165943390998
ix_OG0006230	22.500380371267	27.4585092452395	17.3840450254776	28.9158039696893	47.4006375905749	25.8200330687589
Jabba_OG0000542_OG3	27.2667821651803	31.5884978315072	41.8278948133923	34.5496970691156	18.0757978143086	27.8533261938205
Jafrac2_OG0010631	80.4423662019392	69.9456186430619	70.5797566557444	64.5394926319662	80.8208123900257	47.2888060289319
jagn_OG0004240	65.3059144336495	73.7372164120319	73.7624823338075	62.2874963038229	68.6170281981363	63.4462288396391
janA_OG0005722	85.2057629173348	130.328069327409	60.3646507122733	120.555606156075	155.718349336391	125.344523751535
janB_OG0012807	2.9322308931668	1.81414796319705	2.32480595587091	3.4467020459979	8.9471121468947	3.10417259768014
jar_OG0005297	23.0147052256191	43.8651875442089	37.4386862109299	23.9361894062669	52.0471307215134	26.1019285047373
Jarid2_OG0011013	24.2301944679979	29.701722404077	25.7658383117569	21.5366467667858	40.1540613262409	32.5576953102224
Jasper_OG0001094_OG0	30.2186807001393	74.2464118035981	67.4306793244815	60.4220117922744	84.0084769195046	57.9192552946278
jbug_OG0003014_OG0	48.1535811036473	2.81673667202865	36.4800497278857	34.8753136355117	45.4390383617923	36.6679177936726
jdp_OG0005756	4.37569724449183	4.03452309538546	6.911770666559	5.51525130773482	4.77303073557932	4.85631846475049
jef_OG0006157	1.81517887031004	2.97786821235769	8.45310280173596	7.32221237458781	7.29031238846403	3.91089059361638
jet_OG0003555	4.56425024520552	6.73965336636332	3.95996594584693	6.38350340449917	8.15512029649302	7.5727562021829
jhamt_OG0008861	3.59413317324326	4.02637870361033	4.03770736052348	8.59595168009428	4.96671815350852	1.88002552305042
Jheh1_OG0002942	36.7737668377875	170.818015524182	32.1418825274604	39.048920203615	27.553567291097	87.2435531288283
Jheh2_OG0002941	28.3466287330694	128.444576203143	117.743910097059	119.6661136867	156.243549587999	122.65352279163
Jheh3_OG0002940	65.0369082908462	56.9720039855667	77.7168274640792	76.7775237584363	65.2240335299642	81.3316609216984
JhI-21_OG0000978_OG0	21.8355120265849	24.8678029184998	5.70716541596727	14.6617077881383	21.1371578134913	11.1433309367246
jigr1_OG0005139	79.4764395453237	106.085906251743	67.1462737526779	76.5378474740189	116.107136260824	66.85858349539
JIL-1_OG0000986	10.4404230196234	19.051454051474	6.75064335811606	10.8105438959568	19.6421139941282	11.22884908007
jim_OG0003810	59.402982279147	90.9688611633886	63.8096134639559	57.7382059427626	95.0360726808666	75.4353263545318
jing_OG0006798	21.3613631071089	34.3045248598467	25.9569698733935	25.6695403768109	55.8375235900851	7.5739431357911
JMJD4_OG0009497	29.0966889714726	26.0192410012405	15.39430089301	17.1226201464164	26.0216431090498	19.0710027498044
JMJD5_OG0011342	10.1887762995418	18.6356352766879	7.91967620636354	9.58075065480673	15.5747515043649	7.92788153798881
JMJD6_OG0004755	47.4349474457058	50.6873801591601	41.2521603778018	57.4989544583878	63.1350694480898	43.3336212684491
JMJD7_OG0010570	18.0526309896356	18.9049117635464	24.9984171563548	14.8865775021871	21.4617254502544	10.6966009994904
jnj_OG0005303	12.6347224084884	11.5764926703839	7.5202336793408	11.5511001211582	17.125846697172	9.37470901223514
Jon65Aiii_OG0000991	647.618640868765	231.4680865158	243.312144233619	3892.31761453897	1340.75165988061	135.190468427757
Jon65Aiv_OG0000990_OG0	1684.2071271656	649.612839839257	2141.43712153273	297.015517032248	1776.93774700291	298.72398161825
jp_OG0009278	51.6213386707438	53.4828655587851	78.10264959283	55.6218667175207	35.2631538338894	44.862743758301
Jra_OG0006296	90.0574107488228	73.7926949771758	58.8511269324304	72.9412292016918	91.5780489183189	78.3337380142847
jtb_OG0012293	6.59908911846624	8.69163567486374	5.31272836894274	10.9057440324615	14.3753757098066	6.14763931480971
JTBR_OG0011044	40.1422408011952	38.6771615045204	31.0633923743745	37.0117528068725	48.9926122727947	24.8410711563644
jub_OG0008246	27.8394711212513	28.3980775645804	19.064360518547	22.0147759718283	39.0181771900345	34.9193550440608
jumu_OG0002358	7.59123180859359	11.9588165605107	9.40376737592169	7.80213939386744	14.7743137488033	10.6373090342839
Jupiter_OG0002484	7.16244808656537	10.6541454764753	5.41434918176205	7.64028623470559	15.9289731850818	33.6588301839213
jus_OG0002487_OG0	8.13276369616471	1.34644900049973	2.94761074463122	1.86301072933856	2.03209983738119	4.39754110082167
jvl_OG0001394_OG0	12.192936146151	13.3018788325272	15.2746688946823	12.2128721432781	22.0230970763694	5.36862429492699
Jwa_OG0009521	365.61565190554	289.406524405753	222.720995731258	245.023027131139	267.43594401223	146.167177511149
Kah_OG0011362	10.7217294441457	11.1367008250567	2.80926941443543	13.6005725996174	17.6579618664821	4.89978557966984
Kal1_OG0005314	35.7631100720243	32.5314141126377	19.8545644248677	18.2097219156957	33.4176208986578	18.3818400944133
Kank_OG0006604	17.8752647854512	18.9699423703464	28.5153447365444	28.1029716674902	24.0116753191157	14.7076387277683
Kap-alpha3_OG0005561	214.993087690083	232.260036809815	221.372869558712	249.942912440279	305.150916785421	278.877196206772
Kap3_OG0008000	11.6420498688606	18.7478610776349	13.9229206371368	13.5656361934436	24.1140482719471	17.5675242310218
kappaB-Ras_OG0006749	33.474296643754	26.6204869963666	33.9439080994691	24.0136526168081	31.0248608024475	24.7017733314958
kar_OG0004439	3.26638962678294	5.79515904942762	3.5542759946068	5.26056766499639	6.19769171234567	4.7570192356605
Karl_OG0008377	2.08700718998741	3.36827306720661	2.2260666502926	4.74396980893191	4.78086437610679	2.40567172031317
Karybeta3_OG0004148	191.792488557932	194.950144247751	209.508720521523	201.118603497886	256.584640480046	243.657357830321
kat-60L1_OG0002102	1.08086140309023	2.63271546282526	1.70687760000074	3.18402940726028	5.09904064180663	1.62833318069873
Kat60_OG0004166	21.9947386546932	25.9051943462728	21.4148947521616	18.3547382730541	33.4842422871581	15.7463954638255
kat80_OG0008177	22.337070009791	14.1431261560123	18.8101538844918	1.76726422038229	30.1994091851041	22.7270689956453
kat80_OG0012115	6.26999967499201	5.27286936401887	6.16053332129256	5.73401149209215	9.27805706835081	6.18359931626973
kay_OG0005693	119.009538676004	106.888934236833	170.349045680685	136.976607939879	138.534063562448	118.689214460076
kay_OG0012019_OG0	1.77401975536243	18.933053456371	19.3282767186399	1.42118968855307	2.22798620967808	7.49184679057269
Kaz_OG0004643	63.8855820024194	52.1548548713976	37.7289707819954	52.2955545560717	78.5994658258808	52.8100430303366
Kaz-m1_OG0005670	273.6820278627	66.1424703152039	154.311824411943	161.666895931256	44.4683229543104	1.27889149620675
kcc_OG0006843	33.8878008813992	9.78099052207342	38.5225101740344	32.6847807182	31.3099890866069	29.3740439225132
Kcmf1_OG0004853	77.8325276182891	66.6995672075521	56.7495982842251	64.2048196943772	88.8393146317642	55.3771953788267
KCNQ_OG0006302	3.53377335039079	4.4736610084257	2.83717031863381	3.35994567362789	5.36052515671936	2.86431585203903
KdelR_OG0009373	318.758151197426	323.660805396839	387.043861969876	250.754807395782	340.934334077993	235.370118201002
Kdm2_OG0004859	14.2366301606344	16.9207356371447	15.2369728329405	14.2180858109578	23.9345765533755	26.5523244294023
Kdm3_OG0005549	22.0865149826405	14.1798527590944	17.0126765550488	13.2791574574278	22.6736633392159	18.3063054872748
Kdm5_OG0008720	48.2333178985292	60.6300222140517	45.0184341960428	40.7778942385201	64.2849901800274	10.9610803225464
kdn_OG0007719	79.7843655440327	79.8273134178752	133.095174505734	89.7916193962152	41.4753786502873	198.949466256104
Keap1_OG0002370	8.85561835794012	12.3006280431629	8.60077498815377	11.6294833160307	9.96073354497864	9.27588479342289
Kebab_OG0003569	7.70986854494411	5.80170930416799	4.02077793826462	5.4763352969084	10.5159817889648	5.42681642940681
kek1_OG0009762	48.5889024973565	88.1069825702895	47.9654029185182	28.0145625032168	85.4408657911341	37.1094448924623
kek2_OG0009693	1.57483774276617	2.87511508999133	4.14640262106594	3.82714933385585	9.63537020729568	5.27333202632827
kek5_OG0007448	20.789477970132	29.2229748223908	18.9142769089231	16.4712108690707	39.4862306680782	21.2007183171289
kel_OG0000964_OG0	51.6399977171119	29.5475476818783	36.5201045027612	17.6310450445457	36.0390078825668	27.54943193783
ken_OG0006947	38.0012610757531	32.3479298919921	38.9093551767487	39.8777292014796	44.2360356118424	8.89517987014601
kermit_OG0007173	29.4794052697399	28.1525865935278	2.26109840568605	22.4987101135292	30.8186239533827	23.6643798132659
key_OG0006052	78.2873295795791	69.8496396002202	59.8188929764069	39.1562239837118	64.4050515291289	39.0178029029902
KFase_OG0009591	18.5316711621481	24.6765081409829	71.716396113364	34.361871215974	23.0048995487955	34.027965065787
Khc_OG0002913	77.1455602017314	89.5822284977324	77.5334785806524	82.0482807019755	97.4279300061096	84.8150952590935
Khc-73_OG0006824	13.4916589184063	15.7550046414988	13.2121060468018	10.2672953514926	19.659852470084	18.870834884689
kibra_OG0001393	3.53241842255162	3.46577252085738	3.11881334002869	17.2657472336285	5.00269508693881	3.25592298557767
kin17_OG0011871	26.7576019124853	30.4296383762342	20.7788700716708	31.3517727187246	44.2917121812892	26.062672538979
kirre_OG0008119	6.27877427540566	8.63675205467116	10.4872508345362	6.8921946792591	11.8728422350931	5.77786450599669
kis_OG0003352	14.3603213547256	35.4330325412378	18.1872601789689	16.4948036743019	5.81668555978484	27.3043515965703
kkv_OG0004188	74.0933608411483	67.0379966983978	76.2513664991806	74.2172975327929	101.256384201016	73.8706110099486
klar_OG0011366	4.98564336899088	5.05664366135143	4.72380624236276	2.42980013624902	8.29134762897721	7.50850509667033
klar_OG0011367	8.99124347040884	10.6956563871283	12.9272537332984	8.87450468733365	22.1177418260651	11.135169922773
klar_OG0011368	28.9795260313424	39.2624534459251	24.7708146028681	26.1710606663153	45.672200586435	23.774172762912
Klc_OG0009935	103.099571898349	94.7746055693468	85.9744795879125	88.1889515981782	123.354294762952	92.5737609606332
KLHL18_OG0004960	11.7541137361799	18.8806673588082	14.0773694842944	9.98014464184409	18.3308390233112	14.75891749885
Klp10A_OG0008016	26.7687627618679	42.1693485731075	26.2776584899007	32.4119110453468	54.8205002921643	26.281128489373
Klp31E_OG0003645_OG0	11.4022472073132	8.02273803263877	4.7326988722711	8.63901563334619	9.69193362432228	9.29990165892187
Klp3A_OG0007609	32.541557033394	34.7222592910367	24.1688741689457	22.8216904571341	43.6515594630971	26.4610411409655
Klp61F_OG0004121_OG0	50.9334256592502	39.6578067339282	38.4721349513027	38.1526315242643	59.5138521258665	58.0232223141662
Klp64D_OG0003992	26.4151310494943	28.865901642729	24.9952179026079	29.9364798495213	31.3451078194717	28.6563346037341
Klp67A_OG0011251	20.8063893195334	15.9269256448642	17.9983560676065	17.9930213676348	25.4290932470731	13.8334212953953
Klp68D_OG0010015	18.4578376313028	12.7656154512188	18.8819622425692	19.9061309325654	29.1205924552286	25.1612977663499
Klp98A_OG0005360	11.0325721454954	8.6829774030715	9.44505971926789	8.22053044968351	16.4399452334786	12.2875521737312
klu_OG0010083	16.6398257988433	28.7644202938923	18.363188023646	15.0812511075409	32.1192222276791	20.8620082832812
Kmn1_OG0001715	23.5748487313494	17.7525771894712	12.0604588474086	14.1031933683275	17.114486483216	31.6652802598035
kmr_OG0000570_OG0	3.70354475095952	8.11202075193137	9.31694097526238	4.22133559396313	5.87115603442835	3.38753657068706
kni_OG0010354	20.0399526331717	37.6634953026804	17.0144647198491	19.5911250401299	28.0458571144671	16.4987875274767
knk_OG0002247	24.9130052818785	36.082027515728	21.1209762814172	29.6936612388501	43.1394670720067	47.0207668812152
ko_OG0010323	12.674279864755	9.20275746093312	5.91810587575123	7.3391008078685	12.4890068278896	56.3868712200307
koi_OG0006788	20.8043960139691	21.1377235573442	16.352892971647	16.8715852375715	24.6789919934754	22.1871813233816
koko_OG0005045	41.2267336278627	45.7282108514406	23.8189597293286	35.2073118793546	54.1901811895265	37.1405337431027
Kpc1_OG0000841	8.19114178337248	5.67926453336946	5.10058853518763	5.99199865966351	9.15208175052797	4.26912613599715
Kpc2_OG0007066	6.15909837898295	9.17702126102094	7.07379193792712	7.36332371837886	10.9353143637837	9.45443410575833
Kr_OG0005846	2.55921634122079	5.14620624138771	4.13273302136793	5.11116949804065	3.32880091006874	4.11032325687055
Kr-h1_OG0002685_OG0	44.4225060462929	51.3284049142849	30.5762419194887	27.6525501346306	85.8495362111823	4.93915569228085
Kr-h2_OG0003342	166.268844920102	142.936945545214	113.093247732953	123.494448878149	145.155228006147	235.027021480007
kra_OG0004215	331.576687324182	338.231321938796	204.463070882891	260.969064655369	350.746942879402	229.901936725876
kraken_OG0003374	25.7725897939389	50.4123918682041	17.0495084184679	34.5921036413508	35.7948102415367	23.6413793684959
kri_OG0010214	87.9170829938651	80.6449047939599	63.6223700205469	68.6443936957423	59.7122840997011	49.9811345493019
Krn_OG0010102	28.4474515303354	29.5028075929448	25.1054728718404	14.5917510823296	28.8844776401891	28.675591031387
KrT95D_OG0005327	2.84150379420691	6.66072668061546	7.22075072048751	3.4131405873818	7.08994230239589	4.42183574010464
ksh_OG0001686_OG0	86.1747260684821	66.0890162230533	4.58188732664822	51.1664764188159	50.2121437614788	35.6238174772116
ksr_OG0001012	23.1818434882591	22.1609480214174	16.5750604504066	21.2630071157241	33.6077431871683	20.3578427662692
kst_OG0010669	41.6095102401796	55.9142776935239	71.5787996615722	43.1481326161184	66.1546553420994	67.5789228094536
kto_OG0010394	32.809220568684	28.6584245224724	26.9827936098955	25.6514743147081	42.4713781249088	29.0670576222604
ktub_OG0002813	1.86648607706331	2.23975799935684	2.97324863676215	3.51754519470936	4.24205428187973	3.14144501976506
Ku80_OG0009148	7.76452198931966	8.37182223186954	8.86955068476719	15.9667625777543	16.0804502513089	8.81015101235872
kud_OG0011893	163.834416554316	187.392782627448	131.857050756593	143.627901824755	155.906716966337	151.173470336566
kug_OG0002000	10.6608344146842	24.3668352548276	13.2890329530601	11.2727638865259	21.53046392907	8.71759451919492
kuk_OG0000753_OG0	118.85865673213	184.700510798523	106.155823766104	143.024762324881	73.1727904975023	1.30397090263468
Kul_OG0005685	18.842766961849	48.5060772897315	22.6817044877131	18.381769803152	57.095952166084	28.1611781256034
kuz_OG0011786	2.6126400779215	6.49421446556283	3.3858837180082	2.9826732409579	4.07499428811487	4.03384360694365
Kyat_OG0005584	45.7501296907216	70.5215203047271	71.1769823547765	103.971889759917	81.614298243708	99.3729519183138
kz_OG0007775	10.8211997467733	9.41318316843215	9.27036836148724	10.9022931231354	12.5549731829697	11.9753317197598
l(1)10Bb_OG0008002	58.3182574965817	59.0128881666333	52.6826410789162	48.154351465065	70.4715825426178	34.3945570636529
l(1)G0004_OG0003230	59.3057303336817	53.1510918622124	43.7023511169789	66.7233690662902	65.2934677119584	54.550449271789
l(1)G0020_OG0007757	17.181590894291	25.4053879405535	15.9728418362675	28.3367009161731	28.0402307596529	24.5579211602024
l(1)G0196_OG0001785	11.7934406334653	11.2152498722989	12.1325997104871	7.74624184207564	13.8620923901522	3.64347937367369
l(1)G0289_OG0003228	32.4722716491394	25.5050830267263	33.1978967231309	22.315731405868	34.4979915287423	23.4184950901384
l(1)G0320_OG0001527_OG0	320.913528301634	303.03956129905	279.330479294415	226.606479892307	339.847980553851	304.697853493919
l(1)G0469_OG0008233	2.00511542981352	2.20277769737195	3.00776408659574	3.36069303119311	6.71619273170566	7.44810669911361
l(2)01289_OG0006794	28.9174975679886	35.3099317009969	62.1954714339488	47.5475383443874	23.4807271277455	79.3026709365727
l(2)05714_OG0003426	29.9912134337949	23.4615111140199	23.9258276496488	20.2298498392406	23.5321287809701	29.996936981868
l(2)09851_OG0005833	68.094948944965	54.21363378833	56.1736836111208	66.8439670258274	62.4125856525082	57.2372528773213
l(2)10685_OG0003561	9.81533441244643	9.87428451595888	7.61164269354957	10.5451460100999	11.4119177738204	10.9295966366964
l(2)34Fc_OG0009170	56.2370820493252	241.07025695845	734.650991079417	600.526187618181	515.978243577317	135.25836842343
l(2)34Fd_OG0009169	12.9766952556471	14.0499416463438	6.06369145428147	15.8226025464054	15.582737707286	18.2354340731799
l(2)37Bb_OG0009542	15.40303818637	27.1335905424221	21.291773336455	23.9918746997948	27.1332282477964	22.0427554367508
l(2)37Cb_OG0009555	12.7226126988217	16.4431018709678	10.709798979166	13.1154583665577	22.7535208534827	16.2715132796374
l(2)37Cc_OG0009554	155.593137307074	171.425779293019	152.842330484603	160.105188011842	146.338486078934	122.14974298811
l(2)37Cd_OG0009556	7.86173363570263	8.49909848475491	6.28351064928033	10.3593150607482	13.1161863475905	5.15564598042152
l(2)dtl_OG0006967	17.2842600293875	16.8353964055126	13.9053229688644	16.3566263515867	21.3042972420934	13.153524420766
l(2)efl_OG0002727	2366.83499790359	2125.7515858598	616.364876754801	1474.18471124792	2291.07688499454	1382.72998313921
l(2)gd1_OG0009673	29.3401171499344	20.682949452282	16.5732173709881	26.5233663766456	37.5409005043641	28.7692964967577
l(2)gl_OG0011963_OG0	5.10021758137368	10.2244498716266	12.0534148406048	9.32078712882308	101.563851847543	20.4525169923516
l(2)k01209_OG0005903	19.4275541493211	20.4488320091206	13.0354283447725	16.1827116915152	31.475042370626	18.3839001928631
l(2)k05819_OG0003558	31.4841604139999	29.9978156898941	24.1698861579937	23.946869687685	35.4325627096469	31.5504804057146
l(2)k05911_OG0009226	82.876246520559	60.3898742421091	19.1473014822905	44.5709948276397	69.4734772878576	47.7682804675548
l(2)k09022_OG0009620	19.0020231135751	21.2263456344055	14.9103525341529	17.8294974884439	21.8631957333347	22.3713261014568
l(2)k09848_OG0005837	28.4078752013251	30.7416036640174	21.9397217333153	28.5120524992743	30.7722007743469	44.8371515884887
l(2)k09913_OG0011569	112.821247759641	94.6587286824607	76.6342869838619	82.3733556313547	114.119936268904	60.2323718653686
l(2)k10201_OG0006371	4.3546537512294	15.9903341944311	6.93650011534358	12.0653433139665	11.3043126433761	10.4816449234971
l(3)02640_OG0011306	19.2483641003905	20.031745313524	15.0556708765602	16.5652855252122	18.6297083094928	17.8052757537367
l(3)04053_OG0003814_OG0	46.9032311630329	25.9979254788794	1.64819057049156	26.5764881527874	44.4719062635879	46.4074013325124
l(3)05822_OG0002472_OG0	38.6342228174117	34.2291939562813	29.114913895604	37.912980708701	54.6568500607181	15.9844069323586
l(3)07882_OG0004881	21.051718762854	23.3768146834963	18.0166205991706	22.9143541794132	26.7956386989743	24.3791791556212
l(3)72Dn_OG0010786	16.4230351288929	15.3613965093568	13.7596325184887	17.2160562415073	17.6273728031986	18.4790828320061
l(3)72Dp_OG0002032	4.68426624135524	6.78844613741831	2.15148288046479	5.01804813342979	4.95647509002999	8.63473332778817
l(3)73Ah_OG0010728	33.1016525713906	31.6145384772649	28.0124609262748	31.7966048965947	47.7506474559375	21.5967925064928
l(3)76BDm_OG0009890	15.5789867444849	18.4209097046685	12.4118365224784	15.8007685749647	21.8633756615691	14.5493079539468
l(3)87Df_OG0005009	24.0696042985441	18.9394575250657	19.1673677172513	16.5153794940249	17.5936415382314	23.2984213437971
l(3)L1231_OG0002586_OG0	30.6732923123969	38.0525950121617	34.2874088474133	27.2494760596851	58.7818320251652	7.48423536920072
l(3)mbn_OG0010236	82.6413609343562	75.7282081949577	143.487460476129	135.864341368635	76.6770233518369	63.7936075880317
l(3)mbt_OG0005370	21.6920590342198	21.5616667831619	16.783350189165	16.6507215944634	24.5763306147362	16.2139713202763
l(3)neo38_OG0005591	11.8594841035889	17.0755684153938	12.6449962763974	9.16042677922407	19.7249715009485	16.7003483116451
l(3)neo43_OG0004613	21.3018795532159	30.66878326192	22.281278984027	28.2226702020851	29.7536828618898	13.6458590409434
L2HGDH_OG0001264	90.2470860185157	58.4182808918628	116.406120720109	68.0122982548156	39.8308214732233	234.522558997726
La_OG0009401	146.906171141947	168.236554925048	120.309851212174	210.31134909935	203.681208622357	133.570112399547
Lac_OG0006210	22.3005448020404	24.2342533815832	23.8660680005398	17.3093628828486	32.9313239293719	18.5618685068572
lace_OG0009159	22.3899107095533	14.0234612908295	18.2113718626939	13.7680720015718	19.4480475823058	14.1852658146636
Lam_OG0009445	157.396643083187	227.301791203388	172.129167779371	192.138058606581	321.083334774291	178.640417437628
lama_OG0010591	27.6610635362581	20.8591332899268	12.4141837456663	28.6629838352799	40.4142623835018	32.5242069842988
LamC_OG0006143	124.423674549537	82.6050627175817	91.4764630006815	99.2365938215059	79.7336944941629	102.740004512296
Lamtor1_OG0010172	48.6858854198278	38.0699290693877	30.8022036523944	34.5488186541683	48.2182230434974	17.8407964474155
Lamtor2_OG0006700	27.7206445396492	30.397080470181	30.6126529413787	28.94976593225	36.2069873200423	32.9128768466399
Lamtor3_OG0009478	44.8373705565663	48.1341945037666	31.8119910089026	45.3310637006641	54.2067245288121	40.2847926054449
Lamtor4_OG0010480	45.4385242783241	55.1857389764747	34.5490698682874	47.9431851828387	71.8488222083821	55.0553470495216
Lamtor5_OG0007647	46.1046352818652	48.6574366881927	40.9020429851263	41.1510257542827	48.6769480435437	22.0453125631734
LanA_OG0010248	38.6692128482658	68.6018876981252	49.6799044431082	37.9481821198739	81.4981300503453	69.7581515825518
LanB1_OG0003798	77.7833728276537	97.6135859721714	87.5388757425618	64.5950529522911	105.690883696167	118.580426883009
LanB2_OG0011006	43.3419980845306	53.9232326323338	54.7313549440906	34.1025182264432	68.4383416602558	47.5683498051562
lap_OG0004330	6.41434284985575	9.13914359185997	6.69769635861	7.01931724883959	10.817304627491	7.85631821778744
Lap1_OG0006605	8.4905844103775	12.0787226229147	8.89671556209865	8.04882968944697	18.4685931203917	13.5200931407033
Lapsyn_OG0006934	5.37255001166174	2.86184800722517	5.20835333422178	6.59401704241699	4.07364339348955	3.35429359696742
Lar_OG0009104	2.7201693707359	3.4633800933304	4.57443247220979	2.73242727718671	6.88690577208298	4.63108103142042
lark_OG0010434	140.491233177945	191.014733553298	118.232253056298	137.391873315936	207.624421903223	159.828492857938
larp_OG0005409	16.998272375781	30.6375297329701	35.1128259178262	22.0077634247949	29.4236017965458	122.478954810007
Larp4B_OG0004002	17.9087709671545	26.0831740672201	29.4908567803559	13.1692653651629	16.3069460641245	40.0167651323679
Larp7_OG0007576	18.4521639622341	20.7779621269041	18.0502526093323	26.2356411918197	35.3630931395961	38.3701300047421
Las_OG0010367	24.6556587500356	22.2435714149218	21.9991917383578	20.6058196463579	15.789663565467	26.7209735768426
Lasp_OG0010718	7.42111598636655	4.85092950430871	6.01075355496192	6.80781044089797	9.70882726350444	8.16598028363153
lbk_OG0002916	31.9927211773389	26.3871300805888	30.2687296458003	21.7609341479603	44.7431095515337	25.5512103072349
lbm_OG0006772	8.75454516112668	17.0966698980508	4.99896296047928	13.844032335705	27.274139083238	10.3587966830772
LBR_OG0002717	40.8717927217137	45.9285724608016	42.0113609336635	47.1752524555556	60.6110079311635	33.1860594266915
Lcch3_OG0008160	1.69618006983756	3.69949589642942	5.52615923139124	5.75204398391731	7.65869913202049	4.59620183104841
Lcp1_OG0000263_OG1	30022.6421887802	10390.408938219	12623.5812672018	15297.8292946722	12058.4378999098	16238.4272631363
Lcp4_OG0000262_OG1	44827.0870028248	29658.7712368807	10212.3491770411	30383.2246336816	10131.3210830806	5906.10442953118
Lcp65Ad_OG0010240	31.7951674381679	549.276263055823	10.3984353155242	404.286454834143	7.87928759904116	26.8264737087848
Lcp9_OG0006048	670.150380811493	284.825919624389	17699.7479783092	10284.5437693846	2829.86460792338	3489.54979859515
ldbr_OG0010553	11.8298325749939	9.77955740225049	6.82612554021468	9.58334961251683	12.8880268415154	10.9079395587838
Ldh_OG0010253	580.861880566601	1360.71838002745	1058.80568671898	998.492175574409	366.762255968213	630.747642369115
lds_OG0004375	21.384047982635	27.2651139204487	17.4802017508601	23.4695922880882	36.7751396542101	17.4278987386165
Ldsdh1_OG0008284	11.3265329321484	22.9333077443724	16.1151113081001	16.7303018068731	5.90549655640019	4.12041482833786
Leash_OG0005465	17.7325021174271	16.873353036976	16.6939540671844	13.8962960571647	22.544737529852	17.1949964950772
lectin-24Db_OG0000611_OG0	8.23721959708871	5.34701430105125	3.40319148728291	1.76313307526226	7.43509126786168	10.3793451855921
Lectin-galC1_OG0003716	8.07951694630106	39.9792550562531	9.65277199429208	54.0336830904845	68.6765555794262	27.5192830589801
Lerp_OG0011531	2.48430425983333	1.64242988426789	2.21983651412498	3.2731757460799	2.62727805197679	1.73457217465161
Letm1_OG0006015	52.6064062164031	41.9280605031588	31.7003033304485	48.7521480976745	95.0802104222385	49.9925127091379
LeuRS_OG0008816	53.3889556894516	58.2328821438512	50.6671341471266	50.7514782209792	56.2086917262779	47.6259642577409
LeuRS-m_OG0010615	15.4715018352738	12.5097098870404	9.70752582858967	12.3976269768599	11.6841168449886	12.2287998428004
levy_OG0005996	679.279523952989	913.149536873705	1375.03898099995	888.892180459309	508.61318687333	957.022614429953
lft_OG0009381	78.0484938825896	103.047028171713	38.803686882863	69.6770106504049	103.899514586194	44.9901258855788
Lgr1_OG0005572	6.55676024666525	4.08987609624813	2.58127966730885	1.75505733602839	4.49737833051512	2.4277231143701
lgs_OG0002068_OG0	7.24787552925049	39.3108630680155	16.2151436553928	21.002938249886	35.6889147773389	21.7771225906372
Lhr_OG0002704	11.6183603385835	8.63353955651167	7.48227704076967	7.68935295871426	10.5890544579532	26.7255825151502
lic_OG0008434	34.1264547509064	33.5981899111677	35.0423475695631	28.3717028241437	34.8988953186278	34.0221831343412
lig_OG0003061	94.7226514330521	132.237694148403	105.926421300262	118.481436322877	176.846644978142	98.7539182058148
lili_OG0001401	2.97365751357603	4.83361916209743	3.87752504896588	3.45212420917991	5.01427003767129	1.59898050521254
lilli_OG0003546_OG0	17.8095395855644	21.6919246519645	19.7532319048184	17.6482191386941	3.47177265461637	23.3117312090726
Lim3_OG0009551	1.69855690955153	1.6559547343305	3.26659129167088	3.32494949844476	4.24888630138628	1.45833559149924
LIMK1_OG0008461	9.65109298680192	11.0971708341564	8.11346209044698	8.02702812392176	15.0057496391143	8.94889579689474
lin_OG0007113	26.9625471608031	30.3208130190953	23.5822232504339	23.7025181105442	40.6794518097249	21.4166348871102
lin-52_OG0003285	27.3471583571214	25.6898872909101	26.21155061236	35.2882030754434	36.3876841079775	18.2526111260258
Lint-1_OG0008011	30.9605078267977	31.1038668012345	23.4960646903928	27.3421199096575	39.2641880576531	19.8699809615444
Lip4_OG0003639	8.31093278468458	5.95825940769777	8.6404216307394	13.0948739594769	8.78546449936561	3.49142782310637
Liprin-alpha_OG0003761	10.4785807334966	14.5694989525048	19.489889315295	10.3018097504994	16.348075030261	13.8095920828389
Liprin-beta_OG0010909	34.6812677694967	39.1264704239353	30.3164264049167	33.0226258811936	52.6987081395082	40.6423721684753
Liprin-gamma_OG0007032	1.99618637081796	2.75876073038548	5.6209051321513	3.77914187825164	5.62843915643089	2.13161795624346
Lis-1_OG0006124	87.7727153144994	89.8794567917567	80.3386159827008	80.1827625133403	118.780301064326	102.214437250253
Lk_OG0010869	2.92005889218888	5.09677080044683	11.7468508486508	10.3773465476882	10.8630499019867	7.56354155135575
Lk6_OG0005592	60.0206416041453	94.8668887023433	66.2971428556841	62.811188936138	114.894330047768	82.5444201355946
Lkb1_OG0002203_OG0	22.8180910935202	22.5516486280617	18.6930704886205	21.3576688637092	28.8539424516342	7.53143202601839
LKRSDH_OG0009308	3.90995214262273	8.07724369803585	3.31819679057166	6.91725358950282	10.1397717636492	9.90345377183044
LManII_OG0009367	15.1827082024653	30.6727885533695	23.5282463378492	33.4243692865194	32.363639864633	40.7736618950708
lmgA_OG0011958	39.2203957026549	40.4432355850272	33.8423933801062	37.5239170764505	62.8917880817453	40.6158004679406
lmgB_OG0001954	43.6593403288479	45.5213498155754	37.0139787040042	39.55983858129	62.8072493421012	48.9405115865123
Lmpt_OG0010700	79.6258766317494	64.8840864958758	126.601300429487	86.5483506692345	81.3785584520612	57.7018657264833
Lmpt_OG0010701	35.974207087153	24.6610468514593	72.3158072022108	43.8446746319965	25.8120803703661	48.2420828764559
Lmpt_OG0010702	12.649774976801	14.2089902985475	31.501175820459	23.1840079381843	17.7138131306407	36.9675717815232
Lmpt_OG0011892	7.06287972172984	18.9132810334026	1.83225413666523	6.97452312701294	9.96979520043227	16.2746217013585
lms_OG0007104	1.55021232545932	1.75666795403723	1.69468499397384	1.3380825833334	1.52870335425603	1.98515771126535
lncRNA:CR45939_OG0003870_OG0	2.95347578508522	2.56164871057857	4.15285883172246	2.4722984687472	2.51489581473619	3.11868037104554
lncRNA:enrr_OG0000269_OG0	7.71571033683026	17.1093275770005	15.404892021057	23.343702468396	30.2216382494233	13.0289046042159
lncRNA:enrr_OG0000269_OG1	166.933687921571	51.1505793027541	82.9444069557065	72.1609790795183	50.0899505570498	80.7260043069338
Lnk_OG0005681	27.6684706077716	28.5737493570103	24.0571273101848	25.9902612137066	39.7211448082369	30.4399737820007
Lnpk_OG0001664	52.8910122234032	56.3972932518343	42.2249974076302	40.3166681416807	45.1020819593668	35.8504149329773
lobo_OG0001457_OG0	8.82533415878077	10.7634479431205	10.6345458982489	8.73599173699405	13.7949209262261	5.34330108432459
loco_OG0000734_OG0	17.6657472380011	44.1353467218146	11.253853759487	10.3716452303654	23.0577106323886	8.85501595496469
loco_OG0012622	8.39505929752791	7.35333474379275	7.45350658409743	4.76457292823251	10.3789699036389	9.75282089353631
loj_OG0010234	67.3346512409758	73.4529737960837	76.7622024126256	58.7177581881878	72.3732845293956	44.7757159541992
lok_OG0001865	28.852719582049	24.8594639079848	24.3379118632282	26.7315670597878	36.8680188471119	24.7504805742917
lola_OG0000541_OG0	37.0521157635758	25.5151037504914	16.9388609836901	12.6447021478676	21.3746528565489	31.9901392098067
lola_OG0002833	5.79452589402001	5.83853486861278	4.59651716132759	34.087050931538	13.8056880004732	13.29594117012
lola_OG0002835	100.737446115685	92.1114497314716	69.4973597374247	47.8342424584847	77.8624934708732	90.1502829657186
lola_OG0002836	18.5364111038433	10.2230490599792	14.1673074694291	13.6414099044846	22.0318907633515	14.8941074953579
lola_OG0006312	9.41024021985991	7.8865923856402	8.40212633146288	41.4264059278723	47.3863518827014	7.33199133719262
lola_OG0012057	19.1689569598018	6.27050697359241	4.06925694505878	7.20828497987667	8.6235768578535	21.7835433501902
lola_OG0012058	50.9382442718446	27.3724824540848	16.9848393534921	14.9753705128633	24.0246694640196	22.5210984874608
lola-PP_OG0002834	28.4651008175723	22.760445082659	19.6555320249899	20.8707176811121	37.4411625809593	23.5151851624242
lola-PQ_OG0002838	54.4094877801281	53.4376012144411	53.5931268890879	50.9762720286736	80.5903049333719	65.4806976854803
lola-PR_OG0002831	17.3360163265675	17.6996438381799	11.4093997256458	13.5026758791028	32.3107056470283	16.1154526189678
lola-PW_OG0001589	6.24029019938313	5.85539811981762	6.8021321342056	5.7191388877612	11.3273917510752	7.21423053577987
lola-PX_OG0002832	9.8920681326339	6.86445709236446	7.94570852317256	8.08334581188166	10.2743465615659	7.71723399885196
lola-PY_OG0011593	8.85254653815963	11.7222832948351	6.18394138589107	10.4423388364451	5.81817965097839	5.4450670699555
Lon_OG0009892	24.6256278804324	26.7604588645672	23.0932757822776	26.6120188725025	29.2797478009835	22.713000451443
loqs_OG0001875_OG0	46.4783016418901	27.8834562975234	42.6273426607787	61.6834862096838	63.2902559890875	101.103015970996
lost_OG0001682_OG0	240.62460674495	284.924014629842	237.210961222744	235.831266476523	301.35799031007	296.170942895461
Loxl1_OG0001522	4.82801281536673	1.07106216565327	3.6356477215677	2.36122783917976	3.43200551662194	2.57826910259659
Loxl2_OG0005949	3.13959410563092	2.03725914149083	4.06452784265986	1.87999371362802	1.1111585705638	1.62305550234834
LPCAT_OG0003133	10.5323890194982	6.71384621583666	16.6474428237906	17.9465189718957	19.7947364782312	10.2283085335514
Lpin_OG0007174	38.4225370696455	40.8373908822963	24.8040815708675	40.4739989859425	46.337993025562	32.8602607569929
LpR1_OG0005134	5.75266938401536	2.90403951417261	4.31362536964512	4.66577129081446	5.80950498826597	3.50984113277552
Lpt_OG0006842	12.7196707975138	13.8574154660886	14.1019835422789	11.3534232256974	20.3059528493346	12.0704252035852
lqf_OG0010454	63.8057193870873	70.2163328714094	37.3355766647975	49.7152038388526	98.5281751686247	52.3346397959001
lqfR_OG0004741	73.6234525846177	88.1323484934872	81.8454032727457	56.1797000402455	82.6908403807452	66.2274190947371
lqfR_OG0004742	20.2223107770849	24.059355035095	20.3254076114851	16.7706036654493	24.3673815672131	19.865540003379
Lrch_OG0009464	4.01816947849127	2.87012389456649	4.62077251260811	3.10830413403265	4.84531567629872	3.52460557709454
LRP1_OG0007165	7.63247032101443	15.5883410174022	8.82182340678443	8.62590693667482	28.7135772799383	11.6478999535815
Lrp4_OG0008158	2.11970546436186	2.55234393086038	5.46204870417707	4.26044253684751	7.16996582272004	4.49774892511741
Lrpprc2_OG0007671	19.7783506069574	24.8090628748766	17.7943511308402	25.7589688372795	34.0662232608132	9.41747451252425
LRR_OG0002876	6.90342181818757	9.49496130617932	14.6432886248759	6.03461355329636	12.3506345433664	8.59136698812588
Lrr47_OG0009360	13.9237499662244	9.41772432204138	7.29145214427271	11.2399068431589	16.0289739212869	10.8279111597668
Lrrk_OG0002390_OG0	4.32606434121529	4.2232933510808	8.65556404191107	5.41434891526511	10.4659655812027	4.63965071401271
Lrt_OG0006284	11.1894719314551	11.814111334211	12.7984819577974	14.2155325206617	16.7235344920822	9.01187444847447
Lsd-1_OG0005525	26.5502612856055	40.7738892815573	29.2532714710625	40.8817180838857	29.3905544747472	23.787400055157
Lsd-2_OG0008350	50.4995934426981	70.0222043526258	55.9953961526444	54.5451690024449	66.3770426024986	57.9576787422443
LSm1_OG0006616	36.2848297885142	47.8584488808757	29.8660037688481	46.5721311433916	53.2867342672	43.9570445890615
Lsm10_OG0002852	12.65490091443	4.94524756283835	11.5080098333698	14.9961203211881	10.3270839326725	7.17576907952485
Lsm11_OG0002884	5.99212332726922	11.4510786925333	4.65074096337756	17.1200987945318	16.6835783345843	6.46140674933997
Lsm12a_OG0008482	43.9834139210103	62.9878264967918	37.5651075202411	51.6241873674423	73.3808343136029	35.682621591785
LSm7_OG0008875	83.0589067930145	133.641769387856	74.4175140033011	86.4240420097981	116.34036962103	69.0824920351362
lsn_OG0004791	46.8459401462752	35.6375771261293	28.4918330491472	31.1869895653932	32.7385015379587	12.7549660297629
Lsp1gamma_OG0000827	1747.37010115031	10192.4837916771	6819.78364175395	6185.99557307989	2319.16372934367	8957.26573120704
Lsp1Î±_OG0000275_OG1	4719.84951343281	8893.75900984809	7884.86334245918	6620.58284023204	3305.51285477985	36.2056490868353
Lsp2_OG0010819	2158.90024735462	3145.01999877004	2802.03095629527	3944.32569370831	1434.93639789912	3887.07641210968
Lst_OG0006633	95.1101210632309	61.0230340296434	102.401299601594	81.5853098719339	72.4284090462359	79.4135308267159
Lst8_OG0007561	25.8572961220435	45.4824923703627	24.7371977234726	41.1647088727425	51.8667079291726	36.692206891848
lt_OG0002073_OG0	5.79016181114452	7.68156394356128	16.305511878232	3.40626011227763	7.9257723460127	34.9174106544613
ltl_OG0011878	5.76842632993081	5.15004401593609	8.71757540053292	5.09644464123474	9.12692377783748	6.86714068896029
Ltn1_OG0009900	18.8256604930937	20.2618114609818	19.2851580401177	15.0256108140449	24.5379011030506	20.8371864161105
LTV1_OG0002856	93.0791315785519	133.397235845547	99.6629538780813	156.862403008876	186.225783097623	140.197504181469
LUBEL_OG0001945_OG0	8.12587483615853	7.41026238526794	11.8790390777047	10.8100449070698	4.30545837457355	12.9818540413747
lute_OG0005484	27.4513321481409	21.7144887376614	29.110834665774	21.3270107939917	49.0958137401957	23.3557647382084
lva_OG0008499	37.6896713799578	44.8309004684736	59.9582563698181	37.3542432155184	56.3727699134961	55.2308247778815
lwr_OG0000550	453.691615429382	541.874312067497	485.126666689446	485.391554957944	750.715127490743	567.849517164273
LysRS_OG0007560	131.100322885196	131.13034784163	106.465762689342	132.331579350505	146.153116701133	154.532946338386
LysX_OG0000040_OG2	203.212098802802	12.0416797205984	206.410099639082	1886.74217716607	437.896054266137	20.7923356380431
Lztr1_OG0007347	18.9222991584199	21.0728720204941	21.8101473764746	15.3742849084329	29.9631029291934	37.2626726991825
m-cup_OG0005479	15.011769984371	12.8340833737655	12.441231420603	10.3821860399582	16.1876191460029	11.1399154029217
M1BP_OG0004828	47.9824706798234	41.2857905562941	51.0344949524651	42.74721222033	56.9868573372872	43.2919137028326
M6_OG0009877	21.3172351130489	20.9156101600138	19.3767725010859	21.8478913548012	39.8849070892531	28.5931296564356
M7BP_OG0000395_OG0	2.22141236120008	3.06916124074751	2.72363802669506	2.72189177091882	2.83934043672804	2.59129475098925
mab-21_OG0008407	42.8840012184501	46.6405079257324	19.9943529659819	33.1457149613556	58.5584860373163	19.7375157579681
mAChR-A_OG0004277	669.932752102913	1497.28725048636	1221.80614525018	1408.49496410723	660.220079473505	841.620907080699
mAcon1_OG0001260_OG0	316.976353942049	463.633682141838	441.77181095944	508.507317714539	274.651638686668	547.695472441395
Mad_OG0008902	50.0939535549552	51.5629246416023	31.7135996765171	45.375270660028	79.5540939765898	45.2298003294986
Mad1_OG0002892	26.0290806494895	31.2455607060358	23.6769263852633	28.7036081255362	42.6790867124256	31.1294382232791
mad2_OG0010215	36.1021638507365	31.8314800490172	31.5844936414003	30.1089988392106	38.9624340651597	27.3351654123112
Madm_OG0004238	32.5457154634325	35.7268131176042	34.1185748887186	27.7957407878658	41.8152542009501	34.9777343098604
mael_OG0000374_OG0	3.41277657713015	2.32002784334596	4.15028267339629	2.99127708559591	2.58605911127937	1.00281229071158
maf-S_OG0006620	99.8312000088394	115.755279889917	65.9283600248282	111.486838794761	143.38755466832	99.4281475364365
MAGE_OG0004327	18.938840184658	19.1853625270686	15.7771710725236	11.9122379167379	19.5206510414515	28.4921706939492
Magi_OG0006275	7.71064105615387	8.43096240073576	5.70710687861638	6.80470311590912	11.7712425564935	4.14585531648921
mago_OG0006274	142.194233889419	147.89694477204	128.785920867054	151.916106037345	195.248399151938	140.771570948081
MagR_OG0008513	14.4267137058894	12.5288617353677	16.8827816205598	20.5419611483704	17.1291515650297	19.6371121484816
magu_OG0006288	17.5283743295204	20.1844468757461	14.0579318569287	13.1975548155102	24.0194536273521	19.2214367313526
mahe_OG0007944	7.09366559291168	26.6197587983063	19.0592979418806	12.9685324605995	9.66498504950596	56.7796799022431
mahj_OG0005966	28.6913381230034	25.1597866874379	24.8275517938546	23.2367698411453	33.8061755772927	28.2302386602346
mal_OG0003127	10.3811778209557	15.7118672181038	11.8281772724746	19.2197499010842	13.8847187706831	17.4868830123154
Mal-A5_OG0003052	93.7651967689312	123.866988660376	74.5731486596579	87.9344664224758	66.4184145616214	120.736718582314
Mal-B1_OG0009704	5.765020162546	2.88813825947091	1.92665087887264	2.81695674719359	4.03650337630934	7.3290539640594
mam_OG0001609	7.01462943451081	9.15170287994415	6.32746931314289	7.16925916142961	15.8445569093643	8.07631093207985
mam_OG0006542	3.09523406553797	8.57098385305848	8.92242163468123	18.3936857523741	41.254354287857	23.766017288694
mamo_OG0000259_OG1	97.7842233316315	123.385619271299	90.1060007582101	96.5420684057761	155.865729683562	97.9201578285222
mamo_OG0008244	2.63589014507976	6.9792071056938	10.7192596541494	4.8171288715252	4.47230966793164	4.74263010121436
MAN1_OG0006865	46.1847344904614	32.1852804365178	28.6192490320746	26.8547834163419	39.2092600735005	34.8138126892821
Manf_OG0004971	120.305768244285	145.181232487429	114.857196834672	117.32190245333	115.556405859379	55.2176707694493
Map205_OG0001101_OG0	36.9169537460949	38.4926673320803	20.5003122374288	33.5069598816157	43.3804473960589	11.5429048807153
Map60_OG0011597	124.106555307603	112.655729317289	105.710397385054	101.748823228264	167.306336684905	141.265434968199
MAPk-Ak2_OG0008426	58.0861774795273	64.3742786998931	49.7779767980615	45.475206188263	62.4981071323092	47.9358461610634
Mapmodulin_OG0006087	59.3543672306264	60.4458151452798	50.5608082398069	58.6216880356558	85.8600548684504	63.7116422721004
Marc_OG0000894	35.2246628819624	30.5335702676337	21.470155338602	32.5379621397068	34.5262748547166	36.7537040508134
Marcal1_OG0008961	5.00198659853978	6.38589619746738	4.80174420006751	6.91513624236084	9.93998781543912	8.49125627358713
Marf_OG0003168	85.5109184724271	66.2353801588046	78.3931732685306	62.5001882169167	75.4407822341279	75.1464722670127
mars_OG0007268	24.5390051554756	34.8821133373313	25.094616954977	27.8610633576326	40.3447643051757	36.4168965681749
mas_OG0010515	32.3866125844528	23.1860754397913	19.7251947441966	13.6471421168309	37.2620447300469	7.42676794828293
mask_OG0005299	29.3757513069551	48.8813794597408	45.3088344436326	33.9086707743299	55.1764809735653	54.0659714830791
Mat1_OG0002845	30.5717268064275	39.8339802344031	23.1339309298288	38.3547860825398	53.8971135370512	29.8507448203728
Mat89Ba_OG0004968	17.5144640691679	16.0740199374343	12.7723379865437	16.034296076749	18.6024179157852	16.6135634801721
mats_OG0004739	50.4469957855871	43.8817554334796	32.0881117075557	35.4367999119352	57.3549260142541	34.9029847432496
Mau2_OG0004601	18.3720701525082	17.3455167359236	15.9148239384005	16.687214911432	24.6162212202389	17.4146374422209
Max_OG0003844_OG0	48.4923991450445	38.3702637525063	38.9350225921604	42.9429429003708	49.5064997327262	10.3752204323936
mbc_OG0005528	5.77430989089238	6.99411195420424	5.91353653340026	4.71317634803409	8.7221940607896	7.13314113333475
MBD-like_OG0005554	24.6178298977429	27.4735876766951	23.765878679685	28.627182842838	46.5146182617721	20.2803645101995
MBD-R2_OG0002409_OG0	24.776160125243	35.9832208967183	25.5718340578874	31.421592846435	45.9148942486384	4.4366593957672
mbf1_OG0010734	93.8783483032946	85.7718928549936	99.0457436758001	82.568417545027	106.927974460097	57.3136185723214
mbl-PP_OG0005909	5.55816026591512	6.30391667421135	25.7370306074286	1.87452934624922	2.44903142018593	10.8562940594211
mbm_OG0008736	25.7579274893305	28.109431931009	15.9291018665874	29.859639256401	27.8668104145038	16.4009335587344
mbo_OG0004438	24.4002229657156	35.6825779101183	18.2389175027708	26.3595889942715	35.9711385846616	24.7902065653094
Mbs-PS_OG0012408	9.51654975313364	11.136510936973	9.12780263413992	9.32258079219695	9.68645700817497	11.584460033781
mbt_OG0008550	31.957666088834	29.9143221077431	27.9991051223048	28.1573529809414	45.8398330787045	22.4790271623728
Mcad_OG0003974	234.151173309117	186.207061684978	148.470419321401	213.15472667903	128.89530122575	132.833243764268
Mccc1_OG0002670	22.1600492615126	41.6002155237637	69.5592258491159	57.5093929579498	37.5023077870439	70.5045132303887
Mccc2_OG0006793	19.4916190285325	28.9801562626947	58.1871203881848	55.8463119180435	27.884636910712	57.247571863886
Mcm10_OG0003684_OG0	9.69314050116746	15.4116194528682	10.9233924506575	15.1492694805258	19.1233607976704	7.99395426235585
Mcm2_OG0004802	53.3442837771926	44.244361371645	57.1206115098053	48.5740992054096	56.1284446668284	59.5911694352018
Mcm3_OG0003215	45.3120996882946	42.8506155502273	40.0764696854512	53.5610851990438	58.23410994279	57.5373431703839
Mcm5_OG0004912	39.9397265241491	37.6422384763251	41.978955713156	46.9911181861416	58.9741001359007	48.6172956888703
Mcm6_OG0007733	46.007257225531	61.3365394652165	43.681199678342	50.2390193653214	57.068629216773	58.2769564570522
Mcm7_OG0011214	48.8959486592627	59.2134910671198	50.8816693639037	60.4940877416495	72.1346353069159	71.3300743764189
Mco1_OG0009289	12.3543613649274	2.35053210439572	1.99830141317253	2.84796209357519	1.57696560020922	7.0654711270133
MCPH1_OG0006574	23.2622589309407	33.0281664949014	21.5659955887863	25.126678487305	46.694331340019	14.715821055488
MCPH1_OG0006576	12.6560218477928	17.4225291739759	11.7571546036996	12.0731657591502	27.5455964109777	5.63032000627724
Mcr_OG0009781	52.5892224121978	68.3352105647534	65.4780590111786	38.1472424367566	90.7754456685951	56.9269978249082
Mct1_OG0007780	12.8498529845883	18.6350812775038	13.3131408422672	22.3741242871806	15.1269263072101	5.01006414504435
Mct1_OG0007782	7.87916102952186	8.19903171156912	9.84678981156474	10.0992699749465	7.66577111692443	3.76498718387453
MCTS1_OG0008621	45.4672135154695	69.9230088473468	60.5659776781959	46.1598425241479	79.9115417883542	27.2936503584445
MCU_OG0010259	65.6836394710794	44.7269469673658	45.4261818456393	45.3680754301183	41.1034342242693	21.2299020773286
Mdh2_OG0005056	347.607904532622	422.33888188519	767.402918255124	467.147588911426	275.922018558185	604.838905299224
Mdr49_OG0001143_OG0	1.84095345192882	8.18049556463522	6.32834198420401	7.97737615451713	22.7791623287478	2.6488221160114
Mdr65_OG0010250	7.23869008961967	11.1350665701757	25.9197778648038	20.4457398917384	16.5984312487771	12.1218555769865
mdy_OG0008883	21.5052670928726	25.2878644876897	21.3839667760586	17.6543600117318	24.9045826436684	20.0788802817333
mdy_OG0008885	23.7184236840192	31.8109229317008	19.4350250377876	21.2025980942252	25.4434250333985	23.4979090816787
me31B_OG0012343	134.58816763093	141.141317696929	95.8226769798171	118.218879733162	182.030009031671	107.448530072473
Mec2_OG0000913_OG0	2.1407692664917	6.89992341896221	14.6638552830564	2.40445490401327	3.8053796231411	1.40467895912298
Med_OG0005812	27.8427400589631	35.8289890410208	26.1755944298875	32.135343052676	46.2216605718139	25.6960551820515
MED1_OG0009869	24.8011641727831	28.2688645432055	22.8466004955618	27.3625399735318	42.7218309272602	28.7056263688089
MED10_OG0010783	73.9384385218156	80.6302297232826	32.51483796897	105.964531217091	141.71346552371	85.8375088365531
MED11_OG0009923	31.8713932242487	64.054557820682	30.4962634749496	46.8694515040724	85.2680862359976	34.1950448112634
MED14_OG0011361	30.5826177602303	27.72984603152	26.0351139321288	27.1960162849548	38.4521237297132	31.2744305164619
MED15_OG0003357	26.0708646732125	35.2231871984542	27.6658158371287	26.1164803696292	39.9807385777467	19.3501850757928
MED16_OG0006463	13.8964593974002	15.483441969405	11.616239486992	15.1895062873705	24.565944189815	15.0147783521007
MED17_OG0002481_OG0	26.7886743666172	27.1155633261938	22.7555614471479	25.1966240111856	38.355057888115	15.0094689850511
MED18_OG0007644	17.7509976360843	41.2535300050311	18.7177273726627	32.379435324668	37.282715587054	17.3830365527592
MED19_OG0010114	28.7535809425665	48.6131755196801	32.4282286686708	33.4296394506537	55.2917421861703	36.8372261653558
MED20_OG0008255	33.0401279226636	25.4313555133342	23.6821795655115	41.368766531979	42.3826704683772	19.3687519344203
MED22_OG0007346	39.1908288106889	51.3150557710633	35.7828713714204	42.2664934596656	45.2861838845062	19.0043180548059
MED23_OG0006970	12.8193204218528	16.5839539570885	16.021560519777	12.1275321342315	22.7495589102902	20.7301712634242
MED24_OG0011154	12.7713131413238	12.3543086899089	10.4856466013445	11.6759626770645	17.2479378895299	11.0365488639978
MED25_OG0002171_OG0	17.0128439764302	23.0495359696636	21.6724268625549	18.1730742713156	25.9798809726346	8.05729730253588
MED27_OG0004228	17.4760345166364	18.8275870252186	12.5647817785824	22.9186327745887	25.0440042826452	11.3022397547043
MED28_OG0005149	36.3336569693736	31.5590757586454	24.4715337330466	29.8979483054546	41.8017341774577	36.7883895563984
MED30_OG0011356	21.8410317344267	24.118093144342	21.7272761277419	22.4427438788542	32.8649309658673	38.2330572529867
MED4_OG0010427	20.809061221378	20.7432371578629	16.3182700409536	17.547351948922	25.2858996734776	16.8736337111746
MED6_OG0004564	23.580548808502	37.4792457074155	20.5627489399926	27.2224131800456	37.7531218158956	29.8200206692997
MED7_OG0004905	44.5527250268887	51.7313329311981	35.4566117129445	47.9875151659088	63.0293316178088	30.3725982462648
MED8_OG0007090	50.608975769742	42.6748299566396	26.8641214192897	39.6431179645213	62.8298192610087	28.2259226287153
MED9_OG0006495	82.7208443923606	56.0502496648738	36.4545967830047	36.9380157343976	63.2321707999064	69.2275654920907
Mef2_OG0006324	28.7999634795858	27.914915669654	29.9781887075754	24.8096977069966	39.0132216127125	21.3160927581764
mEFG1_OG0001884_OG0	19.5206289285702	16.7411068525281	11.3292090929862	19.0175932128068	17.4142862469362	21.3855892578774
mEFTs_OG0003691	65.4191364382252	55.6993703559227	53.4541000614006	53.6623373601035	47.1833853724734	33.6877948284647
mEFTu1_OG0007269	95.8103065241964	123.864566646631	131.118194709681	135.330125245082	110.948591705741	166.245678243415
mEFTu2_OG0006737	26.9718888685867	33.0989587510585	14.2709105611939	31.370792766283	41.9727052131935	27.5353831029611
Megf8_OG0009783	5.23224669905646	10.0049678850682	7.64013568522147	4.70271057876599	9.19893444168839	14.2382692084057
mei-218_OG0008592	3.18438087587239	6.6744018873306	1.57841920248645	1.98129665678379	1.90822811322727	2.54400674557103
mei-38_OG0003154	43.3084451704765	25.0506050171509	27.9802897023936	22.3622911052608	37.0617647072848	16.4663647646947
mei-41_OG0008194	8.46020295194628	5.95981205587829	4.1454898310744	3.80150890664598	8.02452683101845	5.46631533233438
mei-9_OG0007928	15.1654788276475	10.2177279181711	10.1761280379479	7.74420192417175	12.4881789861172	11.5569174516053
mei-P26_OG0007588	5.48858330793486	21.0129806482392	4.37856423109226	6.0895253361122	6.87823877070451	10.6240160316206
mei-S332_OG0005926	12.8871313389656	12.2570144944562	12.8397830795267	12.6263394190932	20.6997760540897	12.1037878909884
Meics_OG0010900	12.325372580942	13.0456882785567	7.91596290356396	13.4500284457893	20.6763686017681	8.36691981814088
meigo_OG0004395	74.719905094878	47.5606270501346	45.9673520321017	36.3066672058659	39.0796834494007	37.3581467893892
Mekk1_OG0004456	11.9768754047803	18.2371387022584	10.2019585968329	14.7963011320342	30.2194344471489	12.3539854168939
melt_OG0010416	54.4542652505282	42.7386962184307	49.0279718910448	43.8797508763344	57.7322016140239	48.2596527315479
Meltrin_OG0001086_OG0	3.06458976379546	3.67113645198822	2.98539611607773	8.15036999296711	5.83446392084599	7.43412639986442
Membrin_OG0010589	25.2814799975965	36.6879931574275	16.3018518808217	27.4204449155324	36.7370932211646	16.8236323007509
Men_OG0005027	58.7229051995718	53.4832934563321	51.1280450452019	69.6964770989146	43.074982356005	61.5002070179358
Men-b_OG0001505	49.4863125320947	53.3628054714361	62.9058311055722	65.1016112663412	22.8684413945952	81.5557803237135
meng_OG0009624	8.15912400288881	7.60094782725714	5.73409808895637	6.39492408633298	5.16256925345011	14.5688003282672
MEP-1_OG0011102	72.4611245834836	83.9853591140556	71.0769090307646	41.6069576605124	118.241623207477	77.7972111860875
Mer_OG0007417	42.321449367741	40.1575681415807	32.6677819419031	46.2364893795576	62.5223435841204	49.1976811609929
Mesh1_OG0005101	7.15975935813283	13.1342670103496	7.66161392667175	9.30413922442019	9.97828609349808	5.44535018429374
MESK2_OG0006909	19.0684849927816	18.3008389283094	12.8297641723491	15.5350124695792	17.3343171591487	15.3722386624296
meso18E_OG0011720	10.8664419560211	2.27292147876627	9.49196722848332	14.2923719960068	8.00744266041304	4.83312906298716
MESR3_OG0009511	53.8045756745567	64.8439093210119	38.9368009621428	46.1212014707174	87.6976707961375	38.3468568486874
MESR4_OG0005882	19.7071009021329	27.8492314994201	21.7265884382139	19.1547841796872	33.9155399969858	25.4408383713429
MESR6_OG0003855_OG0	42.7355818039694	96.6658531810462	16.1967986505499	43.5847214180556	115.793902171991	8.70674831722996
Met_OG0008391	10.2905959583585	15.010840093298	13.1517720411853	13.970627114301	19.3191743040017	19.2548005927298
metro_OG0002790_OG0	15.8194022171298	15.5029329729725	7.3986032687516	20.8532328499897	14.885999155594	9.63508958326626
MetRS_OG0006654	41.323523962312	47.9558860877342	45.1639723311508	45.4925267804933	53.7837068139408	44.816047959202
Mettl14_OG0003494	33.7389428525053	31.8731493843305	22.1730635767612	27.5767108732471	36.2042524892486	24.6402555110882
Mettl2_OG0011277	13.471560625431	26.0983270559971	15.5962702616212	28.6390011999644	29.5649739346758	20.2153128248408
Mettl3_OG0002534	14.5533933220724	16.2475716258166	12.2177749479646	16.4402849996469	21.5365626211276	14.7403121303421
Mettl5_OG0003842_OG0	13.2744010098764	17.3458850431789	19.4533540598122	19.8051150547715	18.9779107856333	2.57652849592466
Mettl5_OG0003843_OG0	38.3715428208734	34.9051168040274	43.8206058116148	45.9093829418125	44.8608868453491	5.7439348392333
mew_OG0011736	16.0961872302092	12.5701503920882	10.8632108235119	9.6734391557378	16.7804543015454	9.95153508443296
mey_OG0005806	2.58448292535805	8.79459080120877	2.12048814153238	3.33951552660185	15.9740547208325	3.74999750309346
Mf_OG0004599	615.836601837713	508.398451758562	612.661946711113	583.308879931551	344.776698683144	748.986697850885
mfas_OG0002416_OG0	153.424604238826	137.112040873582	114.448703113201	153.939350637593	98.4314540692884	86.9807466053494
Mfe2_OG0008178	53.2719675474736	76.8220371447425	43.227387711103	80.5712315779091	74.2056666245845	40.8124982840386
mfrn_OG0005545	16.3405799747083	15.7805563978412	17.1369742326077	15.1720956653238	19.7319711883605	17.4547172938385
MFS10_OG0008487	16.5599399794491	11.9424509293676	12.776857246595	14.4231953318063	14.2750709317972	22.0983686548288
MFS14_OG0006657	8.79805733678132	12.1505086344519	7.72701854178629	6.84652995397842	10.7486096846677	6.7026498575906
MFS15_OG0001621	22.0156982785514	25.0028195228643	17.4254088146706	27.741332614419	18.7500754402611	27.1476481782873
MFS16_OG0006928	24.9250075076224	31.6043520547307	27.2623448719757	26.0706335386547	38.6563676498614	20.974206645781
MFS18_OG0008998	49.6074819406578	44.8102276475678	28.6205961727978	30.9376833989173	38.5565702964615	20.8985788383257
MFS3_OG0009022	90.6367382578794	83.2845304149681	138.650767128129	88.5425831025152	71.3481862513122	67.8992222683419
Mgat1_OG0007105	19.5298642605332	22.5683671076318	23.3528601939287	15.654930261992	20.7941539310461	17.5187013807012
Mgat2_OG0002635	13.2055786374126	11.6908338923654	12.9504574926612	13.5378063743672	18.0404526682282	9.2428339508657
mge_OG0011881	69.7458106387868	58.892792337988	63.874251182164	66.1085529733329	65.8089951849272	64.7678526623619
mgl_OG0007565	5.37945502395827	4.36744206625854	29.6789665534149	12.8587488995571	4.54847057455988	32.9719104300685
mgr_OG0005444	162.791986440752	126.58278869705	118.570708534698	138.069121588607	165.317964408449	124.003470654786
Mhc_OG0008879	993.799903877759	1138.84148647081	1845.25821241497	1602.20114725062	748.791977266248	2203.84112583984
Mhcl_OG0005201	3.89661290435868	5.41365335520033	5.04884448560774	4.17895529808768	8.84314218505456	8.38294875763894
mi_OG0006001	17.0797634365026	16.6446523157928	15.8748214982561	15.9203199549523	22.4987220080312	19.5202219397966
Mi-2_OG0011872	99.0632584332768	118.024938412867	92.7368518314631	105.634579682682	167.703923548377	110.016386634826
mib1_OG0010008	27.2376273588995	27.6575923378389	21.2954598832497	21.2800394539614	35.6090780872038	28.7909348933023
mib2_OG0009537	22.6362372074401	20.739968409157	16.480714013092	20.9809950473184	27.8284874863766	16.1293358438491
Mic26-27_OG0005417	209.953636614721	322.535832307326	355.904173808002	352.928573465486	202.66195197255	262.393541120764
Mical_OG0001032	14.5439216832292	26.471876215095	9.25475098588687	18.645644055163	43.0634192121784	13.4623915361331
MICAL-like_OG0003915_OG0	26.3693373485758	29.2242767093949	25.6583124931505	22.5027428119512	28.446493793427	8.50844903487083
MICU1_OG0009340	42.9333365290671	30.7098107681064	22.0983183159727	29.3584424204209	35.1219555852951	42.2561280330513
MICU3_OG0004513	10.9544757613908	9.76939679751787	8.50786222930954	9.21570960681885	7.22027985071017	10.5679531930701
mid_OG0008826	10.4967552493536	20.6315388980924	7.73293686714154	8.66208818642051	16.2695511001102	8.17679616345158
mIF2_OG0005404	7.57576342815862	6.91141472397529	7.13311945542225	5.20277773025284	6.18458063022314	6.97032735293508
mIF3_OG0002777	18.9371418390511	15.624574809332	22.4757265430499	21.7139624623382	19.1647847477083	17.751972224041
Miga_OG0001744_OG0	20.3659170553776	19.6099149945951	19.8911557363459	20.0835929299752	23.8366634654089	14.8849333879038
milt_OG0011795	18.2891057794472	4.22805072272159	2.78224160149346	30.6478139525924	5.3451894268408	3.55571071345701
mim_OG0006782	13.263326108804	9.31620175211103	11.2045286621002	8.65952014324076	15.6747002234749	11.3280029354404
Mink_OG0001076	35.9383732967099	40.1526355093465	34.8769463863678	37.3893940650106	59.7373433175652	37.4045437480528
mino_OG0005542	24.2184616214523	25.0400683912324	18.5487738222363	26.5856456128364	24.4282740391039	23.7870716536838
mio_OG0001224	17.9071008001827	20.6965667396047	14.5558550398721	17.1504121435181	25.7834120500204	17.228854731948
Mip_OG0010920	6.46924172893128	3.75925232297168	10.3617629624282	12.9458639286982	7.85929986217585	4.99079689977239
mip120_OG0007270	20.4949294145882	24.0220303281122	19.0086783301214	20.9736950108517	39.9939726321965	23.7356520031297
mip40_OG0002908	42.3837400757468	52.2417738560618	48.8355362970565	31.9538853962057	38.7934665727422	30.509865193685
miple2_OG0012440	176.441189980815	179.523832157144	129.529554501061	128.165027958006	297.198999333096	51.2187235978574
Mipp1_OG0002029	20.8479824326084	16.0702766677276	32.8927006631234	26.0566210132058	9.15150755485047	19.5272824807389
Mipp2_OG0003324_OG0	4.53055462851065	1.99247022618331	7.59703985211877	4.14276107029921	4.63380437853936	6.52592567970084
mira_OG0004524	8.06293525040266	12.2695601339652	26.4715775200221	23.0528909733757	34.5452657790701	24.2284182892513
Miro_OG0002533	33.8082519621937	27.323958412724	34.6277204640457	33.9248265050217	42.1907349897615	44.1417204693318
mirr_OG0003872	8.64823156719209	4.77342805643864	3.30226938899722	4.03870569545327	6.35665832654717	3.58821076020566
Mis12_OG0011866	26.7035909636929	10.4343964040822	10.9564556686188	12.1972381313239	21.1251640871831	10.8416977150579
Mitofilin_OG0002308	105.839559753663	111.102037055901	140.572492626095	134.902430209849	114.788918953208	178.527921267026
Mkk4_OG0002324	41.6149261533239	46.2441755404128	45.7424337463065	38.19321685031	57.0149172007156	44.4067493473723
MKP-4_OG0007426	21.9715726635028	12.8913774442735	11.8743935269422	13.0419125155386	19.6749651428231	8.01369992179101
Mlc-c_OG0007372	65.5604696117893	85.5536616169507	58.974955780613	66.0066235667811	99.3059517017236	47.3133120134284
Mlc1_OG0005350	1602.25910889049	1906.57456483525	2384.13668011127	2317.41121841763	1035.74643385852	13108.0847129024
Mlc2_OG0005734	6074.85767575553	7965.30511797423	8674.03044375351	10276.7641785288	5037.97412237021	11876.8731707828
mld_OG0004619	3.16940455577863	4.98409414659545	3.44377880368698	8.76129960251568	6.04288746815249	7.16231045411574
mldr_OG0007710	13.3998428877051	10.201341566435	6.04540222926918	9.91772561540762	12.3234484604621	13.6244203517531
Mlf_OG0006802	37.377780799045	32.1997166219986	32.5449545314979	37.4948905481176	52.7731648056776	29.8189014156219
Mlh1_OG0007168	6.58258794125553	11.3127126572571	6.95327907892605	12.2654363853674	13.2743456567671	8.55537688828928
Mlp60A_OG0006872	524.698748476309	465.370684349529	591.898340512394	662.066861342505	393.358379142996	799.58811740726
Mlp84B_OG0004318	1602.94170090994	828.941982365188	1261.45926087921	1138.2373020303	781.010205683903	2376.77175509765
mlt_OG0002816	56.642884390428	52.324793635057	45.6784675808847	40.1863129056142	67.2377535203506	41.4300927211953
MME1_OG0001248	10.5549374890801	8.078632494968	9.93237206799545	8.86480186602981	13.7398763457081	6.80544382111455
Mmp1_OG0002751	9.1155615708921	12.6134859951265	4.20028788452307	11.5152936349804	27.3186797053306	4.1065056255367
Mmp2_OG0006348	48.4273219964541	38.0872173211537	113.425923107051	35.2153691149349	79.5014797854615	33.3780153529287
Mms19_OG0004167	27.0532985186738	22.5527455818166	20.8991758133044	21.2892035605278	31.0716226952439	25.611174289818
mms4_OG0002847	4.25728956907794	5.80356454877821	4.58814988333534	4.76219913782236	5.30570121754028	3.35308736971013
mmy_OG0003742	55.365892476483	37.3464043919839	68.525485725872	41.3771604447408	37.0813606123056	53.4973261844718
Mnat9_OG0005813	8.50912183857267	11.2063095525445	6.24273401583525	8.59318450338789	8.81146266188605	6.78583634289286
mnb_OG0007612	9.74430163929324	14.0297153868778	5.81686111169617	10.9328015516703	26.7699889581433	6.54931174755282
mnd_OG0010849	14.2593315292916	20.2286563790117	14.9898201948116	15.3177512041731	24.5118461402411	15.0683301922972
MnM_OG0003996	27.8818889136466	21.7056579098445	35.7254492653293	28.3046986215255	14.726649585716	38.8693532148315
Mnn1_OG0009346	8.34704544691349	13.7757041312908	8.4003620488023	8.7248136810183	19.1909789027629	10.6135746751616
Mnt_OG0008140	16.1835171577911	20.3009280091155	13.6827325396264	16.2763714232433	25.9873648034137	16.0667043045497
Mo25_OG0010723	93.9371914435663	124.112042179389	86.1097375276444	95.5875524143107	121.626888348555	101.923430905784
Mob2_OG0010041	29.0325904098611	31.3786726950245	25.1027454140701	29.9428245303456	36.3301976891662	24.9197647109974
Mob3_OG0013019	37.8485604456861	29.0633381064505	28.5011727770412	24.1093399417592	34.195960306568	27.5764597233628
Moca-cyp_OG0005407	47.9634260311573	48.0166153441069	40.5250396362059	42.4952439888141	64.1071155997012	22.6104699019442
Mocs1_OG0010074	20.2079596368245	17.7571647444714	10.6707955318045	13.4368387413756	19.8050757632001	23.9087260187131
Mocs2B_OG0005177	16.8843719208585	21.9655096859723	13.0934689099009	23.8977232072944	27.3522863286441	20.3386128207263
mod_OG0000067_OG0	227.463474428552	240.979495075164	203.264369475777	216.726219133653	235.944818743439	13.1488226949882
mod(mdg4)_OG0001359_OG0	99.0439539813171	106.364955323278	98.8848330129388	84.4420574459026	130.427816028631	43.2849587634147
mod(mdg4)_OG0001360	23.0417336432447	12.1222172777876	6.18625146616629	13.2897946477968	15.8329802965477	14.2061436885282
mod(mdg4)_OG0004378	18.0332035449162	21.0934102128735	12.6632919746152	15.7714936298937	16.9819953708798	6.13700594078615
mod(mdg4)_OG0011982	21.9669291524158	20.8399192190144	11.8263427790127	17.8980230870359	29.314433039715	4.80144338926028
mod(mdg4)_OG0012425	12.5980337057457	18.8055230539478	18.1518772584631	11.8365877424565	19.8027779032082	8.68970459202508
mod(mdg4)_OG0012451	11.8038568348532	35.0650921217488	24.7771928052318	31.0611535820576	15.8973737705195	12.0391078895251
mod(mdg4)-PP_OG0002131	28.4943442052137	31.2738253035286	10.2089528817106	19.2995820182475	31.3285611796498	12.8987014205113
mod(mdg4)-PZ_OG0004380	21.5093756057525	27.6590587279	19.517794106563	22.2108394803229	37.3275482466749	11.407963121255
modSP_OG0004997	17.0739718624265	26.6793279049379	22.599579983913	32.5407345893756	43.7895141338759	41.7858808030724
Moe_OG0003174	181.940466167641	186.459948271975	150.9671747905	134.66642125689	243.496387879375	170.340317358272
mof_OG0008418	19.5926156412709	16.3961509383922	22.6375777480767	15.9676801479816	26.487303373767	34.5834753823192
moi_OG0011489	10.722132668824	10.6585321033678	11.5360107210557	7.75188316121279	10.3700136013736	8.09338156135745
Mon1_OG0008973	21.1549144658349	23.3083643662145	18.7201975747041	20.8820160430879	26.4204135309701	18.0345978626059
mon2_OG0009779	19.8624208023875	25.3328228686337	21.7759396316257	20.396283617068	31.5394521206557	19.8781192022114
moody_OG0007622	13.2780543617328	13.6887669088579	21.4310890285997	14.4527446291245	21.1095270162386	14.8497233199354
mor_OG0005211	92.7334675706751	94.2323075103419	83.8318472291775	84.0069192015559	141.924031062513	81.7664102712206
mora_OG0005305	22.5817736182833	34.7932645869661	21.5019833571028	28.8591190888044	30.945045140854	30.7303501425914
morgue_OG0009000	23.3294145689752	25.7359049893036	20.8594658579631	22.7319932343459	37.0947819874422	31.8439742466766
Mp_OG0011876	2.73313677171473	5.71647583363129	2.8081665041964	3.74883619729942	10.2346809251664	5.89896189102461
Mp-PR_OG0010405	2.20980005018645	5.3438953995688	2.54767236016732	3.85599362291995	8.49159834642804	4.80302873925538
MP1_OG0003099	47.1796182535253	36.636297381703	52.4845200235658	38.0769813363366	58.2382766651613	24.7023268110489
Mp20_OG0007252	4890.17523067862	4111.52919459213	3032.29977844872	3923.32766237675	2898.08441247448	4580.21272025114
Mpc1_OG0004466	39.0521695436855	40.0986028339403	84.5743211865867	76.4199542140669	53.8921546123142	72.9754775326343
Mpcp1_OG0007085	235.433834259644	520.205396368885	418.895362838906	640.478165386031	179.502671276295	658.414321042601
Mpcp2_OG0001104	275.226067751966	254.269563462666	354.346840108848	325.333976230452	300.628003736902	538.184272376945
Mpi_OG0004563	46.3247079247111	76.9441399164469	41.4939290361581	66.0865820658013	54.6330857797132	42.2794277459063
Mpp6_OG0003679_OG0	25.9577966032338	20.7484208403574	18.1422472593739	37.6408109838063	31.6640008495219	19.3728825937555
Mppe_OG0006585	17.3673224898006	11.6162001366589	9.80590715868875	8.00572424266654	14.4102993532295	9.31786246004908
Mps1_OG0004893	10.8550989124055	9.92542510446006	8.93295793562303	10.6153490467505	16.0644282855205	11.6138196401468
mr_OG0006855	12.2620851851778	20.2031070718437	14.0409231794035	13.7013667314432	21.3310436107069	16.1249726374936
mre11_OG0000804	20.268105426914	21.897655490785	23.8841282797467	26.6169995530609	28.6695311348555	24.2920142857846
MRG15_OG0004612	32.850589683485	43.6088021248387	24.4693157686685	35.8902812583832	49.7483828116041	28.8748499701748
MrgBP_OG0007119	65.1257767797946	56.3636166424501	52.9667167078503	48.6271535413156	55.3987612734708	45.2497308240086
mri_OG0011385	61.4442454881885	63.6870425859438	45.1077322534457	54.2735486037559	84.8448350676293	69.5178568518099
mrj_OG0006117	25.3487166148561	50.4075943149075	42.9230356161611	57.5060555128504	69.560084934645	28.5448198304014
mrn_OG0009976	12.7524441483559	24.3837166355874	16.8794017470644	20.4024401580928	27.0844967515935	22.930968559852
mRNA-cap_OG0008227	60.5317884284803	54.5900306505666	36.500849181959	49.4017734668011	59.5200051238946	87.496391160565
MRP_OG0009761	26.3276465305752	22.895994780166	37.316419104682	35.9830314217052	29.4308975968366	43.6275785153354
mRpL1_OG0002316	27.6994643368882	37.1327220073514	32.1507918626448	39.0155591455511	36.6381981713195	29.5683096931893
mRpL10_OG0003350	28.8064095172675	32.7656665352954	27.929605919134	34.9338414965575	34.0706220982806	40.9733867409804
mRpL11_OG0002581_OG0	21.4075725681727	24.8657525986331	19.4390714076524	28.9305863365325	21.3673181737659	8.95109627513098
mRpL12_OG0011218	100.348835123382	118.767780904115	95.0261811154008	96.0958398027248	101.698407516938	87.1040671259622
mRpL14_OG0007596	43.7713050249416	53.7810387999337	42.2315760814035	61.7206405870545	46.6119562645836	46.7656382423669
mRpL15_OG0010365	38.0749409068177	35.2801246271051	30.5095060333663	29.2761769910491	30.6964720528068	29.7141694101302
mRpL16_OG0007637	40.5831237781243	44.1056098927924	29.4892570033117	45.8704058098808	39.7325964545861	39.7228103614001
mRpL17_OG0011393	28.7752543544321	39.7712416848934	25.1606465457904	37.1699180172013	33.7713659209318	12.7675404246373
mRpL18_OG0007221	27.0280719296958	36.4869204013319	46.5451091891577	39.5995254901439	29.4449860213952	32.1830104720285
mRpL19_OG0000739	28.4313211325239	40.3174918208277	35.2420534094341	36.0397337737273	31.3846193430357	29.0431279816816
mRpL2_OG0010069	32.2233101115734	39.6441386233284	37.2175295446969	43.3021078856436	37.5921659367385	41.9736613613114
mRpL20_OG0003916	39.1645533313856	48.4073554212257	26.6924431235347	44.4357098354444	39.1567423974529	30.4945025031696
mRpL21_OG0003848_OG0	29.3206342244265	27.4177797633365	37.071742446832	27.6068844046076	32.4076633557383	11.1264821651135
mRpL22_OG0008485	37.2037229808033	60.250218062639	41.2700589447773	53.007400609356	59.2040199559915	41.9036887430264
mRpL23_OG0011086	47.9118114528075	50.1996163363739	41.0470083678941	51.3196947344883	41.8738008651993	47.7999909025176
mRpL24_OG0008963	28.1708249072228	40.2528524024376	31.6935824962399	31.0875227488931	25.1322887164147	51.2838992078721
mRpL27_OG0008993	40.7246505308173	58.8336306191169	40.9525400053596	56.2908941242802	61.1214191233198	49.3733642640075
mRpL28_OG0003424	74.1451135133308	90.7998092550715	79.1658263345902	91.0527838642973	75.5098179157135	76.9706800093881
mRpL3_OG0011731	50.4656378102356	41.7230037093807	43.6151065588356	39.117862101077	42.1094207341646	41.031371095019
mRpL30_OG0007916	44.2530813175027	78.5324282253604	45.2323871724637	39.3935518351839	31.4601278140745	49.7282035874053
mRpL32_OG0005794	23.0681896408357	23.923938869382	21.9399784187853	25.6707418695427	24.8144599417124	26.1997555058525
mRpL35_OG0002307	45.4617622421839	42.6947069994227	50.5567300483839	32.8838992911792	28.2076306634161	32.7066363385096
mRpL36_OG0010551	53.8638105005815	38.6492037305078	44.7325686261794	38.3923288931909	33.2894765992027	47.0596684261925
mRpL37_OG0004910	22.3523245122321	33.3250686074195	26.5830221266804	33.5684003657543	31.8027736019179	27.9011956771985
mRpL38_OG0000513	35.6962850511282	32.2271827837596	29.9833373011918	40.6717891197217	42.4626818972693	41.5240065108227
mRpL39_OG0010847	24.8485032112347	29.6488492792603	24.2705072073748	22.9234605697396	24.9920164404513	28.4671445402871
mRpL4_OG0008853	41.4421914506729	43.3003142633522	42.092449520072	39.7054250978579	41.3622067966428	50.6469061726043
mRpL40_OG0005445	38.4120444904464	31.0299334218033	39.9741709497231	39.9578927168812	37.3139290982657	25.7352040592857
mRpL41_OG0006840	35.1687145428995	38.3498120647231	31.071051821961	63.6756823503627	52.8492329949957	41.6272116524306
mRpL42_OG0006289	47.3079815672425	69.0441729775506	53.6484505794806	56.4295369133797	55.304396427209	61.8795582389052
mRpL43_OG0005991	30.776194865123	38.3174410605004	28.4108046938304	30.6409328657351	29.6447890022576	23.0464043740914
mRpL44_OG0004196	35.2632724701492	45.9254697136022	40.4773998191182	34.033817383794	34.2318547422063	34.6737349546685
mRpL45_OG0004713	34.4763249295944	49.3148423488674	30.1870903595454	53.2371158945708	45.4605576068908	35.497948941318
mRpL46_OG0011039	31.8008424725904	33.1877907618679	31.337893710609	38.3878366834743	34.2245195928623	41.9936452379886
mRpL47_OG0005548	38.5611797989856	41.0086054093921	36.9573453568366	43.8188137734089	38.5855748519602	38.6648027614628
mRpL48_OG0009052	27.3216708954982	29.230999836835	27.9049181832658	26.8935526341604	28.1225838538315	63.9721437728913
mRpL49_OG0008443	37.5793568042577	49.277463534458	31.4712380282765	36.7567352782639	39.520621300883	49.5856096119171
mRpL50_OG0010424	44.9951903519953	37.4985370937477	35.9019479785404	42.8515479576208	42.5306429880933	38.8785195864027
mRpL51_OG0003721	34.5014403750943	40.7601210696348	49.1325098629023	48.8106584877855	44.594519337903	45.1734832631277
mRpL52_OG0006720	32.9862409582623	51.7057450951162	43.7662742692017	49.2250127224339	51.6266960539269	27.9985535571413
mRpL53_OG0007308	44.0322288740031	58.172873784955	37.2305844335207	49.1922936659135	42.7151816462916	53.5513444355931
mRpL54_OG0006271	35.0765704474854	38.1482576117911	29.1899156706925	40.8882126690719	39.6177447586353	44.5641053950176
mRpL55_OG0004476	45.6329937157729	42.4880960621305	31.9234796910013	31.0541334567804	27.4615352045611	3.2537688917123
mRpL9_OG0005262	42.3001897474137	38.3574871750549	45.4012103379113	54.1099383298093	43.6264073937378	39.9919731035644
mRpS10_OG0004605	32.481291958148	58.5185086573599	30.9069900165522	44.1073863090618	41.6833412618167	34.3175984767799
mRpS11_OG0002371	28.122325843198	34.9493251956189	31.6457755452697	38.8897885870059	38.81783873523	24.4289678853668
mRpS14_OG0007446	39.596688544446	43.3298649774491	36.4145732818346	35.6216652074393	32.6565899503684	38.1992709341019
mRpS16_OG0006534	36.771346957359	54.118883751408	36.8976129956941	40.3835979608614	43.038884214622	43.7212419971822
mRpS17_OG0006886	44.2667593518594	58.2220475868352	57.9757968812224	40.9037850528058	51.5544808523159	39.479132739713
mRpS18A_OG0004821	28.7098970732742	39.216932616538	26.500112313655	32.5231843385533	33.4874185601621	17.9855201089706
mRpS18B_OG0009131	45.8718371819022	33.8107634285124	31.2858552554079	35.2819541954623	26.9785585707041	16.6171054631122
mRpS18C_OG0002644	35.5500398791159	24.1419496877305	24.5113646680059	24.6535793829034	27.2640654892494	25.203302341501
mRpS2_OG0001860	23.8207744735544	29.7484267758657	32.5041510479105	35.8475279060756	27.6927679436766	32.0906583589996
mRpS21_OG0004919	40.4779819205898	61.2483455004734	31.6527321564571	47.5826728272183	59.2336985002484	45.5904209767271
mRpS22_OG0005538	49.3547541138057	52.1320448982382	44.6843702981595	46.3700857696913	66.5484796018249	36.5137936407044
mRpS23_OG0009183	28.6484635897669	33.0463330736525	30.0143320142727	26.9403376602742	23.5080778476982	22.416340987244
mRpS24_OG0005309	29.0510788052525	28.0771506929283	30.9103842653971	33.9942511625283	38.6842620099892	29.3827243580017
mRpS25_OG0008218	27.4180173094684	31.1055666083124	24.6717901467618	37.9707623592024	30.7650113542171	13.8215330573708
mRpS26_OG0010126	60.8633668066858	44.580567200989	41.6075505656773	39.6112050193566	38.876312452752	37.3596223316289
mRpS28_OG0006711	24.0380771123351	34.2723224900122	28.3974645407808	26.4373335402728	27.5588359442443	26.5589565927894
mRpS29_OG0007022	40.4385207382776	37.8571532273632	55.6258701082326	34.310965619801	44.3274664922143	36.1594904140237
mRpS30_OG0008505	51.9995547547292	58.416269847381	41.9792222899165	46.0913071832494	43.3894183836095	50.4558859973383
mRpS31_OG0010007	28.2877506479268	33.808187838399	31.5311705781154	33.1777483235118	36.4039053792177	28.6946674206331
mRpS33_OG0004978	28.9324880671689	45.403380275908	36.6645485010453	49.0923634848153	31.8150394781555	30.087075256927
mRpS34_OG0010754	41.726397254727	37.9872504223385	42.2328760192468	35.2830242284702	28.3574205315087	48.2630135053948
mRpS35_OG0011113	43.2514843619205	36.3535342087213	30.8440506124119	47.7739235261354	37.372435461973	39.2588994925737
mRpS6_OG0011149	33.6523913364317	41.2591439478777	28.860660333059	53.5044676753443	46.2525841600005	32.9344891497453
mRpS9_OG0004368	2.383918268103	11.4792234401703	9.90374383711414	4.75207930841707	4.10391623430544	5.62786491381908
mRpS9_OG0004370	22.8118551150625	51.5554265403798	33.67639289047	45.2013361347736	40.1028026454108	33.1147409598421
mRRF2_OG0004715	5.2293639923254	5.04122253760741	4.99446702852269	4.27739125256599	4.78646534105377	5.38533425010053
mrt_OG0005367	31.6342777661208	42.5482653216037	31.25558716918	24.9029869936164	38.2184702519031	26.3339075218756
Mrtf_OG0002048	11.5832270937328	14.7008093147619	14.6908668034532	10.694797819057	17.0677341670096	13.1269282810788
mrva_OG0010430	99.0743715534145	70.3832280076282	80.002899667903	58.3211276229172	83.4296863476813	96.1032338950343
Ms_OG0005285	12.4584981974179	9.72622398176988	22.9416602732437	30.2100165233345	21.7922889799334	16.3816165854868
msb1l_OG0009099	44.2774095102512	44.0189824749895	43.1252288385848	43.011995466207	51.2119819186757	31.3618270856762
MSBP_OG0011711	97.4007815936022	108.202799623619	79.8437658119087	82.0900248720316	123.252213061988	63.5656904707088
msd1_OG0011307	23.0173304062232	22.2400147279526	23.6009609910658	19.6269952643129	23.0111652546439	43.225640349468
msd5_OG0004117	16.4090875521903	25.035377288745	9.30309281823763	23.9424026373339	32.2710106852758	24.1583575317556
Msh6_OG0009960	25.2459194968399	20.1807552154743	19.6351771031525	18.0621784473491	13.4781468695283	31.4149234465387
msi_OG0005143	9.70666864680607	16.9602860448313	11.1520549239037	9.88315774923107	17.5478550207237	18.995949339183
msk_OG0010554	129.04726613638	98.2135720938759	94.7143292894615	91.8263275374921	117.091700683753	126.789573758275
msl-1_OG0001103	21.8576377349814	24.8930515897066	18.6223227882396	23.4174368317109	41.134037349718	23.883343787637
msl-2_OG0001805_OG0	15.3930259313484	25.7801446438258	16.814061347116	18.9930761459463	29.6449666040808	24.0727082055867
msl-3_OG0010412	20.4489445757469	18.6519825659553	15.8352800653395	17.2564504850417	26.4742488654834	21.9325455898672
msn_OG0011095	8.10725392965101	12.3845883715003	8.91772103611212	9.798485092195	16.6893714389777	11.0187927057658
Msp300_OG0008838	4.60476443562232	7.87429461821838	33.1926206230087	19.7901130780806	17.7339222944877	50.3733644110041
mspo_OG0006155	9.85218561121119	3.96885326812662	4.39698426008991	12.6775014860305	11.9596986741324	10.1587500222036
msps_OG0005204	30.9411520579772	47.8076339385977	46.6514704469379	31.8117859834066	51.6740727626823	60.476111507891
Msr-110_OG0003965_OG0	437.080329928746	232.852984415852	302.549768629016	247.969824462369	15.1332338489862	279.757403923492
MsrA_OG0009973	99.2587410529681	141.563417871935	50.9030242847113	51.3299933364818	51.2977015302065	233.246571979606
mst_OG0001783	12.4386974656177	14.2704596544262	11.0042048601728	13.1900011133824	16.5579235339666	23.6000468855105
Mst85C_OG0002341	36.1088917641863	40.4539022365678	31.1511082155458	29.8028889195684	52.3438866616858	38.8550442263129
Mt2_OG0003781	6.54856883594035	6.42259772726071	8.07333413363364	8.58615245461093	7.6030489412648	5.1201601561421
MTA1-like_OG0004225	17.3576366458002	21.1006150804237	16.9766673334391	18.8785379488835	30.2043534698061	17.3390969723143
Mtap_OG0005901	31.1867104036072	41.2036668161101	29.3781043604561	42.3048958996495	47.0429900155198	48.5068907139691
Mtch_OG0011383	98.6882320162032	151.895605203892	133.4310963426	90.8028482790875	113.494780625947	111.338116122897
mtd_OG0004174	76.8146796049294	75.7764179229384	67.5080309053443	52.9695143170218	88.1013467655659	79.6686244753672
mtd_OG0011980	20.4579879049111	1.07275073612925	16.942364319779	15.7370848199527	1.39326027766438	15.186222528997
mtd-PV_OG0004176	15.0435342223034	9.26945461451746	10.604594201587	9.84433830128595	17.5774226848717	19.0955204039359
mtd-PV_OG0004178	18.6193055833253	12.7610745059483	16.2585634371038	2.83530983489181	3.27353653363646	27.2527964874494
mtDNA-helicase_OG0009251	9.46901084493149	7.10762368448508	8.60208308213646	9.10204828229648	10.1226183286505	5.92790608825707
mTerf3_OG0010358	17.8472269974761	16.5680719866126	11.3833075267064	14.3467647865753	17.5430546545229	14.0195978776544
mTerf5_OG0002480_OG0	23.2859201794183	16.0073927609292	16.4140598230533	18.1367288640238	20.1446368055191	20.8334453895969
MTF-1_OG0011021	7.76690481398201	7.01057838432053	6.92612831356829	6.0878624939697	6.18294157717075	5.88072281286126
mtg_OG0011470	4.17554082057327	4.66855582496353	2.46850976582037	3.68575271638789	3.94684940848917	1.95672461922134
mtgo_OG0008866	20.7732788721959	6.56285817688043	4.75667759399578	4.40005571095577	31.1677153324076	3.76149262805136
mth_OG0000032_OG1	43.8612190112663	57.5651267609195	53.3787266784513	30.3853853048191	51.276707768838	54.2462503885077
Mthfs_OG0006004	22.2259277591239	20.5235475902473	12.3176382656092	18.7048044177181	14.8436684585455	15.0255557544804
mthl1_OG0003310_OG0	14.6566304523875	16.5366407069369	11.9464805730627	9.51070762162152	22.4402649230084	13.8456879270623
mthl10_OG0011374	14.0051244259536	11.4468765237179	10.5661312857763	11.1926654698487	15.8299624730178	17.1802435342637
mthl5_OG0005580	12.01659612618	17.4001084730173	9.34349343563788	9.76877017172415	16.6983893296508	9.97533472454238
mthl9_OG0011375	48.7068076634026	35.5589483374874	47.2765166004695	22.6387017804491	27.2334304269033	41.2474561645922
Mtl_OG0005351	44.6980551334805	52.6976534018379	42.5107435365439	44.873640390933	68.9854767277864	39.0191363962969
mtm_OG0008717	40.0183213661823	47.6681175176297	35.9854711528351	45.2817587138673	66.5894441589508	105.670713204886
Mtmr6_OG0002741	8.83430667743943	9.84771398945646	9.52439596552543	12.527480265823	15.0645758446773	6.44228690772548
Mtor_OG0006571	39.3548117307309	63.7030212412122	57.8277219385121	42.8418457238639	70.2458422252757	67.7179280727179
Mtp_OG0003668	21.0070506967552	29.5198243474793	15.5301434606491	23.1846070029641	23.4768503771347	28.3962689496704
Mtpalpha_OG0009276	170.79090795325	211.135432312145	142.375441358831	137.077888152076	134.983225683138	171.309828484592
MTPAP_OG0011681	13.9123695502261	11.1026953565492	4.3771971496174	5.69793528982467	6.52800274349932	8.02389964393853
Mtpbeta_OG0006948	214.901070701808	230.340025265621	147.713802388154	153.247261844937	158.585342560425	146.711655822795
Mtr3_OG0010388	25.846547978501	27.5641770394533	26.6158441768996	25.2786956609965	24.4307790972256	20.5640227796775
Mtr4_OG0009152	18.5494082380947	24.6630712279443	14.4730727438431	22.8119134570604	31.0917844669026	26.3807264166551
mts_OG0001953	102.939869098085	129.169272415575	100.456416599935	108.396349800357	134.7287510439	105.465858944648
mtSSB_OG0005426	36.8401172795108	50.158142375165	25.0410354557084	45.6544158063351	54.4242711830632	32.6647252085642
mTTF_OG0009171	13.6207552337271	18.9006227152568	17.4430454787179	21.3014991913094	20.2176271923978	9.00238928556576
mtTFB2_OG0004578	10.0621898402923	15.8399269933072	7.83182009646045	10.6964896751966	10.5491138567828	6.26415605824818
mu2_OG0000563	8.97927993806775	13.2507084442094	13.6236338432982	13.6288679074339	28.6064291337738	13.0580998045294
muc_OG0009329	96.9329347502813	147.837674154886	195.892210990286	147.786255188708	77.6790602869971	143.432531283084
Muc55B_OG0006094	3.33198563233308	5.11856117322384	58.0098848885064	11.686136696365	17.6691580494136	5.23085224375064
Muc68Ca_OG0003886	786.316693771327	135.790130013622	219.004730505324	220.516630263699	126.062834806547	358.818094629383
Mul1_OG0000711_OG0	10.2098338037	9.64244314533225	8.73695586827769	13.9260148631075	13.631969353102	10.0039916819599
Mulk_OG0008850	17.0460630477721	19.4935476955784	13.6940857163228	15.0534908798296	20.8409021011787	15.0424753170887
Mur89F_OG0001078	36.6881292557901	16.2581894225004	2.03726649859378	2.50353347165835	11.2601500923827	4.97586672225547
mura_OG0005551	6.25867165760309	14.4579535707854	9.6795781691599	8.39479140019858	13.5719847312784	13.8675720121936
mus101_OG0008258	15.745620806106	10.9299183012868	12.7140583224767	11.2362780117155	15.9549378489054	12.2006856107433
mus201_OG0001832	9.25472567616877	9.74418885442259	7.3163042971095	6.67240354403471	11.315873688019	11.2856456038314
mus301_OG0002021_OG0	2.67299613691011	6.52520029365515	2.32061725286307	4.83964567159434	5.61969168962058	3.94312087045473
mus302_OG0010712	6.99298540996603	12.2140952718938	8.6702317275754	8.39477068731901	12.7185097793829	10.5394062322733
mus304_OG0003906	9.67024987665052	6.18764307718912	4.73438668309473	6.14105257099083	9.83605911143858	6.47827609499017
mus312_OG0010431	16.9747714411077	21.4819514319743	18.6730722891145	13.0145499305349	25.6488765364752	11.8936601347173
mus81_OG0007383	23.0754592164709	7.18715707234005	7.96041790318248	6.7411675409082	18.7830135593879	13.8947488683086
muskelin_OG0007205	12.5483741470228	9.15865122868949	8.51824763852611	9.18806610521461	10.0834019623033	13.0599065059038
mute_OG0006443	13.9127794536521	16.4842325707819	13.0270302857878	8.69342999171279	15.5081261976044	10.1862429070123
Muted_OG0004754	30.699225327415	28.744524574793	29.9667737137011	22.7852667958109	31.9823891253724	21.3573724363187
mv_OG0011061	11.791829024763	10.8615627921558	12.2726449374227	9.82564391749453	15.4063972856924	11.0031504233186
Mvb12_OG0007875	23.8846299946678	40.6059292880756	24.5420083323314	30.1876388554954	42.9400231547194	27.7979888582615
Mvd_OG0008507	11.6849322707204	7.5733164948217	5.22432628454318	8.67265587012382	13.7542424879559	8.46469135257906
Mvk_OG0007206	127.248240458206	111.492725534161	81.2870736387252	98.0429010994842	123.018225445852	96.7931313684611
Mvl_OG0004411	17.1187893520295	18.9198278072761	21.0384108356238	14.678769825425	30.4678043879108	17.767345016377
mwh_OG0000243_OG1	18.0579605338088	24.8041286754036	36.6264840487653	101.048041583175	26.1183701199457	23.8799600593717
mwh_OG0011322	6.70938030956733	5.76136446384711	9.22016636994076	8.93578279135773	8.23741077992152	5.52140149423089
mxc_OG0007577	15.2916293252467	15.4491466057296	13.1292577517912	15.0527034728659	22.7868889488857	12.7859407337242
mxt_OG0008974	49.9149924280377	51.8926606051498	46.104291537322	47.980660293254	57.9772824106745	60.081383700972
Myb_OG0008153	58.9694796125785	89.329236108175	35.3432790465621	70.7058674039005	100.954375218884	44.2064319275693
Mybbp1A_OG0003112	26.5501054545381	23.0927219851853	21.955369360151	33.1281766018634	37.4085375341741	19.5287152861692
Myc_OG0003238	25.2099972614511	12.6246952450973	8.30591448824635	6.76920406645192	10.2396787292062	17.5473413353337
Myd88_OG0006376	21.9388282856767	20.1983554377649	20.4158542482003	22.2700909389545	30.0759626474226	36.6488333357722
Myo10A_OG0008028	15.9075475633382	17.145570197585	10.7874289907111	16.9948492970323	27.2356305072029	12.7253732292357
Myo31DF_OG0009362	18.0168453983614	10.3369633867231	14.5674361430827	12.2323218943993	16.3238069035212	10.5053185023672
Myo61F_OG0011308	26.6222041491951	27.12854050448	21.4714763400884	31.7245480957571	50.6317164306132	56.1066771281929
Myo95E_OG0005311	5.64893374385842	8.04270165020747	5.82295786944279	6.9358890038612	12.3264416400909	8.41255156696914
MYPT-75D_OG0010137	16.1994250636448	9.41894053528346	10.2339113415526	9.3057505871341	14.5076519954071	8.26687460522193
mys_OG0008281	62.9341376979482	73.2233705039983	72.5332838311297	67.1319261243493	96.0450000034554	79.5089378299542
Mys45A_OG0006394	38.6652135467185	41.8643508790815	33.9095113740816	43.3431663019056	41.7353834803963	49.7922947935156
Myt1_OG0010205	13.451648494188	12.9069889779308	9.88128032778909	11.9777913674165	17.1348968751041	10.2284381205566
N_OG0008120	12.3813490102476	18.2436589595399	14.8628301854849	12.1187012089924	24.8709132086207	14.6241923537202
na_OG0008223	1.81200557152278	3.04594509238173	3.79836442845391	3.29602519819416	4.97064958385564	2.43064409223821
Naa15-16_OG0007445	84.6300626726526	74.4741421986524	69.8481115296895	67.6120781997568	80.7312917214307	76.1641914197523
Naa20A_OG0003118	29.7606572098669	33.8381375309319	32.6873342457189	56.5778834950107	60.1554522588331	47.9120224690196
Naa30A_OG0007591	43.4747274081762	55.2187391734752	33.3262632546613	52.3640387491769	61.8752708360886	34.9208207572486
Naa35_OG0006881	30.9648661568911	27.1185828230531	26.8194668978624	27.4061462930838	38.4893348715512	24.5603975688154
Naa40_OG0005129	15.9362774786553	28.7654573542057	23.5890746214186	26.6263480456733	27.9180731732881	27.2317286310219
Naa60_OG0010988	13.1621098291763	19.5713537216672	23.5172092555431	17.3136835269422	20.6652570585824	14.7994647468269
Naa80_OG0004565	42.2417705712214	46.8845641985883	42.8635856665621	21.7462279862973	26.9262308260793	68.7801013009758
NAAT1_OG0007985	9.74703628560204	3.51666275015679	6.2365153798277	2.19957432292762	7.74466976031388	3.31694143185163
nab_OG0010514	4.7092962049162	4.5262254849542	6.08063250144703	8.70281456458168	11.0506459753202	5.26871062012624
Nab2_OG0005289	21.5207325193223	23.2310526642834	21.492906267956	21.3105121038949	29.8852373079338	18.3438897325991
nac_OG0004809	11.8440345714288	13.686537002326	15.7620251254279	11.1932297044763	15.0141588362796	10.7669223379199
Nacalpha_OG0003076	1349.21177826484	1611.23461074652	1605.48271090222	1787.51055839334	2082.90500462535	1609.14328438243
nAChRalpha7_OG0012313	1.19938986532901	2.4181258562307	3.60442700864683	3.19409505673065	4.66368762574345	2.38347938198061
nAChRbeta1_OG0011141	1.55238797182781	3.26361037399188	8.40343162738509	4.41239048268806	7.6748922685229	2.69090585460681
nAChRbeta3_OG0003359	4.67876098175677	6.29889822122309	7.07972008522565	8.70876273281859	10.3600482706317	6.75219796513157
Nadsyn_OG0008261	16.1978791190591	15.805022202022	17.7500119224189	12.8406902891194	20.9653106286286	12.3086173608366
nahoda_OG0002726	40.2444254382185	23.6901351309839	28.7829237736095	26.9097673634971	38.0382230527604	22.992421802721
Nak_OG0001913	9.34060969601435	12.6767971500891	10.9815287047659	11.1006981133232	14.3263822681871	9.66745319577168
Nap1_OG0000358	733.426767385176	422.992317763501	488.916453281131	721.158424908672	1121.72117959501	705.640461472492
NaPi-III_OG0010067	23.1251050376536	38.8835058997649	48.9765046684089	40.8181224682389	36.2813683987418	23.8603016195064
Naprt_OG0003391	7.39563208461501	9.2550267616251	5.77054508804692	6.72621631517472	8.90043051763825	6.25748977829897
NAT1_OG0011612	192.313483385057	122.433206639611	111.471263674258	91.3168371570311	422.297097598168	77.7423148595116
nau_OG0005517	2.59095676207971	1.5559839880178	1.29053091318208	1.9306881634848	1.5031893079374	2.04902144287512
Naus_OG0006110	32.6162739857301	29.6279938873011	32.5574134319463	32.7988901671851	49.9861777164427	27.9739204118035
Naxd_OG0013464_OG0	29.6002828097393	47.511692996736	23.2211223526863	32.1109611371218	38.8129394960075	4.26981570826162
Naxe_OG0007530	46.9631924629531	21.0951435737828	30.8171683200607	25.8935021650532	22.7195644289159	22.4098047137872
nbs_OG0010990	12.7452755506754	14.0523186192131	7.03129778218832	12.1159481152905	16.8987165052348	9.13823543622025
NC2alpha_OG0005961	23.1166562327814	25.9581849352106	20.1548362325099	23.8995396906297	30.9690209397577	20.1395520126925
Nca_OG0013466	86.8973662997564	92.3551767816628	69.4442445208894	76.65441268886	104.024800250766	63.6823982234425
Ncc69_OG0010833	32.4360408927999	25.3325537785083	17.4527965920843	19.7424959542813	19.9192691131776	8.09711672774352
ncd_OG0005699	52.2199219539417	60.1508514259881	39.6620441989941	54.86863280916	77.089907915534	44.7927248834379
ncm_OG0003699_OG0	42.1478920789219	50.6171949030399	33.4792749535712	46.765985296917	2.78745578394445	39.2214975847549
Ncoa6_OG0008833	11.9506523457493	21.3803306081967	17.4673570869965	13.8243707677325	25.7707156824993	24.4013327265066
Nct_OG0004647	46.6135654358264	59.3426648455015	44.0548989592333	36.7184993346551	71.4050021877385	35.9223362542047
ND-13A_OG0008840	137.534996307589	144.37814595951	163.269583876518	158.523415870918	99.4647607469634	171.965275342286
ND-13B_OG0010937	86.2730075261683	153.157327605312	152.769464203301	125.341760318773	76.5357397868553	101.937903093859
ND-15_OG0008728	186.697478323174	322.286381180555	305.551493687556	241.068323712682	202.697108407318	259.891233871335
ND-18_OG0007443	139.04164711487	205.784333934132	244.156298078483	213.090591351141	131.708156006961	306.367508116
ND-19_OG0006038	76.3466623347468	79.0108220023481	128.746773962284	115.694813963911	48.2328718812096	168.299299588749
ND-20_OG0001735	209.733845390208	288.552103942493	379.43537374184	312.491002048513	211.236761473887	315.886425071586
ND-23_OG0002514	94.5089462619763	151.515427882798	221.809040610797	160.933846051622	89.7944177186875	152.66047598257
ND-24_OG0003164	123.272883778908	168.704509657128	210.283423757953	163.267902140295	98.2525027418274	155.81374030228
ND-30_OG0010643	162.975040772585	183.766099929146	218.081807613288	211.407849779016	132.362852308681	198.218243398823
ND-39_OG0010359	182.483504287682	263.954977472589	270.842348010705	251.647568640773	164.989292395792	256.840844541643
ND-42_OG0002287	146.93159844396	220.745228583958	232.270389396872	263.622309816775	167.194061830591	317.067614464319
ND-49_OG0005825	142.125199534377	151.141081483909	183.67458016273	159.156566962717	116.087636786887	98.9902950218091
ND-75_OG0008532	184.508366811623	231.257086560577	280.837869150349	272.891896917418	150.292743127211	267.851879778325
ND-ASHI_OG0003170	121.583363455904	164.745111580399	236.045141872282	162.849672538038	95.0995929017618	270.334154948058
ND-B12_OG0005963	183.151096552834	322.69458634261	397.407415912458	333.562536973852	179.886351206155	248.094368622078
ND-B14.5A_OG0007789	106.357992222891	197.445685942821	192.180087124682	180.230659713568	94.640235481055	176.092688715012
ND-B14.5B_OG0008903	145.630181061142	248.895775088336	253.488712710294	231.22682962423	135.362958616601	187.181563379432
ND-B14.7_OG0011590	199.771153580363	264.41199499751	326.871346391649	330.700001836318	164.274202589208	302.969989665402
ND-B15_OG0006161	125.743565350615	180.108569432353	241.978706470733	174.664590294427	115.104299329614	232.487973191446
ND-B16.6_OG0007718	72.7294106706295	180.795844365018	347.833145036313	176.763105937761	223.43227116648	387.649715357688
ND-B17_OG0009153	125.631280012973	122.098315656646	137.291189136027	115.870602885457	48.2757030602272	131.597534730289
ND-B17.2_OG0003428	116.185243893966	217.478779238609	219.452419040385	190.752683359967	132.526544319247	160.997210577012
ND-B18_OG0008353	243.041025233377	239.950659219686	410.236066316555	271.640767324865	187.282224490367	326.585859606291
ND-B22_OG0001876	122.405374348189	249.800504408962	244.794601834683	220.49473463626	123.799510536679	235.862536434577
ND-MWFE_OG0002925_OG0	46.452696378234	4.50704798765677	63.1161856300767	56.5166142944618	41.9252705255396	42.342553661293
ND-SGDH_OG0010821	143.402169545514	240.646307056759	256.038723940331	304.072705237541	184.16881510173	217.025322268943
Ndae1_OG0003632	8.53900136348831	3.54419841549408	5.93874861411506	3.85607847538318	6.14626387085475	3.40235059751128
Ndc1_OG0001081_OG0	36.685377259409	41.0139819130005	29.2523274788158	25.2243878481318	38.8618678761405	24.3476405257369
Ndc80_OG0000692_OG0	26.5530205786772	14.5224675139718	11.4055288742308	12.1027222301089	17.8197884776167	14.1031462902468
Ndf_OG0003522	80.0755760694295	78.7632968273763	66.5204984250422	71.552349623749	102.34792221114	60.5437951653495
Ndfip_OG0010101	45.3761143224814	36.0581173922937	48.7941228781541	40.998345787638	62.6720243718277	41.82929042921
Ndg_OG0002822	10.9036937028476	26.7020704088159	26.8397470385655	35.5610195455372	18.283708423959	31.8407830265579
NDSW_OG0008821	102.767150862778	185.115390837383	174.649346532185	164.943098648268	114.880281263497	163.173815788307
neb_OG0009124	7.98187457314162	7.04057654577614	7.66485027687936	9.19503352043099	11.5246278014642	7.15323599792045
neb_OG0009126	12.749750856004	12.772773451403	11.4814780174216	15.2000974581554	19.5291651483979	3.75595767157093
nebu_OG0002690	11.5718984245558	14.81344498957	17.8622940196785	15.5221722936663	22.1901477187292	13.503064869067
nec_OG0000440_OG0	18.1204804113451	17.942719134363	27.0482022035831	80.1013235688576	23.2836083769839	25.3515869528773
Nedd4_OG0010096	11.6110293579179	8.3068730561961	12.7230611858337	11.6805234784047	18.2577778651459	11.6772677692002
Nedd8_OG0003705	161.062121182676	159.409943239704	87.4274739703352	125.6081133928	143.239808440452	124.45161680653
nej_OG0007558	18.4717154137855	28.3281919194601	31.240286624124	19.6513841708896	22.6114607520215	41.7525313786962
Nek2_OG0007953	12.1395252815459	17.142948254835	9.14489451917322	11.4564431351508	26.1307740993944	13.1365213773836
Nelf-A_OG0004387	21.608414321679	25.2071509109788	21.6087817711625	21.6271371649906	36.6349395058047	21.68732931427
NELF-B_OG0001178	16.9590945311939	19.7107480073095	16.4098058084865	14.9173135538206	21.1394870663862	14.1600676652331
Nelf-E_OG0011190	35.4028243061375	27.5008798246624	35.5768528329667	30.9692241413025	44.5764581049055	42.3931485715649
Nemp_OG0000659	16.8498719208656	30.2000090040029	12.8351372715869	21.9843939856247	24.7597421101486	18.5667674900053
nemy_OG0007211	16.1674206149292	3.21905813331522	23.5533007603556	2.37811231628689	2.79397344886403	1.92188654968593
neo_OG0005702	15.2518655640206	30.8328552439264	7.86526551353833	11.2841290402476	57.6910282219769	14.5974848278537
Neos_OG0010423	14.9812712453235	22.6967679204518	14.8901239517624	17.3755391811959	24.9878242804543	31.877918683743
Nep1_OG0008613	4.12280699350143	4.94362426237481	9.28006683757006	10.5464037321886	6.6295262556216	11.8252700989355
Nep2_OG0004152	12.6632545946	29.3044364594405	16.9993516921548	17.549267080108	46.7756420360289	7.62350705600779
Nep3_OG0001761_OG0	4.52543661392053	4.34253069731709	7.95918907139229	12.1005091400316	17.7175685985777	1.73274777934185
Nep4_OG0004937	4.25166774193627	5.46963645872329	10.1603478004661	12.6835158194206	12.9398335342352	6.68782500259174
Nep6_OG0008445	17.9635367948366	8.11670574046143	5.84824266019586	7.37129257996485	3.57056671595983	9.44565621852637
Nepl10_OG0001120	5.27663542843905	8.73749809267731	2.73195382117814	17.0152905788547	3.48989088519567	4.47910356623605
Nepl13_OG0001040	2.80570360171598	3.78833412612614	4.69956244272508	6.98429688946364	3.32590199276798	3.66563721893527
Nepl14_OG0004696	3.24630345119709	1.93105060841744	2.65687602484096	1.95041805384053	3.36755595762668	3.57423947469914
Nepl15_OG0004695	32.3852523687443	19.7552677484791	31.9777612842233	28.9986510941734	14.7562753948137	62.0207043766153
Nepl16_OG0002508_OG0	2.27217116090047	4.65997977530494	2.46345644883246	3.64256959761091	5.03313981963569	5.38601698433323
Nepl18_OG0002542	7.18576701415985	4.85127697153662	7.00539828109731	10.0802368609443	3.72929748776519	4.69362821141647
Nepl3_OG0011757_OG0	41.8637612922508	35.2041402765393	43.1259460393702	22.8709516559062	45.9641331672533	4.33424675644583
Nepl7_OG0009753	9.1627236541116	11.094878931885	15.235791818111	11.3307340022193	9.11464860472015	14.2378339610575
nerfin-1_OG0011332	10.9271433813192	23.6074454827237	37.1661658619608	34.2740592729001	73.1881474302311	42.3392049140588
nero_OG0002665	37.8674340994994	41.6784330107777	31.5612315978567	39.6065247928143	43.7285603974113	54.6050847104429
nes_OG0003846_OG0	29.7887616112323	40.3971742282927	37.3855212017025	31.4083154323652	35.1226617455588	7.68813402539176
nesd_OG0009130	28.5669885466914	30.6871590285383	23.2013149705061	30.4929077053623	35.9105032471772	23.3220867276938
net_OG0008722	7.09980587438289	4.78332969980832	4.90563079925717	4.65479068526077	7.71051493245162	4.9751952267677
NetB_OG0011715	1.89547889519194	3.84135536700823	9.89910675845842	3.47805632716507	7.34297779381137	2.39425720238575
Neurl4_OG0010888	15.9560721068493	22.6032419502778	12.6556819500081	12.2675876294363	20.8956121367871	18.2246855694006
Neurochondrin_OG0002109	358.414973327772	277.398308570761	244.735995385501	329.508863275467	337.56550258057	431.550960719978
Nf-YA_OG0011917	31.6862053121339	28.0293237254352	34.9129129900205	30.9624335478452	48.0473448191525	35.7443069788376
Nf-YB_OG0009106	33.6252004348834	26.4530486769464	34.5779949463203	21.2811677827889	39.1560640812014	27.6977815303472
Nf-YC_OG0007802	24.0802392339157	23.5470221177426	23.6601554510196	21.2579037621427	31.8716347014769	17.2612855256319
Nf1_OG0005675	4.91530171632653	9.75502442020015	8.71628577147042	5.70023679236413	7.39452014532067	33.0276261878954
NFAT_OG0008264	4.91350616012229	8.84138545740662	5.55657606393894	5.03797462350347	9.33106014966593	6.83009951721226
Nfs1_OG0000977_OG0	49.2701539026562	45.7131017839337	46.2007534069596	55.6091705338625	60.3613412873082	53.4987898357497
Nha1_OG0003755	10.7998311620878	13.4043485998855	12.5118311523788	5.49324195217833	14.8266851333955	10.7597560932166
Nhe1_OG0008724	22.8664357931433	20.5976427518991	14.7010734418031	16.1754076045763	23.6408384964897	7.65497560055487
Nhe3_OG0000624_OG0	10.0111057473813	12.8794070683448	6.24940895727048	7.91565606074572	13.1175634010652	11.0382148540884
NijA_OG0010936	27.4168256563131	34.0714496361895	17.7261408871603	31.5203120193427	33.6942691402869	20.8395652236498
NijC_OG0004443	18.2341681937529	25.8460863979356	14.582982788613	8.1204019963894	13.3537266473705	6.30702956172702
NimB1_OG0009405	2.14507640240871	1.9033057504132	1.16499165501899	3.03962448640941	2.89422042718376	2.00857867810211
NimB2_OG0009404	55.8384739564999	84.1895195009548	66.4476763612063	125.647825202125	61.7010219445862	63.9449580963598
NimB3_OG0001890_OG0	17.534228274378	38.6759187105183	12.8084951528271	48.4968824568174	15.0535202278796	32.7989880442375
NimB4_OG0009403	5.70387484391152	6.29096238035816	3.99319705880976	11.5194010701816	8.10269780541972	5.88474984231504
NimB5_OG0011803	2.14016190702102	4.94448703619293	5.42636197391611	5.82343849452832	2.74123509971408	8.22876333397283
NimC1_OG0000957_OG0	6.56780036984528	10.5125420988802	7.96411821059625	12.9638374770903	17.2421723772909	7.42475063224578
ninaA_OG0003380	2.50025099174662	1.3639339575555	2.80788516405438	2.41163282074741	1.64262882910934	2.36490694770479
ninaC_OG0009335	2.30452163179165	1.29590937157674	2.07924430597576	2.29659880406759	2.99902619960263	3.17701366278294
NiPp1_OG0006453	16.5437039807229	21.2882127883525	13.8266478626546	14.5286073166823	27.61651776469	23.7163674268292
Nipped-B_OG0013469	101.951498530614	124.041880403467	32.390154466642	111.49206924277	151.967896257666	3.06560756915762
Nipsnap_OG0003242	130.811883146934	81.4747603868113	125.291671115863	123.493820154371	84.3359179451845	163.162718985591
nito_OG0003062_OG0	47.9771646968161	57.0426934227037	51.4268390443047	41.0115649482678	50.7414577016663	61.6149961885483
NKAIN_OG0005871	30.9874247533219	37.0001204062166	29.6524739033091	27.9389829623529	43.1345579567385	20.4910726132562
NKCC_OG0004201	9.01443599285932	8.91448757504933	4.63046585137832	3.55712970975601	23.7146128308795	4.98481938180011
nkd_OG0003859_OG0	2.4813411442681	15.5681067880661	11.4962346766118	2.46557688274521	5.08787403861638	3.2338144042017
nkt_OG0010058	3.75345799516948	4.24350990933195	9.74587237259275	7.30716911670404	7.9332356358708	5.29842420090804
NLaz_OG0000794_OG0	13.387466786549	14.3211186028377	2.05404374099499	14.7214996689541	107.155253294319	3.5081813779072
Nle_OG0008765	26.9877483092766	23.7619004258167	23.4593534717629	33.6510955677769	33.7832071919782	34.7479720294252
Nlp_OG0005719	434.521802537025	814.79640786322	573.876274224497	734.07605067547	1024.09673362702	709.251901266323
Nmd3_OG0007785	45.3056742711583	41.1482970519214	35.3421578305408	44.5488769212712	44.2143774265986	44.3231048255498
Nmda1_OG0011658	101.974364360527	92.7634125652945	118.20512587396	74.8137572031351	117.93402512526	82.1697489255817
Nmdmc_OG0004857	53.2305592738936	62.5541935483675	35.1994630601023	50.4080691064421	47.4819444502729	25.8258864556601
nmdyn-D6_OG0008217	19.3834561103022	7.45894452700484	7.25745717401634	8.24309987576206	8.21660762282112	2.39928662869286
nmdyn-D7_OG0001384	9.85855463046243	10.7893193847139	9.35570256806437	9.3791691388411	14.525095355133	5.96966704439352
Nmnat_OG0005197	9.87001489634395	8.56193586536946	11.0487729915969	9.8714249933819	10.6071140755141	8.20252428623115
nmo_OG0010561	1.55043108705897	8.92129323069759	2.598808115578	2.66877061831388	7.03356989832424	2.62868703086689
Nmt_OG0001305	63.188325910477	70.2075433768296	51.9628113482897	53.6197581099531	68.0374954569101	55.5675900977805
Nna1_OG0008260	10.1185163599318	20.6337300332343	4.17451222054315	7.67647224598248	34.6746787280071	10.3319179171888
Nnf1a_OG0000423_OG1	9.2127139741433	2.86509032050404	4.05293033030984	12.4747246683443	19.4744948372974	14.1976607052292
Nnk_OG0005576_OG0	6.21982012178094	6.36687692391731	3.8887433768663	7.4137085640714	3.19113609373961	13.3035482852913
Nnp-1_OG0009219	45.6336108025125	50.5080477359553	48.9286305427546	53.0086225351518	67.4749683963406	45.2360312678865
Noa36_OG0005401	59.8647649090893	50.3464021640037	39.1365028006857	57.2150596339063	65.6225523993334	45.9263511966553
noc_OG0003588_OG0	84.8234197950258	118.806947845233	14.7256547519598	97.2443288290265	171.757814692987	71.0610428568665
nocte_OG0008061	135.774256627701	155.03530407464	123.610427992681	130.368382657219	229.865669750744	123.933757665429
noi_OG0004213	71.993009582924	58.7364051671185	43.6178660056692	55.766714680428	75.375407230985	49.5631395530575
nom_OG0004827	15.9283468740736	13.800259272409	13.1293313251317	10.6281572788956	17.1576946183332	9.98050818266096
Non1_OG0006372	466.3816653632	342.112972356874	385.240843141677	425.006576857143	634.927447008326	557.337209973506
Non2_OG0011109	527.368598928638	529.21927528687	403.374199108964	496.977904041491	833.668364383266	469.68853926822
Non3_OG0002479_OG0	42.3107697141479	46.0502488328703	40.6131631017308	52.5596595031676	51.273409482068	31.3782684088153
nonC_OG0007804	11.3328036152464	12.0755715313543	16.3233392223787	10.4389768252535	20.580215267417	21.17341573585
nonC_OG0007806	20.1977969043118	19.6682742407861	19.9123797685495	20.4515143136635	32.322217755477	22.4520239367491
Nop17l_OG0002866	29.4484115600064	38.7006382618452	34.2187187119178	40.5416898564001	58.4953372454405	32.9211977831054
Nop56_OG0004740	122.465535301144	107.341494092436	111.626751432327	102.632495371275	115.19850866734	128.704072180115
Nop60B_OG0003001	185.012082943282	190.038876794681	144.822777375686	175.778138873681	168.822592394292	145.674241421605
nopo_OG0001622	6.09477616865417	5.37968032659214	5.42404690410509	6.53408148999789	6.77512457296231	6.80800646932708
Nopp140_OG0001677	89.1972234680819	81.1145381798803	71.125962288085	91.4381301228264	100.316033697395	91.6684417585857
nord_OG0006890	7.84474356433588	6.77138219203403	1.22228600734588	8.49887065005044	14.419510032727	5.3213374604271
nord_OG0011638	8.12132134708794	5.10808671960405	6.32172138923236	7.56323306779551	12.0582289780464	4.12165205105124
norpA_OG0003203	1.64631624818133	7.4008269983306	2.29015414942562	2.65887124600066	4.21756726268789	2.87335972080503
Nos_OG0000405_OG1	1456.40714228056	5.58614259880414	2030.76871839666	1110.98428755142	1415.64055539108	16.3150028664632
Nost_OG0007745	12.5664329391831	13.3848843198748	2.92339824464109	10.8799303656189	12.4590726180747	2.67079874131869
not_OG0010136	20.8927715288006	27.2999311481524	17.3657261825082	18.0659560929693	32.505242548555	13.4471134747352
Not1_OG0002889	60.1320597435841	75.499231201268	66.142333772117	44.8984797734578	70.0435579747246	95.3355192305827
Not10_OG0004435	15.9697668986831	15.5488831088202	11.8708382303638	15.3595823590742	16.484295279585	13.4266138130488
Not11_OG0006866	31.855017304624	28.1125090163985	14.1223643631095	17.1467688386122	25.3481215760709	19.9723027807491
Not3_OG0000878_OG0	59.412005819407	54.953351195055	45.9519899585458	35.3723267196023	60.9430463589466	7.54815846982264
Notum_OG0010009	1.29358195652253	5.93862432457543	1.84434412060156	1.03852428811068	1.56459407475213	1.4187783064856
Nox_OG0006486	15.4686888271365	12.1430844784873	7.42453410598448	9.76870042115247	29.3342955247373	10.070561417358
Np_OG0006411	3.3365740205974	9.54157137240711	2.06752674283492	2.53817741749038	15.126557552952	3.33315337286781
Npc1a_OG0003529	42.1682176692733	44.0813399657426	32.9983658109499	31.7514436654889	53.3740108588894	37.8877492805336
Npc2a_OG0009072	104.494529949956	123.108515636211	86.214000897052	102.284401169462	112.918185189492	63.2786375538258
Npc2b_OG0004529	374.53477508007	139.438737360078	27.5131011323453	89.6633385559317	105.008513781595	150.488864869311
Npc2h_OG0000324_OG0	117.557084492141	207.755105561162	153.349539966086	412.496639354848	124.37888761534	89.9951186227127
Npc2h_OG0000324_OG1	23.0257096512928	23.4886869494905	28.4609542368904	9.19995084701618	10.4783252933979	81.125793418518
NPF_OG0002431_OG0	8.38021981744638	4.55969277540376	16.8230196999346	18.0734643440204	20.7946249138269	2.64907150546615
Nph_OG0002632	231.072599588128	261.97222683839	231.258664748518	225.775547077292	287.462676935832	138.246881329506
Npl4_OG0005141	28.1810493700902	48.2244579517426	20.6904135890301	35.6234619229175	57.5646506239799	43.665141204477
Npl4_OG0005142	54.6693013327153	62.1832087863637	37.5988307683631	18.0250638866122	75.6561478161214	30.8344978149039
Nplp1_OG0005852	1.80131258497159	3.59316942436378	5.18722835004499	4.5833072917868	4.77509792748617	2.42650181236067
Nplp2_OG0012185	208.78149909224	1045.73822282427	619.385246700565	1061.77120467316	392.205337415239	580.851978253136
Nprl2_OG0008574	27.0085290734968	20.3376711037211	16.9507792885681	14.2532898923298	18.9107025492123	22.8352552738388
Nprl3_OG0010895	9.50702522751836	9.31494387356753	9.7090013790799	7.93346693831422	13.680758246375	9.38219864462815
Nrd1_OG0008368	39.7707322051265	32.5690954718399	37.8609388984646	36.8608143973648	58.6505085957046	57.7189180551085
Nrg_OG0011670	33.8846855373944	46.7761144500032	44.7359565310226	33.7688509698107	43.7191051660662	50.8186006816089
Nrk_OG0006548	4.16018767251345	7.86079017104107	12.9252439555693	11.7854364785371	20.7350471770809	10.4413710351979
Nrt_OG0010713	46.2773583801416	63.4925784379305	74.0601556988067	58.7166926601981	127.197117964374	72.3761784320567
nrv1_OG0003736_OG0	1.10588593313952	6.21391867673239	1.81306253210663	10.0799555329728	6.63662834175938	7.54628869631107
nrv1_OG0009623	34.2944944659982	29.7175797296191	24.0956479774204	23.0106241921587	30.5445310530501	21.3381000807685
nrv2_OG0009622	79.9483309397383	60.5171012753554	88.5010792885175	56.7667711700512	72.5143589086167	68.3522836254837
Nrx-IV_OG0010824	33.8566089532035	41.3561500968239	46.1587069018814	29.5308777805689	52.8911627874515	72.1601976155913
Ns1_OG0002372	51.7314804174011	51.9501948889349	43.4222450329008	55.8993510788364	65.1787496597526	56.7627342310335
Ns2_OG0005879	42.072832488187	57.5729886618106	40.3561480677255	55.4248870118073	66.3549297222048	58.3610087032832
Ns3_OG0007669	38.4653293128242	40.4647595617606	26.9425168809483	46.5089453743445	48.0241418365805	33.3472673836882
Ns4_OG0009434	24.0697418067184	30.3881426556388	22.2639738479741	30.7251846060058	39.0123027586895	23.9282744618922
NSD_OG0005543	21.7981978500807	23.4866627131692	17.2768762409072	27.1066252256532	42.0488741529022	21.4062078669677
Nse1_OG0009613	11.2527467552091	10.2498574452071	7.93492174388263	13.5631194555505	16.0269263249513	10.1419840253667
Nse4_OG0009369_OG0	20.5361265905014	36.5712598784966	24.8987203184416	30.5873721393965	42.7889913533845	24.8220168458485
nsl1_OG0005231	32.1319816376484	36.2845445673571	33.4021736805948	32.6830778827918	51.4244673913295	40.8638215998678
nSMase_OG0010657	48.1799865214887	44.8732887318346	33.792912562625	44.3616761890146	61.3838804696708	42.4755128666143
nst_OG0009943	68.2856337472779	50.9854915060842	66.0594277219282	54.5007042701514	70.7182995833473	71.2469752725573
Nsun2_OG0007937	43.1352434731472	32.9964247835938	33.3886627439321	47.4016280856055	50.7697671745642	33.2585987355662
Nsun5_OG0004483	25.4466685048646	25.1323038777203	20.1364761864119	31.1311556082033	32.7960968833773	25.1685305650383
nSyb_OG0011278	5.34627783838185	4.82367974474488	15.0839254639404	13.1352623652816	16.5412733847831	9.85123585260039
Nt5a_OG0004118	11.3386504281888	19.0469102731963	25.39358711206	27.4776835364283	21.0325067161956	37.0574779420265
Nt5b_OG0008655	31.0225245056067	19.7101257986429	18.6619394473599	19.5123052960383	23.7856162718014	18.3581809557207
Nt5b_OG0012562	5.63864373996166	1.81758299071812	21.2741145701528	1.16438837964151	15.5613161063932	14.5676349754487
Nt5c_OG0006359	18.7367361759996	25.67208146937	15.2141438027648	18.4331589556297	18.5213490290142	17.7979278533269
NT5E-2_OG0001540	33.3947147819004	25.3824480971267	36.6143043120183	20.8110489295596	72.917903121537	84.3499959171131
Ntan1_OG0007236	36.2216679259919	24.916670320983	27.369906139514	24.9111403209696	31.4423357995885	15.3619422447593
ntc_OG0010473	10.399180338043	7.65129430510626	3.83189384397857	2.55470774977893	1.97750471699921	4.18985058328679
Ntf-2r_OG0000595_OG1	61.3732590230329	43.8733134620301	46.9117994962985	35.9487019213136	32.514144158664	33.0816415775501
Ntmt_OG0006330	37.6655127052925	36.3191456983642	44.984363706781	37.2866109626779	45.5980153284281	26.3106928894913
NTPase_OG0008926	79.088802062015	87.2216419258467	86.5978112529097	68.8032083570905	61.5908195314993	59.8322734790699
NtR_OG0002904	2.07890876387602	6.19656665798146	2.12631373366999	5.84600377991133	5.9188640539804	6.525070585501
Nuak_OG0002356	12.4206447898375	10.9720198454819	12.1191611014646	12.2177999918672	13.1046870683567	15.969361899941
nub_OG0009751	4.47881881755683	5.24248960009828	3.88791924074053	4.6431770891278	7.43834365871653	4.17546643745412
nub_OG0011824	6.40133218598284	5.37946134432407	3.79018451895544	3.33856850409597	17.4656460581586	3.82038382995278
NUCB1_OG0010110_OG0	293.940357261833	60.8401769412794	341.536021556341	156.906052641528	76.2279159530938	136.230420832997
nudC_OG0010707	7.22717344962497	23.9632284187137	11.0060789146959	18.463990270532	32.2675762628132	31.2767097506158
nudC_OG0010709	58.1668953642754	47.5360632643575	48.9412553269429	53.1652299687024	74.381981637472	55.0628125386108
nudE_OG0010968	54.3315454300416	37.3307184210901	33.1988374497426	33.2082580265785	54.5296833288775	38.4363344482084
nuf_OG0010878	16.9086098539165	18.4656916062137	48.5317381888631	37.9745909555337	19.7512908333632	13.5206703775723
nuf_OG0010879	1.94684797423035	2.23992936119333	1.84305077469413	1.58438479735372	3.59856258836497	6.62013889205558
Nuf2_OG0009344	18.2197366025585	15.545399947438	12.4412271520496	13.2606084566837	13.2712369415341	12.3731957226115
Nufip_OG0003871_OG0	9.66558145270906	8.61161137656801	4.98857779006386	9.2136456299456	9.21773851023199	6.67983675274749
Nulp1_OG0010556	37.8061143369456	46.462075224931	33.1545234976492	39.412822538583	49.626875125626	36.2369165449518
numb_OG0009284	82.9023612279595	71.8184468617875	65.7205413226441	57.6712932142431	99.9173402599734	73.2796510671176
Nup107_OG0009349	44.2371677334916	42.7097875088712	33.0072649383502	46.0693434202014	60.3009766244149	47.6472728188572
Nup133_OG0004709	19.4219618109253	23.5860782303901	17.2390261925778	20.8010783752816	28.8383185900498	24.5944456317604
Nup153_OG0003308	29.4255528279494	38.7714839118077	30.7314583261022	26.2979878298076	44.9488466205462	30.5085698476674
Nup154_OG0009661	28.4166361865676	35.2902265954813	21.7363614629302	25.0130428267398	35.9353527270207	33.8330594463652
Nup160_OG0009677	22.4528352519355	27.3909517242391	23.2120149885067	20.5766313964782	31.8949742779279	28.1785508423021
Nup188_OG0007213	12.6371259788547	19.0204529566573	16.4322097384001	12.3507184583763	19.3698729476482	18.1356197917531
Nup205_OG0001763	41.0526693945049	35.7537604222418	29.1431158398461	41.7955469407264	47.8307351673889	34.6914903598777
Nup214_OG0002725	18.4693443515438	44.600217526974	24.0485271486781	32.7094526064763	55.3096023677199	25.0223215401159
Nup35_OG0008669	44.4337324208218	50.965092741613	55.6588718717207	50.0301767832899	74.9054784355784	35.029359739972
Nup358_OG0005168	69.4961596001987	92.4138581699289	67.1803086798498	71.5432911356573	119.902218189778	76.6949268608789
Nup37_OG0002501	13.496457539899	24.7126054920631	13.8289119278176	23.4991934546522	21.5237169990382	17.5673456747112
Nup43_OG0002463_OG0	21.2006322396573	25.4220128161935	18.2820382914214	24.1133463907524	34.0236885654923	14.7549306080147
Nup44A_OG0007192	33.9128779150857	38.5902585910268	27.1350050267622	36.6193840254782	46.228802877973	26.2223840491102
Nup50_OG0007179	55.0038390825738	75.3698821677047	50.2332630846047	64.0435587166287	81.8276649267434	65.0085169328128
Nup54_OG0006207	24.7786766604409	23.0188161088603	20.1642857211157	23.7071584494568	28.8871381475631	19.8810814055267
Nup58_OG0004507	25.8966298529898	27.0170868256118	22.0230086876757	32.3580876136939	42.9395136041528	26.9676652894979
Nup62_OG0006480	47.33236248252	69.0692900154096	38.3106636013257	48.701308937571	61.2392756793013	44.3311446462212
Nup75_OG0002766	26.6841967517296	33.1115472357302	27.0417608301234	36.8130909239185	46.7428281449623	18.2802559257276
Nup93-1_OG0001189	32.7808044102817	53.5648147205605	47.4894115055819	43.4444498072187	65.8203345841045	38.3758535624301
Nup93-2_OG0001395	21.1523031268683	23.7086722871924	16.6941727890174	23.3077981070228	31.0971435937254	44.2811881594155
Nup98-96_OG0002569_OG0	52.7797617571545	47.4899617149505	41.8496531858267	44.83070680547	60.0972198742461	67.1875736353124
Nurf-38_OG0006018	145.426816718959	169.690790358859	148.652662724813	171.187044648439	190.435855269361	156.489763270821
nvy_OG0006894	2.0738221341703	4.98886780870019	8.18245265767343	3.34327508225635	5.71215198354922	1.77070752882194
nw_OG0005891	340.023486962591	299.804534017043	244.525960591738	222.37887998389	376.736107018708	230.576391521528
nwk_OG0011241	3.4404201826226	2.8828477923837	5.18588157863548	4.89725250941067	6.65298996199309	3.41315025137601
nxf2_OG0010733	3.42299210679475	6.61376865166333	2.73380244063907	8.36164775812263	15.4387091834561	6.6294412396201
Nxt1_OG0003011	36.8226646025359	66.6291148387489	28.6871063667408	34.3555077204215	37.7109466149527	31.9074526999951
nyo_OG0005807	3.32232405763801	7.27681662433744	2.20591002439454	2.77630545266371	7.06454149497948	5.13382747052308
O-fut1_OG0006535	73.9993415637741	89.2837230355891	69.1298150747139	63.9003414146237	110.840692558228	60.6752538121285
O-fut2_OG0001171	10.0916635470261	16.8095303188999	21.022049436966	21.6609275753305	25.0789927296943	12.4535236097876
oaf_OG0003435	3.17683936706101	4.30209386500242	4.01083782805863	3.15108773739345	5.99399386503465	4.05378152822579
Oat_OG0009887	38.7258007564595	9.70563144761095	49.6121600312079	26.7193385358791	24.5404281216683	48.5012356967126
Oatp30B_OG0009282	11.892394807343	15.4983873950519	13.5828464240011	12.1763137180449	19.9098081671717	14.2617233173887
Oatp74D_OG0010092	74.2227140006457	72.9436192400428	73.9544415363629	65.4561016832509	87.7708763524931	58.6105494587306
Oaz_OG0006136	10.8841308396384	6.81958805130234	6.16203542327666	4.51738426641656	6.87563575687272	4.97448436904428
obe_OG0001466	12.6334212883133	12.5467418537647	12.537256121803	10.9727878122388	16.5855425592819	11.6731098995358
Obp19d_OG0008068	2.49934475031639	7.62157035679678	7.16378851697134	11.910540517456	4.44268005762545	3.21964959866495
Obp28a_OG0003606	304.361118472994	420.968668242101	422.605980734325	230.848056319351	168.007267073569	306.062707206527
Obp44a_OG0007175	907.013617269277	1169.09207707713	1757.94751195684	2109.78249947555	2737.18966380914	2366.76116332
Obp47a_OG0002782_OG0	59.4020169009403	31.7523473007652	25.4013693758709	32.094043160915	21.4266709022911	15.3026285047119
Obp49a_OG0003075	627.215068690718	235.892164468579	696.058201653223	53.8536391726348	74.3414921090764	80.4695658653654
Obp50e_OG0006130	4.11813823965083	1.93025808705373	3.18187583080174	1.75378060633527	2.09400995217238	1.49276857926058
Obp56b_OG0003039_OG0	63.458049129599	78.1784224645265	62.3901951771781	65.7501385643616	15.3925630241935	36.1828451098577
Obp56d_OG0003041_OG0	362.350247342128	8741.18162285085	441.020137182602	773.864568823205	1.4189867946511	1363.27956495551
Obp56h_OG0007070	341.666500612474	116.64773574951	240.927794014353	223.628163622282	171.770565324862	216.214989171244
Obp58b_OG0006989	12.8657922334738	3.53924950695646	13.540010672196	4.3016733114367	3.79537873375955	1.77253155455477
Obp58c_OG0006988	46.0672607065009	49.4337617205178	56.5886697275666	35.1809990051658	30.5280718146504	15.1677839664441
Obp58d_OG0006987	10.9480888244351	5.05966583185263	12.4573141845592	7.26804678914912	4.65049060771103	4.82240636191232
Obp83cd_OG0004260	2.25337324093289	2.23152713373963	5.07927664477775	1.55287051360798	1.63689332913999	3.07231350488609
Obp83g_OG0012927	263.181303502346	161.085818246317	193.552811198245	211.814102138251	105.513302977324	132.255845754497
Obp99a_OG0005118	816.551420120496	165.386879460371	771.808413536869	1431.04087555084	82.6577919728621	173.021577181678
Obp99c_OG0005123	83.9849599439126	124.981847012097	133.813552491196	115.439258935058	62.9558130265765	68.5372945940574
obst-A_OG0008081	96.2465622385657	136.496567898506	161.573692581337	158.107994244384	125.673607728428	98.7967855095022
obst-B_OG0003523	20.6980922184438	26.3267895152781	41.2881382140899	19.7034566842194	24.5547107836009	27.9275659416898
obst-E_OG0000621_OG0	132.848240281779	153.338205534008	190.800986673812	252.967245013028	94.2785885126149	164.346760744024
oc_OG0007407	1.46690411314096	2.19349852993843	2.17618060462088	1.76818615230593	2.46031534145092	2.32450754697493
Ocho_OG0010851	21.230333669397	12.9169802969296	20.7592638727211	18.2296388771866	33.5706673033771	11.1762900468671
ocm_OG0000905	15.8345447873697	21.1341297024017	13.1001431343037	18.6880025593807	36.5215606098028	20.9901055157721
Ocrl_OG0007630	25.3321828327741	18.8317389199121	18.5790613162755	19.9361759343272	27.4372460931718	7.93067603095911
Octbeta2R_OG0004432	9.22161117072412	3.253642761508	5.48433737252444	10.1627832511613	5.25853714295857	6.28181114491532
Oda_OG0011608	869.891868314712	1063.43425223026	1220.00324030288	936.267643097925	1385.66399334916	489.830092261049
Odc1_OG0000145_OG0	4.76180751445691	4.9605957409695	1.16285061092319	3.09287197009235	7.00236626170085	8.60415837894541
odd_OG0003585_OG0	23.3704902759111	26.4679426198283	16.3437234143081	18.733630475193	29.2020697922195	11.9671338482081
odd_OG0009162	15.3789858824536	17.6074944111756	10.6230843010163	12.0229076676069	19.5788458805495	10.8782964204106
Oga_OG0004389	28.9532527048796	47.1629404118501	23.1275740898675	28.6063290134597	43.2450360689424	31.3790801475724
Ogdh_OG0010695	109.16993263122	92.7483635694748	156.404321805412	98.4781657221905	84.995775368267	181.124671247392
Ogg1_OG0012097	9.58928795547953	9.65151400561345	6.58909974009451	7.79884542558913	10.4621264264277	9.0929444288241
ogre_OG0007818	84.3476919670899	93.6987071040976	69.695043013906	76.3073699296453	133.760886118093	51.0175276035389
ohgt_OG0002241	26.6945507991374	25.4420201060352	20.1011376131041	27.7624486274492	35.3899976740266	25.1536592130696
okr_OG0008919	8.36763174512704	7.89545495652292	5.37899062356065	7.74587995777136	12.071489950987	8.5666243927662
olf186-M_OG0006083	40.339456758592	11.4618530409341	23.5562226063094	12.3846015618624	25.8460324931676	25.026036487129
Oli_OG0009484	6.07053488358869	9.63352928700534	12.592004753877	18.3465215782915	26.3958606920586	15.9672800174654
omd_OG0002204_OG0	25.2553233623483	19.4921234337852	18.850018167277	18.4685612573847	29.184477775094	9.00543536792576
onecut_OG0002681	1.02362660075896	3.59501881115426	4.62249168926562	2.40860332757235	3.14845134538983	3.61064641357044
opa_OG0004157	1.89400078690935	2.16531011715679	1.54229138628916	1.92219475348357	3.14161458605499	2.46470870191026
Opa1_OG0006528	32.0938139595142	53.7919306033083	33.9858130724817	37.2740877094923	37.1766914182358	41.010879020683
Opbp_OG0002985_OG0	20.4576068616312	16.4279855689311	13.1514771682169	19.0022692390515	2.32879004274116	7.78459892305161
opm_OG0008352	46.880660152764	38.8752079455237	29.6519374531943	35.1640541202367	38.9392582507975	30.89896052106
Optix_OG0000507_OG0	4.33560964630092	6.72163394863081	6.24471290256907	3.72934638497129	3.82282829614165	3.31499095290012
or_OG0006854	27.2409561384746	32.8056623114096	23.9735040017931	31.981087450697	37.536988258366	14.8868498683002
Or43b_OG0002858	5.62226893706535	6.14031037195737	2.707471879866	4.90836738029203	8.98302439603269	4.74283392809101
Orai_OG0006084	18.5765969302846	5.18794340539088	13.3861191415094	18.0199757933093	29.9627901284097	11.8769988329481
Orc1_OG0006733	11.1744987422216	10.9857341443573	11.459721323725	10.3804207677498	11.4874830201758	12.5459832935647
Orc2_OG0002220_OG0	10.8093581516457	12.3789115174642	15.6701240210587	13.8698849637965	15.8992349298863	2.647129895393
Orc3_OG0007241	11.0801346083595	7.28070174123627	8.09541266337754	8.58568736651309	7.78563562120678	8.7557916511983
Orc4_OG0006055	14.2387084545588	17.7566145636671	13.8977397865067	22.8409258668649	31.7030567392507	11.9869800292183
Orc5_OG0009186	13.8021393539378	13.6086436068841	14.5847436338614	15.1968527374666	13.1287039930446	15.4846752262057
Orc6_OG0006334	13.2592950304963	11.4353931509661	9.95435237851516	8.26376128271883	8.29653325042406	10.1238610478445
Orct_OG0005295	24.8976286207006	35.7585646687566	23.5631934116747	17.7155972755719	31.0583384948159	10.2462586705296
Orct2_OG0005296	33.2516481436586	17.759561762702	21.1203981883761	18.8960164767512	16.4998170396994	7.88230535171252
orion_OG0003205	29.1106566649652	19.353074669171	33.7099729901188	26.8508496155909	46.5477783673018	33.6674618798906
ORMDL_OG0009868	32.0923729784799	37.9039403151663	26.9964416722262	26.2977065488269	32.291337787578	16.8291624890597
osa_OG0000755_OG2	16.0254964795993	20.142010944053	47.2410463308723	16.3417130621681	28.5238624152418	7.28416344162473
Osbp_OG0005199	67.6968097243556	73.898356403552	70.5008684668994	62.5348707790644	81.6770384090624	61.463212221415
Oscillin_OG0009444	37.5922109351073	46.3169951693442	9.04970273316323	31.6856911402714	76.1468357472104	21.4885962182676
Oseg4_OG0011030	16.9554268119483	11.2230377714367	9.17946608377839	7.26610039885764	14.3840647504698	10.580442782615
Oseg6_OG0007050	2.40920441358773	3.129026442343	2.53933372723679	3.61242886567183	7.42205506514595	2.37180884280842
Osi2_OG0004267	7.19986012519815	8.85921891887124	11.4470052579673	7.20935059563612	24.1199095393584	3.16230255666445
Ost48_OG0003158	229.778717282625	203.72678001697	238.577233653727	194.193291341476	245.513189244701	215.536649516112
OstDelta_OG0006076	182.872967264415	193.918414112724	208.28211084203	142.384683099141	212.541866115128	153.966125771243
Ostgamma_OG0001834	140.314619767257	162.447558359552	165.900112953327	131.477439570959	152.184365466712	107.504154356499
osy_OG0002617	1.31028100987986	3.16558374867098	1.42369011073313	2.31749711328107	2.89818287329482	1.70049616882774
Ote_OG0011614	77.32595647056	87.485758420213	68.0094608339016	68.9937174706031	94.116549800499	79.9390563990359
otk_OG0006583	6.669999004716	7.26227402046472	5.37470811017179	4.95162319546505	11.5569023892199	4.51054207088941
otk2_OG0006584	14.406996227564	18.2091839018337	10.6562931556335	15.1439207142895	27.3147938622857	9.00086433920886
OtopLa_OG0007370	3.88172824962697	2.67968316450054	12.4431109543096	4.08299944184181	6.5562735782978	5.85299831707555
out_OG0007449	4.46303457690229	25.1714145261098	5.50638040020841	3.72132459771007	3.8370158210119	5.93094775222998
ovo_OG0007900	5.3783891441893	7.09650440113245	4.99731721239	3.67587702986437	7.10132321542763	7.21970988221583
OXA1L_OG0004057	20.6675085531705	24.5524747942866	23.8141171158228	26.0468146941466	23.7039629164695	21.7459077225022
oxt_OG0011074	18.7011589837309	14.1658174224022	17.1305814179968	12.288675035811	15.8523235167218	16.9161748191257
oys_OG0002877	19.9935786765681	11.079486829569	11.1196819896132	14.5562020358453	16.9460159657392	26.584112280976
p_OG0000738	15.4573649311454	17.8101244194964	19.7110551955028	20.5776565946471	25.363659651436	16.017007422358
p115_OG0007952	46.0536061644103	39.4415112329814	48.1209255539073	35.9956402323471	41.0747075904593	44.5652609782949
p130CAS_OG0011379	5.46597376649233	4.52613394704167	5.5073224313594	6.13821634512766	6.61939092098983	4.76550230737697
p23_OG0004553	280.747062846717	301.349190260649	241.978229033265	242.44781106061	298.986652330113	267.870840425697
p24-1_OG0008370	279.049402497608	178.903381241664	240.146834366415	149.545950390204	161.951859378628	176.148273045951
P32_OG0006068	110.653771052227	110.121649573321	113.604115784783	135.635996101192	117.366936009876	116.145444489241
p38b_OG0009196	61.8405456598485	50.8641803946227	52.3546589532046	52.3930460626828	66.3472355306261	57.7276701395031
p47_OG0006743	108.697455118224	112.892396454292	75.7373994337182	89.3076937296445	124.668401120579	107.363288027545
p53_OG0004684	4.7520150139722	4.11036357296034	3.68747350177969	4.5849032090839	6.89757157563385	5.90998016238239
P58IPK_OG0002574_OG0	70.5771403845915	56.6736064882022	45.2830517815789	59.9725455388095	61.2144343664143	3.91978639547208
P5CDh1_OG0009843	246.636160562303	188.500074737185	294.962338268917	210.244619299221	153.502797677886	249.021433280415
P5cr_OG0004473	28.7595092209918	36.70656214818	30.4152690745161	32.7854205378234	28.8337229012076	42.1265219763511
P5cr-2_OG0001426_OG0	2.42223876084289	4.87940451755147	4.85739642510492	5.44809411050689	5.42484073316057	5.49737783571042
P5CS_OG0009837	6.88665309629286	9.3145176778467	6.12744587085262	7.80348778561433	4.86375102868066	1.39951539152132
Pa1_OG0007898	36.8683128980132	55.9054103564909	27.6201303430692	82.5511409479387	118.519667629778	23.8921462220592
pAbp_OG0006105	925.561438036857	1334.34100915299	899.1580664344	967.228673635727	1390.2993595037	1059.60834288789
Pabp2_OG0007176	150.716064753209	188.727075798922	127.668437435474	144.904967901125	198.541046789801	115.341978855751
pad_OG0002424	6.87965577639863	8.5292959563178	7.59979189056631	7.7964344876505	12.231789851607	8.39085881788086
Paf-AHalpha_OG0008506	60.9998851807015	82.0837844505427	50.3307085319651	50.0848550035545	80.3103403559095	59.1083630186715
pain_OG0000352	42.008994317719	8.9853968104849	8.71531341707875	10.0915679203908	20.5143997770636	16.1572513300214
Pak_OG0002107_OG0	21.0589770902158	29.7303016005993	27.8888829483903	29.0045844002944	35.7394043633211	1.52918251742516
Pak3_OG0004982	21.7378225836289	34.6004123654608	27.2607793698629	22.5730050163276	47.8673957665707	39.5356891877093
Pal1_OG0006322	57.1596935609072	45.4521369515609	46.7525162406364	42.0303636066257	60.4657579498494	34.1697480199831
Pal2_OG0001552	9.90937314156988	12.0639390372278	17.6165262540296	26.6922997949237	31.2633370819263	9.47468256106713
pall_OG0011012	29.8146697394536	20.8141809535145	16.0149984963238	17.7779600228509	28.0283943842803	19.5210884824455
PAN2_OG0007107	43.4293952785167	49.5024591495051	28.8328976921462	34.3048679365548	66.3390587572854	48.2690518479711
PAN3-PQ_OG0010637	91.2930910556471	75.3227224506049	73.1000330601416	65.4180662551449	93.6757528102347	78.615712043142
Panx_OG0006922	20.6156332492211	18.6539609811061	6.58892439417115	17.1689260426189	25.8099860750234	13.3323036383651
papi_OG0001223	61.3206980538225	73.5035594972704	54.0975615209175	56.3758873655437	60.7046488077575	84.2682156094173
PAPLA1_OG0009244	12.6830771634357	13.4292148596433	21.3590094804825	8.91831451641869	13.9113498249647	15.9859774909863
Papss_OG0010393	17.909635395741	6.69104161668593	21.9128282443063	16.2596430839971	22.6462372107928	6.99596408747468
Papst2_OG0001312	23.8630622660335	19.2034568527348	22.256144525132	19.1427818078268	24.8268974516596	13.4835240668225
par-1_OG0007046	34.9731355603329	51.3246404493836	54.3826441463277	13.0351756454096	92.3510682729912	64.0776374477944
par-1-PT_OG0007047	15.4581052641679	19.8271831760562	16.0256562527577	10.3592810779876	25.0794689670649	18.8876351404314
par-1-PX_OG0007048	65.6062380032261	83.578104937127	89.3492693860326	86.1816481661369	107.428975744233	79.6828137538402
par-6_OG0007693	34.3372559076851	29.2962180545578	30.8448789297179	24.0250047711853	51.3416344334397	33.5857679036986
para_OG0000578_OG2	101.634066844449	97.7092239250873	91.6704988049857	83.0368534829817	111.298868284255	73.4547327778589
Parg_OG0003091	24.3603205642464	16.8791447903419	22.1308751033534	23.1563983461009	32.340014274595	20.6714840084434
park_OG0010317	10.0668208076703	6.89506729406389	7.02935683983439	7.6906438134916	9.14956177070264	7.14662232153285
parvin_OG0008277	69.0373262738613	62.5311123271742	70.557635859799	65.4582813685756	68.7999083220085	56.9316824172727
pasha_OG0005815	13.2929673357831	13.0378847764548	8.64538147650961	9.851321744567	18.5938737070276	8.92408330813533
pasi2_OG0002346	62.4984821594816	47.4068906485925	46.4288926658314	26.9797912550707	46.4780630619066	40.9264228045135
Pask_OG0006858	2.06673260878722	1.30934323468963	2.00401043424234	2.42714573160653	2.78957670043022	1.65052844853444
Past1_OG0004444	34.3058028477214	41.2041344245632	31.6132548493699	29.1372511009702	33.0808163213886	22.3852737346
Pat1_OG0007727	17.6158157745529	20.7679922246459	16.9314149267321	21.5352596659957	35.2933187147514	14.9572520701053
path_OG0004069_OG0	37.4949148878914	50.4914134368909	43.7872294942791	40.4645570955249	35.778155962117	30.9424392705667
Patj_OG0011043	32.4683816020913	31.4458394886185	24.0248699574809	26.0139221979139	35.923301949777	29.39555399586
Patr-1_OG0001431	29.1351279255608	34.0828324394495	27.8858439289082	24.9746874215746	49.296342385615	32.8691011837094
Patronin_OG0005887	16.5256796230871	18.1781209063561	16.7153733716565	17.0085868846382	30.9995936679809	17.41601675325
pav_OG0010529	37.9519256132092	74.2179657310984	35.9240346416707	45.2120466459984	68.7544501492771	49.9719201372459
Pax_OG0003715	100.949708230699	86.678471562994	109.533266217434	115.500849166658	71.7218000667186	101.216201599449
pbl_OG0010680	9.12430184783889	9.57499537747788	10.9959543992625	6.89634945719086	12.1040516410179	10.0641760528225
Pbp49_OG0003058	34.6931210677464	53.385333106174	22.4772160760125	40.4828774824072	49.6345070538154	24.4476204439574
Pbp95_OG0002295_OG0	6.01430685092119	6.19902323693923	5.05401223293149	5.96673779967491	9.23004296190787	1.65750085954726
Pc_OG0010301	16.3105474091141	12.8974777822952	17.3356295803998	14.9723055757527	26.9859584048749	15.6077535736756
PCB_OG0002883	69.0547582302411	112.840695852803	121.338405421436	95.8191912366686	93.4717657152686	136.28663508385
Pcd_OG0005128	116.502652601773	105.743554904335	126.300331273064	121.080940627069	122.876004858783	69.606714585725
Pcf11_OG0006175	21.8522482299714	30.4383171752885	26.0432806692338	22.6100001212766	40.5784608435117	25.5867244795243
pch2_OG0004820	44.5829442663225	62.8834794971754	22.9679205334077	49.2993022250286	69.5929735002401	5.55903639669795
PCID2_OG0001986	20.928049562026	22.419272261789	19.492778069333	21.4352676493118	32.7946200515929	19.4844072036558
Pcif1_OG0010346	19.1749900704082	25.2038070820304	19.8947663554362	24.1001791735325	45.7511875482082	24.3483495687367
pck_OG0007665	129.079916259961	118.299719551118	93.9726226204234	70.3023737901787	129.355902398457	60.6264991212982
Pcl_OG0006104	25.8417699234484	40.1085051125172	21.73089503321	30.8982993662215	51.1365265553336	27.9358586957108
pcm_OG0007444	26.2550119287559	31.398336352628	18.5525943665501	23.4560390008052	38.5253170161494	22.8191590384725
Pcmt_OG0004204	68.446216007394	68.5921537341022	68.7591230129417	69.6429173980035	96.85796186948	71.1408016559622
PCNA_OG0007081	185.090995298246	207.787626361672	154.341664798038	200.435677367631	190.453505572913	224.852802987809
PCNA2_OG0001864	6.14688478810868	1.91588674578399	9.9802583937863	9.43067036265747	6.50008207866686	4.46366879811705
Pcp_OG0009632	439.548158076686	489.923993736534	235.479850922499	301.835239137461	575.33496330707	222.559255720841
pcs_OG0006612	64.8541680811915	77.0842783511512	56.4515485589952	48.0651546329354	85.1384325346296	69.2463634686773
pcx_OG0007776	8.46564279147399	11.9393306756796	11.2490316634471	8.43317333953068	13.5799159124079	13.4877036251466
Pcyt1_OG0011291	71.5961838758249	41.2340736419064	64.0601342209233	69.7999553299684	70.3359616520603	59.7306432211783
Pcyt2_OG0011290	8.86941329081358	2.91108290525217	19.0017586099384	7.66792325883579	5.41845894026373	8.78858532044944
PDCD-5_OG0010784	72.6139548953632	77.6137546336043	59.1462694374871	97.2461997310153	108.475618008697	77.6059463599847
Pdcd4_OG0008254	59.5540516968627	91.6651129635924	72.8122393826944	69.4425413698001	115.557721202669	69.7619457856864
Pde11_OG0009506	7.21406536775157	6.81121452391281	5.49393192399181	5.00917214113826	14.0509407997768	7.33168034854326
Pde1c_OG0000976_OG0	97.2537937225451	17.8239665979199	9.43847268142421	12.695658546045	23.6220977546073	17.6026225791969
Pde1c_OG0009702	1.16914853458059	1.40216734287825	5.05587201687934	6.10920566840933	8.17536743637522	1.51554506749229
Pde6_OG0002583_OG0	4.35348489993133	3.68027273035446	3.93387765112213	3.9301172789866	6.67174704858577	1.68875261147731
Pde8_OG0001553	9.42670259960358	9.91816649984321	10.3014391149497	9.07946351045654	9.72866924121977	6.72667759675677
Pde9_OG0008446	3.18574208276952	5.27037098743224	3.55497931323451	4.99690599442522	10.0546548398688	4.65658256097488
pdgy_OG0008354	47.4879324412268	12.2252039271577	19.2294078170608	45.2240665838639	41.19890766963	18.945176225746
Pdha_OG0007909	95.9680825993427	149.266534708003	226.44292000999	160.791642527243	99.707670247402	181.391675022054
Pdhb_OG0005088	79.2881302016128	123.688775824578	178.076235438455	123.707539599066	76.0240596764353	170.369728179471
Pdi_OG0009956	548.875885348746	576.07144849926	433.098986682105	413.000086038666	620.237449082092	419.011659394894
Pdk_OG0006367	40.0064945140582	15.045560996854	12.9794264218199	10.6031057144043	19.1550766579683	28.6233610923764
Pdk1_OG0011377	8.10326506598644	9.87258352281317	5.79058285481644	9.66368263786132	19.9511964636656	6.33581746005634
pdm3_OG0007157	16.7916324399979	20.902470032163	22.4894424470307	20.7986347299645	37.4240883860438	4.52199618999644
Pdp_OG0007965	27.214746117117	32.6904938608762	22.0013173566811	42.8342003593348	38.1830033801006	19.6925968645696
Pdp1_OG0010678	5.21850717567551	4.38235683181923	4.65320838273835	7.22367096628364	3.18111633829748	6.12366423694171
Pdrg1_OG0006323	10.3339736111233	11.8933313810437	13.8723557059566	8.94207555377256	14.5974979899947	11.2318882494571
pds5_OG0006586	24.0409132797075	31.4375813351562	24.7685259716099	24.5649168932169	42.330128320758	29.8160715945165
Pdss2_OG0010329	23.1106248397393	21.5105520388604	21.6447924005367	26.765770316711	24.6421632680902	19.6663429398706
Pdxk_OG0011249	32.9667233858833	28.1054837644127	37.2429186446586	49.501593035866	44.2145256550856	47.8859812053983
PDZ-GEF_OG0002678	18.2303884339799	27.3585224000504	23.239543068331	18.6706002004822	33.6216811812214	5.30321570295688
pea_OG0006538	16.1444208142779	18.2222917661152	15.3344429480201	14.7908909503008	23.6484857546629	17.7276611421773
peb_OG0003199	12.061923186366	14.7127429001945	6.63771577742476	7.50895911665744	14.6370624083251	7.59731301486921
Pebp1_OG0004735	61.9842169925148	257.78852559239	662.420127617865	937.099067419706	172.944197653041	272.550562289677
Pect_OG0009239	21.5053597794492	12.7299490730319	33.9379279037125	14.7474334009781	19.422396383552	18.6234683244136
PEK_OG0004194	27.8201876380204	30.6585021414805	29.4544328923524	25.2651171780124	36.9333244057614	29.6989828130467
pelo_OG0003612_OG0	35.4159054722732	30.7323611249783	37.4274890598201	34.6980695972973	29.9961212784636	32.4549734326946
Pen_OG0000791	171.86113043712	266.937366540271	121.801236506618	192.056839306419	255.931860512993	153.121153217792
pen-2_OG0012833	34.6259921859324	37.8690641314142	30.5206439858703	25.7747674303983	42.7071685360264	37.5591028659125
peng_OG0007483	39.659656474675	40.554067441894	34.7726774353665	46.0503578853547	43.6649894622445	46.917688324919
Pep_OG0003899_OG0	53.2871497140848	183.793734249714	147.696116701479	178.973907817261	282.397673281672	178.971871447413
Pepck1_OG0006707	568.795699384589	542.875194799108	206.608832951762	277.958070624445	195.65694105654	166.8878651123
Pepck2_OG0006706	5.50664989623452	5.37300886087438	6.00075445843917	5.42385046867667	5.96427879504293	17.8786158883065
Peritrophin-A_OG0008080	111.880728072177	74.2168254595734	107.508145557596	108.720908888086	84.1268999301903	87.9272622783584
pes_OG0009791	6.24014559174802	5.82665735003123	6.03195557637672	7.424092674444	9.65545685287071	4.08331335437479
Pex1_OG0010885	7.51220494653256	6.80802696063979	8.33605975331015	5.32911997752961	8.32072715601943	7.4769834324532
Pex10_OG0011288	14.0867933836291	12.1594561535225	9.13903915614254	19.0987733475364	14.8766965381125	15.5201824418365
Pex11ab_OG0006678	26.0554823835787	41.0836339415075	20.5088133306357	36.9620694253465	23.9817002247015	26.4601837561339
Pex11c_OG0005492	9.17073183762198	8.57680706383101	6.71165042202588	7.87260340395791	7.56211053254897	6.78726288294396
Pex12_OG0003366	8.85768490077828	7.86881299053655	8.30552868582045	13.4361200054116	13.120122793136	5.83877640265451
Pex13_OG0003079	32.9155457947729	35.1464501788363	28.6418373744166	35.013534631797	43.8711484695471	38.2627213970272
Pex14_OG0010347	25.6327954924391	41.5037956463394	26.5174478920155	29.147151291601	35.4353768580293	26.7516379436508
Pex16_OG0010348	24.7779020677132	27.5705535303276	16.6461648704674	21.1015372580257	24.3953058838797	16.7249839648541
Pex19_OG0009725	89.7593103180024	109.806673514583	116.20750869043	104.520934371408	99.2345240493964	90.4713877683952
Pex2_OG0011172	8.7184761195983	8.16372475867766	5.74621090161528	9.73852559358724	9.1261422676702	5.20982994950989
Pex3_OG0009958	44.0201599937658	49.6880319091885	46.1828580557657	41.7534637671625	60.5787352104744	37.6436594393021
Pex5_OG0007643	20.6465280375754	27.1243396493753	24.9873177928353	28.8145401018935	32.0730195897051	43.4716219915004
Pex7_OG0004100	5.18710057756581	4.62151634032465	14.7371761235986	16.1226147067595	12.9716512880983	8.35230194221238
Pfas_OG0005829	33.3119661774099	33.0962212624886	34.3912757116008	36.1659090115343	36.4891054097984	4.60905792323027
Pfdn2_OG0010073	172.990144035847	162.867906388529	170.474465622365	198.707353577185	234.415595746454	242.675110942813
Pfdn4_OG0010588	85.304688174245	98.093847285189	109.648200981194	107.663125565424	123.234948864023	56.0689521285064
Pfdn5_OG0004733	72.7187128502362	109.533349418335	93.472479031539	111.324704556066	128.487248012725	150.702230628866
Pfdn6_OG0010581	93.9553332847821	111.385957388954	104.550525544498	142.298544170567	148.671765958962	131.5017133194
Pfk_OG0002814	86.0583734190071	115.145652595224	116.525866701905	131.159905423901	62.9985292109301	94.8796077120414
Pgam5_OG0003151	56.2254226378944	60.3796385574832	37.6016186381175	74.9440753195364	96.2530446530558	53.7781230083435
Pgant1_OG0006825	82.5884107960887	82.5916695551412	68.8685330813546	45.2513518833006	57.2897048325666	52.1648335215152
Pgant2_OG0008893	31.101107123729	19.4669901056467	31.6773123711157	24.1166903029927	22.1119339207107	16.4085990212369
Pgant3_OG0002964_OG0	17.7365661119043	17.2133452407654	19.0465049988246	16.4662241948902	24.4157321792324	17.9790791956719
Pgant35A_OG0003591	21.8113024553695	16.4411342186619	17.227340010359	15.0787150422559	27.3135358060241	16.1605023887889
Pgant4_OG0001803	3.22523998008602	4.3723741698909	9.556676068595	12.4836658201094	3.92752568668058	6.77171438049148
Pgant5_OG0001807	21.4615279012303	29.1240071528977	16.4456432433849	17.2486361088075	31.0025485664819	24.1849349510085
Pgant6_OG0002049	60.2428110089839	61.4189762172073	83.566586414156	32.3205800457346	46.1361236713149	26.9206702133539
Pgant7_OG0008664	46.9182879333253	47.3737541425775	54.4034955569	26.7367413472161	50.718613216503	43.0198760410519
Pgant8_OG0009984	4.43966174346318	3.47931212614057	3.65386890948569	1.98991593951302	2.22822589884756	3.04499592856602
Pgant9_OG0006422	2.9485389589873	4.31958342661074	4.13717379928366	2.42387098446529	6.64807836645588	2.44356958630833
PGAP1_OG0007363	11.0068444584702	9.1473735171043	7.32002895057819	9.62851725376811	12.4600231074865	11.8700679246319
PGAP2_OG0003368	19.9008680437324	16.3684745451995	12.6736379240863	13.2691879057451	18.8138630041934	18.4605271196038
PGAP5_OG0003501	10.7355447479731	11.4466021623531	9.57035614578481	8.21684899797117	11.3453667390344	8.15487778824057
Pgd_OG0007794	56.6004167009017	60.3538390535132	37.0390759078301	62.2786563804115	74.1581875068447	60.4923044515516
Pgi_OG0007115	373.030119271552	424.461492679788	498.321671930389	485.41973343182	306.394035502525	501.128289165216
Pgk_OG0008948	632.507594773032	599.05959700198	591.015954629319	585.716814243324	406.197478555802	586.361299692792
Pglym78_OG0005095	680.422712167768	810.635060511358	1020.06548252877	895.79295672504	461.398695187094	605.967170292899
Pgm1_OG0010792	193.71417065611	182.388624364372	224.512338183326	316.168541710097	189.063987508326	176.210653499659
Pgm2a_OG0006396	50.6470275537503	54.3071419572635	50.3426867453909	65.6388151991664	78.0227686539491	37.7704058381674
PGRP-LA_OG0001328	11.6104844209731	4.68539155454644	3.26027342745404	14.5109117367684	9.8347876919735	9.46562143302768
PGRP-LB_OG0002550_OG0	5.32256767320702	5.13920050932066	1.6662489280445	4.3893025090093	4.12243685346184	1.78736062402865
PGRP-LC_OG0001329	16.113416567822	6.65978549007662	11.7611639351222	13.3290383689951	16.904793539893	9.53104385971899
PGRP-LE_OG0008147	27.966629855062	31.3588026649858	18.3660221607004	29.1922810660646	39.1721443572707	11.176998803378
PGRP-LF_OG0011246	10.945714840873	7.86059820239348	8.29220561990217	16.8987760188221	13.3661779601274	25.4026700587965
PGRP-SA_OG0007883	29.1473326254227	65.8132967035684	16.0589795932771	39.8257891875641	33.7330069654647	39.2055862294545
PGRP-SB1_OG0010715	57.3559453978689	30.3077613533056	7.96772323086128	89.0660946815808	24.8051100057463	139.981821846488
PGRP-SC2_OG0007130	1.08767570207866	1.58801155111011	28.5079891439998	61.2734407765007	3.27597742688626	3.30249526201857
PGRP-SD_OG0003973	9.85125537901384	9.54420410241251	21.2155756087282	19.2171010946637	9.42449278094392	20.0510679538766
PGS1_OG0004457	13.3743089150157	13.8699834192151	12.6768199972638	16.3722295610007	15.5006046890397	11.9286157830952
ph-p_OG0000212_OG0	13.0563354178136	13.6636561979519	17.5142869640348	20.0446916331109	27.3875912332976	17.7380181678142
ph-p_OG0000212_OG0.2	52.9576258893249	16.4012965192995	24.0115045114641	14.8403110104105	33.209564187885	28.6834122323716
PH4alphaEFB_OG0005751	24.47518705725	13.160910377833	14.6636151562197	21.5808446853403	28.7970737970614	18.0998244426567
PH4alphaMP_OG0005753	46.8234263587916	18.1359813704744	10.7551685914917	17.0919100671868	30.2993135493753	25.7122834153734
PH4alphaNE1_OG0005754	9.45656751974015	5.02474652139316	25.6156177049772	12.9265416221438	5.16389091655016	19.4147201971356
PH4alphaSG2_OG0005752	68.8116631711105	38.0775756491708	140.629386988359	38.9717714041969	26.9441491450832	47.0076664771535
PH4Î±SG1_OG0001097_OG0	58.893259435428	24.2900709842468	109.586456218653	44.5578718297661	27.1367895958181	9.19779523752198
Phae1_OG0009730	13.0797167680583	9.57729284242855	78.3566437985474	136.956745835063	49.6053899674503	9.19992273037824
Phax_OG0006393	18.7261214723784	20.8619915370919	16.0497628414328	18.1370780690262	22.8302165948965	20.1989149385033
Phb2_OG0002944	80.6712125585103	78.9498716815136	69.5466525851541	75.5609796079682	65.5837968660461	76.6723375148071
PheRS-m_OG0006799	37.599650003696	28.8465814397328	20.6347014097393	26.1345784520788	28.1592929539923	29.8805617497942
Phf5a_OG0009593	45.6266377908336	54.3886021950445	35.2292407228903	35.2614403809677	55.6515099105001	39.0811297618631
Phf7_OG0000784	9.91435789750881	10.2319039898791	9.45261064615619	6.11730552482504	7.20634990283647	5.86221118915424
PHGPx_OG0004004	317.513208432744	251.272223695038	133.813173828572	107.37976266865	178.629822269376	117.296262763216
Phk-3_OG0005857	378.115426834867	1269.79250305628	1875.53045905588	1909.19781621866	3022.62279852714	1727.83539747798
PhKgamma_OG0008387	17.9950908132733	15.8218236083665	16.8205323966659	13.9926259625221	13.1184593565578	18.3887257777351
Phm_OG0001644_OG0	76.5257752618181	41.2342355788231	38.7204229098905	42.5702511150678	48.5051214460585	27.0568000116705
phm_OG0008673	56.2142450748308	10.2318900675451	24.711825485198	33.2795922456342	37.5947056198781	18.674331810556
phol_OG0011018	38.5001316327624	39.0965883765659	33.5956961318375	34.435394293042	56.5536164676932	39.6119386403181
phr_OG0001601_OG0	8.84733460081388	8.0530335250169	7.52001690810752	11.0508016659595	10.1126404267972	6.5519973194384
phr6-4_OG0009424	7.02161966699195	7.6728837013226	3.10911401802849	9.18820378717572	12.4368990008583	4.82051595328745
Phs_OG0009982	26.9169148474137	37.4444127602043	25.2704401505938	26.484304744699	47.8082203088999	28.9196476254076
phtf_OG0002971	16.3014251694275	15.8517273777776	14.2950832636276	9.92374899509726	18.6145779975354	11.1164868355122
Phyhd1_OG0002361	23.5904443058212	7.35814774692553	13.8008265262674	17.3961161059097	21.1463754522394	19.6190378669511
phyl_OG0006134	2.36958172105778	3.0423004096749	3.90566427370825	3.55231189539131	4.99379923456666	3.16863281744614
PI31_OG0001611	80.1064051158835	76.7946272857905	58.0208701232978	98.1371754400268	150.566393885313	49.5410176719691
Pi3K21B_OG0008745	13.6582535470094	16.3921193020293	10.9967159630058	13.8547760691297	18.4879899797137	14.8044750107767
Pi3K59F_OG0002735	15.3730421900625	12.7829525945021	11.873285416037	12.6859657010754	20.4832125950379	12.9270414174831
Pi3K68D_OG0010017	10.7304374684646	12.8520442806259	11.7039060598322	7.70605157343397	13.1227749254496	12.4344077380868
Pi3K68D_OG0010019	24.3003509554577	30.0310453684664	20.6317515510039	17.9057486488711	26.5711992893359	17.2041584482531
Pi3K92E_OG0002389	20.8621163901329	31.0086865953376	26.5427008156949	27.7308906630142	46.6843848308419	35.929663917839
Pi4KIIalpha_OG0004206	14.3839788641566	16.1681336150611	8.4910515998951	10.1056334051608	17.1994811869801	8.34360510715135
Pi4KIIIalpha_OG0007355	24.1399177816422	24.0685546932405	21.4641993167378	24.2810116008804	28.7408676179004	28.6522623373624
pic_OG0005006	38.395641208594	57.437569113878	40.3073765877514	37.8065512034861	51.8668352497294	35.7607225882826
PICK1_OG0009756	1.54545156986227	1.83152738682014	1.61523846990257	1.87073961733183	2.68087737749506	1.3258043123221
pico_OG0008279	3.01220639232639	35.9664981316584	15.317108640347	3.52230852254235	9.15023914691694	12.2671893113543
Picot_OG0006418	24.0008120562815	34.4357838369775	14.0183560403417	28.4539425558756	39.2991441885473	48.0827335105973
pie_OG0000554	16.6375543988878	8.81600644486366	5.89984097561895	6.65611063314237	10.6745357115143	5.67973272450829
Piezo-PP_OG0003608	7.54014236673258	13.8725519481789	15.6859177658686	9.94677359930286	9.53810713972052	18.0231757255778
Pif1_OG0001804_OG0	8.04156113936552	9.95625450572746	5.10965492775744	9.84172211691873	12.727323515669	12.892032634112
Pif1A_OG0002329_OG0	269.03066043288	169.20900261069	181.527858703726	214.7149422004	230.242735512191	414.40357698713
Pif1A_OG0004836	55.585200812695	36.1984054834673	53.1718822316049	45.8913136244699	60.6093970533412	62.2674461023904
Pif1A_OG0004838	94.7384638697595	73.9603348360055	100.259802152541	102.545891898914	120.65898114844	63.9352961659164
PIG-B_OG0010475	75.5801279638038	72.1154829853099	54.6913130313259	66.2127017844911	85.2744281699322	55.1885440236457
PIG-C_OG0010665	7.16224894684835	5.13742689384191	7.17164408260769	6.11465953783608	8.9026564532037	7.29886016921903
PIG-F_OG0009891	19.2490403044874	20.5275820474273	14.180751515354	21.3552160005812	21.8128613046564	18.6751972447696
PIG-G_OG0011619	19.4829724585375	19.9474356819022	9.79383921926845	17.3794268638462	19.7231845022275	15.7308544306447
PIG-K_OG0007626	28.4551304503567	31.3971030118566	26.9306922642564	25.7776471582554	37.4019013929299	26.0340664008505
PIG-L_OG0002174_OG0	16.9932348743414	15.7673380758775	17.2727052678941	11.5362803056736	15.2674374129169	3.03882755986159
PIG-M_OG0002719	56.6322027490455	47.5430393526797	45.9299970188322	51.7877728554045	52.8946431059568	46.8728970964368
PIG-N_OG0000671	4.39137090633013	4.65537353004484	5.1078030797544	2.44058912172793	2.88135745007314	4.27565427770987
PIG-O_OG0006698	19.0300084764964	22.5703053491864	14.9017107759713	15.1908760632728	20.4338913325478	13.7552419759441
PIG-P_OG0012018	48.8362454913814	48.7776956070223	42.8091505763476	28.015366617729	49.2462125477655	31.994354431484
PIG-T_OG0008320	60.804292492398	39.3506551162524	42.8787551102862	26.4500357142786	37.4003927834188	24.8501431996007
PIG-U_OG0001924	33.6198755630771	31.7770444692283	38.1847790582145	28.6152647263805	34.645828451601	34.6294821124613
PIG-V_OG0006444	27.2885963417358	15.1993996856006	18.8087304050012	16.861493878021	20.4581970835804	30.0249472362497
PIG-Wa_OG0003442	7.63864968546942	5.32070412256463	5.30211414369822	5.00588088283667	6.22680359140185	4.57587561320036
PIG-Z_OG0006006	9.1107376648077	8.80514039059504	6.09075182936441	6.322249857068	15.6595674675508	5.41175791773316
pigeon_OG0009558	6.71985806241285	7.76751844397539	6.54860011709386	6.58183581060393	8.11024362718851	5.93108476787448
pigs_OG0007728	11.1407340398959	13.6817626836587	12.1478982649883	10.2563384156233	11.420012266316	17.455224838383
Pih1D1_OG0012163	12.4140190828275	29.8309695087384	12.8304664804565	14.254987748997	21.389310275878	5.7168360864424
Pink1_OG0007736	98.0623294197552	83.3830151911723	67.5283663584575	75.5984464911255	88.1307547921083	97.4927707307399
Pino_OG0009019	5.63479491006031	41.739973677664	35.1664681403255	35.5897831310589	67.5623290227438	32.2851252006572
pins_OG0005357	29.6979183161255	33.9944008622749	29.2250621828713	26.1880748704487	43.8274853322664	27.5013288175982
pinta_OG0004738	5.24565989018814	10.466580214279	4.00009614110609	7.06974034365286	8.61817880196022	1.3447151819775
pio_OG0011935	72.0470908700777	55.9846449310008	65.8655551426367	40.9710005947575	78.4997719752	43.8675620574188
pip_OG0011835_OG0	7.59932929445628	6.78298798842702	9.32021726797601	5.50314541824867	3.46485567349587	1.70669186688536
PIP4K_OG0013069	24.4800945666203	44.662496771662	18.3038869254788	32.7774078451081	53.2592610869329	12.2713769712909
PIP5K59B_OG0006974	2.16599970686932	3.52551156270623	5.21971057602421	4.83748146259108	7.64314750869994	3.68811807457026
pippin_OG0006957	2.75245578609535	7.11312988425028	3.35360444302065	7.29962902191624	4.6385401724541	3.77695318141089
pirk_OG0005962	33.6910828889242	12.6271914492969	5.88544506597297	10.9821416246192	75.3199143963166	6.71883560294553
Pis_OG0001766	24.8733781383593	34.5890290538033	25.9634576572883	27.5461071850548	33.458150953383	23.9007446843518
Pisd_OG0002532	44.4634455009087	24.1926639327919	34.3797702583883	26.3659215793371	36.8942970247598	41.6774060003825
pit_OG0004772	42.8822447846854	42.8629511737684	35.3686774858396	49.6309494933551	48.6778476626071	33.2093953605486
pita_OG0005995	37.7701185054582	55.4695693024452	22.7763498471158	35.6363419990339	54.4435032083446	41.3580177354974
pita_OG0012641	12.2882764939675	19.1063112762764	10.1502222947745	13.5210967293479	20.278361053067	19.8882448829456
Pits_OG0008462	12.088984424673	12.0217532185813	8.97901875537394	9.85291810460792	14.557247519155	8.0669986924569
Pitslre_OG0010349	60.3900604587018	57.9406821750865	44.2977348670834	44.582418906456	75.7043949514725	37.4646223646644
pix_OG0011221	271.449705791619	231.902519683075	231.442089751689	215.386289268663	342.500751862227	309.845927727736
pk_OG0011621	8.01098413086089	4.78766512532176	6.03161975810682	5.60828522909699	10.4525242536542	3.53050827437152
PK2-R2_OG0004914	13.3858052405661	8.23655361772471	5.45771753939936	7.98862857886269	10.4402126411138	2.71877976259902
Pka-C3_OG0009993	9.12411978283881	4.52601772106615	3.68127006022537	7.81228553312788	7.28059767731115	6.98817443793256
Pka-R1-PW_OG0010338	38.1486539264909	40.1088307206873	23.0359189046608	48.2478002420121	12.7298251812434	50.5302708838564
Pka-R2_OG0002880	14.5089051763993	6.57515442318971	10.7113825042247	6.28991427283319	11.571041010275	10.7847961908079
pkaap_OG0009400	29.5867801536386	21.9514697120067	16.8557054854759	17.2985760449324	26.436611133925	19.9108484809335
Pkc98E_OG0005081	20.9300054784564	22.5928847239374	15.7795670709781	9.87011812403166	16.5380234025879	15.0891516399933
Pkcdelta_OG0008471	7.63764205188915	6.26368626023428	12.3976050941558	8.05419318809693	5.84852083330418	7.75797514399184
Pkcdelta_OG0008472	3.99681844665935	1.84612276677271	3.27539926879067	2.51360256898926	1.00966778184398	2.31623871589419
PKD_OG0002468_OG0	39.2382748561459	25.0782266553981	25.1115721214338	19.828339603654	32.1722756191211	4.64100877303048
Plap_OG0009029	103.910764589352	74.9026838644179	63.9906725003559	111.352210248045	90.2756917202239	58.4539511342991
Plc21C_OG0003353_OG0	4.87219248867351	6.27690932778876	6.38234365467778	4.58743478406214	9.4472134798242	7.74020133498215
PLCXD_OG0003779	1.87649459468518	5.23064263021499	4.92883418958114	3.41294103214355	6.00585629656478	1.54477044515255
Pld_OG0003087	6.36433331595122	9.0300891176219	6.01490135177976	4.8484573138675	7.38090237945442	9.06717331773231
Pld3_OG0003680_OG0	37.9650531828611	52.812427119901	16.0213855811223	47.4426841885064	31.5468208089871	43.0009796811533
Pldn_OG0003885	5.28281491927593	6.58899670961957	9.69492437723846	7.25604793590081	8.04099682975295	3.85973505765903
ple_OG0010267	23.7399675536204	133.100342167309	33.2122464860653	102.058078685622	360.023128646221	27.7383420207276
Plekhm1_OG0005929	18.6269374193209	19.4503356909658	14.4145939082089	14.4271146704596	22.8679485544671	13.6399889235264
PlexA_OG0013281	69.3690280136389	54.7535432790189	26.5640977339287	35.4647291186153	79.0054553401219	31.8404753815341
Pli_OG0005532	2.14722921940412	2.79646377260095	1.85298203768354	2.34694554145874	3.7835151286889	2.49937719859094
pll_OG0002538	18.9542846857584	26.0496118295588	16.8397967447808	25.5615998780836	37.9439272576671	14.2643571882654
Plod_OG0010057	15.2813793030038	17.9608522551672	17.7932851174882	16.4758345207096	13.9056713665412	11.5262905828114
Plod_OG0010060	57.3114183953505	69.6246744511675	67.7317086006768	66.4911601218057	48.7541525369598	30.0850553507036
Plp_OG0004040_OG0	8.64219631447959	11.9267670142612	3.51969037809222	4.6303690946266	12.2424692112557	6.60372889368687
plx_OG0004235	9.29251255131598	16.2907287293914	13.7442183617599	11.6495444761004	15.4314358696639	13.4502709523809
Plzf_OG0009720	5.02437612226398	3.25036627573491	3.14699518093739	3.49689409762082	6.93799578367394	2.51270838339244
PMCA_OG0011938_OG0	22.6129215976803	36.3098762843362	23.7228261737289	13.6904779869038	29.9925740893072	31.8103200183352
Pmi_OG0010206	15.2728860701939	26.5683343567704	21.6478934611622	25.947427594191	19.2995634669896	25.9192681905058
Pmm2_OG0009941	50.6544753558926	44.0341640398607	50.007050955108	46.0026552182467	48.8324822726675	44.0502884970867
PMP34_OG0010545	24.7193034359013	16.3316616749302	21.8075207927652	18.2825283048226	21.5325606420951	13.3393403566387
Pms2_OG0006828	10.991184787277	13.4114169125282	8.09595816025666	10.8263269606195	12.9776964904864	12.5030497930697
Pmvk_OG0009100	10.6557735357536	13.9058216666417	6.75735631719625	16.6836705060963	19.1996198494584	6.46940464244804
pn_OG0007786	9.75956389479381	5.77698945373772	8.50994550964785	8.85061991606242	13.0969075991665	7.44775106461858
PNKP_OG0000736_OG0	18.6988724413547	21.2590275975447	10.8243813470106	17.294422279395	21.1382666805155	11.9156871245354
Pnn_OG0004556	25.2611851350007	26.1268345825235	21.0983974205742	21.3015271380736	33.6303655038431	36.6153214734012
PNPase_OG0005802	14.1553298061114	17.1181604985288	10.8648313928946	18.053961749491	16.913159573854	9.15064890848544
pnr_OG0005209	8.43967637748606	4.25134332869166	2.17112268044836	3.01940859069363	5.78268593124032	8.4894823550558
pns_OG0011292	14.3001992643105	13.2900377695048	12.048702607923	13.1943668408453	19.6537439788681	13.7028314773265
pnt_OG0011516	11.062279184739	31.3114030253629	9.38543757426852	10.8677846139531	15.3918361008409	9.69052915079686
pnut_OG0007162	152.725004813227	166.651112182713	129.686398271065	132.775771442279	219.138170487341	145.374410634737
PNUTS_OG0003379	55.4642442939274	56.7322655337113	45.964869446065	54.7960405291064	86.7162100821936	41.613487014237
Poc1_OG0010164	46.9267048173043	37.6460999895909	35.042485723448	43.4660156599878	39.8543052016767	32.6057093826469
pod1_OG0003178	23.0476478606125	39.1876794037686	34.8763367835696	31.3254922101172	60.342106841897	33.8769039940119
poe_OG0001952	62.8875433379761	68.5330322302774	52.2011192883269	40.5805960258838	70.6166921990415	81.6655257441987
Pof_OG0002750	11.7751821340875	22.03759968912	11.6608792967371	20.5747782824923	31.2443659964027	13.9347179619622
PolA1_OG0000844_OG0	16.2245642584151	18.9536589799176	14.0309428439706	14.6420658422806	18.523226592308	6.50862739798233
PolA2_OG0005376	14.5109790075615	14.2427651013042	11.2229005128124	17.8417180310499	15.2761345257364	16.2105319305609
PolD1_OG0010004	17.5120133366263	15.8735618066156	17.743348872005	16.0186800499683	22.5219587364014	18.4917416202945
PolD2_OG0011037	20.6711296928518	22.7759741071235	15.7607391417181	19.5562371924721	18.5677002229885	24.2248456978382
PolD3_OG0008804	23.5005434255591	19.052800981786	14.1636769859615	20.9178677040762	27.3173578740594	13.8418829101358
POLDIP2_OG0002094	34.4530494937996	33.3269165918834	36.6750552810984	36.9281877740105	33.8843047553609	43.4878662954986
PolE1_OG0005499	13.5185708367028	11.6048021564291	9.86759109628062	11.808835615969	12.1571791208372	16.7917566564785
PolE2_OG0010217	7.93479989642732	13.0217356895042	7.36845912883214	9.25834661575076	10.711115889653	9.63933166130802
PolE4_OG0007025	22.4712754258875	25.8430414996049	19.5107693981106	21.6530006148108	19.075000109558	27.8674426895491
PolG1_OG0009188	11.0932193636869	5.96274564617431	7.58332898552442	9.57978328181283	11.2370949902518	9.62340256965706
PolG2_OG0009185	20.3509469444519	32.8699248896479	26.9095474184765	26.8728974370856	24.4100980019244	18.3226385774886
PolH_OG0009840	6.30619451849828	9.73841200000379	7.38982939717724	7.27497100956833	9.64592631314156	9.14744900659506
PolI_OG0004798	14.8665813793492	14.907489178675	14.9159413157127	13.0616285768316	23.9489720012978	18.6895485960375
polo_OG0003963	68.3746736200817	95.2875632702142	69.9733583730183	70.6453891073624	103.388473355163	62.7424179560573
PolQ_OG0002153	2.52470033978136	6.3892797114689	2.26237283128773	4.03921375593799	6.19325988655683	3.31057767022003
Polr1A_OG0006147	18.1878770574705	24.5929340682202	17.0675331228941	23.5265260279431	23.3019913207108	22.091238775043
Polr1B_OG0003354	14.3283166859389	16.7468362027922	11.6843830160889	16.1318385043738	18.3008483323863	24.9167310959094
Polr1C_OG0003427	21.5411120979318	28.3878179295226	19.3894111478406	26.0787814922253	24.5501142612537	21.8724292649591
Polr1D_OG0012160	25.0247992046395	32.7287090891763	23.4564789340495	37.6103284039127	31.640269395553	28.583684726982
Polr1E_OG0002470_OG0	29.9162476738027	27.0932008182605	17.0171224987913	27.4484808433781	20.08704469316	3.94970878474879
Polr2A_OG0003193	70.5683764912719	72.5401530280149	65.0093474509876	58.4345008088297	106.061706681469	73.6676616438192
Polr2B_OG0001381	71.7291338337273	79.259511457871	66.897936556506	59.9213271293225	94.5448824408394	81.8022327085418
Polr2C_OG0009184	59.3199889393405	50.1231499620773	56.4891816139711	52.6343820055724	71.0302477947731	55.0564638255745
Polr2D_OG0005052_OG0	44.1158932085532	57.9613388057358	40.9634588006661	32.7742818130301	44.5428429201866	37.5578083450187
Polr2F_OG0004184	131.225547007433	117.08484555328	101.715138560285	124.116291625717	166.179373088847	80.8272918909038
Polr2G_OG0002264	44.161266150507	40.4478721803882	29.8270944559291	28.2728822362708	35.820494106545	21.3809258116884
Polr2H_OG0009860	81.7064430651551	91.1067696913062	66.8325953682683	81.3099472421247	95.6774742168395	14.2589415019197
Polr2I_OG0002229	75.7739915000945	89.0146281225428	55.957247549877	80.6625470401538	97.3741814313372	53.1065949203651
Polr2J_OG0009465	63.3771679639377	58.1464341881783	48.1217815460999	55.6301600515448	67.218648564206	36.2694343721832
Polr2M_OG0002166_OG0	20.1371325141917	19.5624974069805	14.8773723470368	19.9153585008388	24.7180625305766	12.3576012214567
Polr3A_OG0001199	10.150140651268	9.14458250541271	8.25287909641764	10.3107658320643	15.0553944397715	10.0673553348091
Polr3B_OG0006589	18.7992328141856	20.3896806664556	15.8415778610454	18.8803882060816	22.5461790559797	19.7973643618061
Polr3D_OG0010127	47.6157085950171	32.0336285162957	30.8332533341676	38.2072243278984	43.8024785352446	26.1722475902129
Polr3E_OG0010327	28.4961371426696	31.4142399022418	26.2145723855779	24.2561308560329	31.1923098722462	20.7846096689835
Polr3F_OG0004751	6.67303673888584	14.5347873477489	4.69111404693908	16.921795349084	27.4222389238656	18.2949507129902
Polr3G_OG0010925	14.5308840549131	23.5411155607497	17.4109224750957	24.3695856391663	22.2869508600773	15.7953845766239
Polr3H_OG0010031	32.6784799546422	26.706740771674	20.2921512850685	26.7887858660784	29.8849012149826	29.1022675318212
Polr3I_OG0008575	16.3909689773195	10.4973719446746	11.3134308115824	14.8284679717454	22.1095738630925	9.07990734597737
Polr3K_OG0012065	26.5987527293589	16.071086625202	12.2476063005922	21.9667240188557	24.323845876947	17.6350231462941
PolrMT_OG0009016	11.2695810543508	8.9871843382174	10.797397384584	10.2369897416084	11.8918161147111	12.4027514835056
poly_OG0004916	93.3926724379054	70.3840081139202	63.3658705151356	79.7023040195391	86.5632289984438	97.9588542722439
polybromo_OG0004639	30.4567611172004	34.5761083867473	30.6165675288334	27.0900041918774	45.2696391906707	29.8115027688133
PolZ1_OG0002867	3.07048421655794	4.69149811223695	4.31463022835638	4.72000682786942	10.5343452177367	4.54005928066578
PolZ2_OG0004212	7.06778114142722	7.61871866146524	10.4982756694755	11.0984652321254	17.9417578110428	8.21992704563554
Pomp_OG0002695	434.736379198157	257.459845212215	209.218649100551	253.936372799092	378.772531957538	154.770725668166
pon_OG0007919	16.6318684888608	30.8172520948893	16.4427326209107	16.4563292810366	32.455772091712	13.2177251785769
pont_OG0002599_OG0	81.4818353428923	79.3706464666547	66.6603034710124	75.0233226726885	90.4587402815644	9.69985180753748
Pop1_OG0007371	13.8356927408022	10.6088966476852	6.75794033468451	11.1993838558704	15.8560625620421	9.27786053543998
Pop2_OG0010814	27.573727640248	30.5119960454437	21.3556678784286	23.2811146822925	33.5873374736285	21.3234692532113
Pop4_OG0004007	20.0322912894384	23.8725040437925	18.9309014355947	31.9907021753479	27.4362032292265	14.3403562954811
Pop5_OG0010686	23.3590652183293	15.4763777782556	27.1419728900243	14.9967465903452	17.4658677934593	16.0883005100997
por_OG0003330	15.798828489714	22.7358293787499	14.188946439985	12.6962813845588	25.4826821346943	21.6116072187255
porin_OG0003763	617.733751936546	1119.68574679506	1242.84347242588	1049.72355119578	756.385706848825	1337.02971442521
POSH_OG0005878	28.0908634804178	23.5138628577826	18.7189626604167	26.1816753356152	43.2355964544824	27.6510392530603
pot_OG0003248	202.880833890535	140.456169215508	161.503189263507	116.745856339933	195.756342914044	157.028378357307
Pp1-Y2_OG0000044_OG0	2.55649059636786	13.1012737551248	45.227877039224	9.51794041529285	3.06796391860587	43.7057074458804
Pp1-Y2_OG0000044_OG3	46.6936092566705	44.3062217961874	40.2197756335274	38.5170220182097	56.5190906602103	38.6471217503623
Pp2A-29B_OG0003482	158.284308246142	154.78281292076	122.378561425337	92.8971823981171	197.220191874615	116.617777613906
Pp2B-14D_OG0000272_OG0	21.6062243701298	50.2549329642508	32.5952320257322	22.9416467072377	32.2430347358322	39.4889447126131
Pp2B-14D_OG0000272_OG1	27.8419648690652	53.0993408095232	31.282140587641	28.204266820861	44.1901112399038	44.2940325475935
Pp2C1_OG0007910	24.8969232809757	20.7323029733155	21.8292385640055	22.3553470243972	32.8943291061602	21.9400507375686
Pp4-19C_OG0000547_OG0	80.7282366718298	110.022007114979	87.269665908468	80.4770504356292	128.685351934185	97.8060175438766
Ppa_OG0006993	97.964867290831	91.8603272260868	103.970475163789	75.6372633758941	145.549482330175	117.42714759925
ppan_OG0004401	31.2223673345629	25.8923461385229	21.4918431516667	32.2674679697777	33.1254257780156	24.8322027055264
Ppat-Dpck_OG0010202	21.0319898570147	18.8776948716538	16.1685226630603	31.3106110750569	33.9308466034193	15.0457639108543
Ppcdc_OG0002718	23.8076391166363	30.7884222888727	23.1781437991511	33.8754072268257	34.7323258529302	20.3369690897965
Ppcs_OG0004479	3.3029723067462	2.77996853670806	3.1880812591326	3.48376916039739	4.12220183170412	7.92361258389768
PpD3_OG0004559	40.5327516075361	38.4334439923587	39.147829928627	35.9838151120888	44.8033413507752	39.4945967961084
ppk_OG0009167	7.92037238251827	2.38528253710352	4.45839155807866	4.80895304641865	2.92100360724321	4.52060112395508
ppk26_OG0010448	8.9814521219821	2.18898839893675	6.44820635707491	5.61050036188372	2.99604259727439	6.98975950908324
ppl_OG0010308	51.2585831498096	83.6337156340179	84.5163803604376	89.7059040980459	51.8939457460447	105.92372570518
Ppn_OG0005405	14.6656431874289	23.3820858238497	14.2046053247115	17.2276420565924	29.727489991768	28.3388197224053
PPO1_OG0006089	7.88119335980754	26.6378938151383	13.013833722501	50.4651042380681	22.302787149114	58.3616872530492
PPO3_OG0000232_OG1	17.922492465703	56.4662665169842	36.037254690394	88.7201830684095	28.7675058156095	54.5658451466103
Ppox_OG0004627	15.9784127201298	21.5354994369624	12.9605039074366	21.207718267744	21.5316804007673	23.1718590054665
PPP1R15_OG0006856	65.8069199785016	70.0411408107918	52.029792374531	78.1616634258456	99.5188088860374	56.6952633070762
PPP4R2r_OG0003226	129.30838386793	155.363860182381	135.669844425155	132.795127586593	256.968892586569	193.60832041168
pps_OG0004425	28.578397791284	34.2461215855112	25.3757871437723	22.6032031762306	39.798567168364	29.909731419334
Ppt1_OG0003176	30.5054741669814	22.479478979403	25.6822673571439	20.0722636959338	26.9509401600757	18.1775213654119
Ppt2_OG0009686	21.6084333499465	25.3010074884019	13.8401537183456	18.4455079291239	26.0156661843061	7.14738243273791
PpV_OG0001701	48.7081953134829	49.866250659031	46.0889884340256	48.626988354386	68.7210247099049	45.5092075006637
PQBP1_OG0005185	18.8199574132663	21.1242350662251	18.7745658235077	18.6268664690478	25.0249354825047	11.068991436753
pr_OG0009123	55.6087839947846	56.8293827201143	53.9243646194734	55.4587150997366	79.0344676304979	37.6261689347774
PR-Set7_OG0005566	28.5097428420286	35.4433592791602	31.8220128138836	30.3349761389083	56.6745114071714	41.1196373308113
prage_OG0007648	6.13594817706224	8.40235373127209	2.7636580137339	3.69240255674001	22.928300891433	1.87158038794553
PRAS40_OG0002771	7.06577452796328	5.69438871871872	7.56860683097092	5.41111282314168	7.35912981213518	8.95247971654986
Prat_OG0004372	36.985818518216	36.4558386141372	27.186758158576	34.1286547222886	51.5303025204272	58.7239380132265
Prat2_OG0010274	3.0688846545497	8.82660228140213	1.49587378943696	2.12224987125501	1.76895728336623	4.59214685138708
PrBP_OG0009808	131.976404156574	129.939180866147	117.209633722446	97.3166771417857	99.3027000456337	95.3751955781862
prc_OG0004028	2.84773748411776	7.1748598499986	9.30101181761029	5.75229497766132	2.37926026806161	9.32646441845751
prd1_OG0005590	15.2092896991555	12.8147678224951	11.8770575900519	10.569894003719	19.4417009516795	20.1690951292156
pre-mod(mdg4)-Z_OG0002130_OG0	40.2334980703312	75.0766052023267	40.3080556952514	34.730626476865	49.5661778807192	7.0009865718161
prel_OG0006368	71.0909287196845	42.2752078275204	58.6765816235487	52.5012039704684	51.5301815667014	58.6648829548622
Prestin_OG0010119	20.9190437857014	18.4699985655872	13.8159248075386	21.4744887120658	16.6715801158052	9.8589257530938
prg_OG0003464	12.9508090533506	15.3069723487646	11.5603425362167	11.2293476342313	13.1993009737746	12.3401234164082
Prim1_OG0011174	12.5485233267002	14.1187149297835	11.7745699662473	16.0939474510895	14.1749814163761	16.0618929403143
Prim2_OG0010380	13.8303650261083	16.217477104849	11.3347219802965	16.0003933314241	14.5479452885846	11.5506644069773
primo-1_OG0002210_OG0	29.6261140428167	43.5154827810838	21.320724793863	42.9979728606151	34.1826778981889	3.53987640413762
Prip_OG0006551	26.1729351232525	46.0926489334685	19.3520080138037	26.5694358318265	54.6394877886662	87.953352803543
PRL-1_OG0009138	86.5661707250039	83.4950960832881	58.7640665027588	57.2961733042236	83.7412772158701	70.2455514853812
Proc-R_OG0007908	8.43052654260123	3.86521993997171	8.81094502830922	5.63610033524445	3.80365441359888	1.66091999971003
prod_OG0002939_OG0	37.2953508974631	45.1555145094416	27.86925492	31.4353923041172	52.1200418000791	23.7855379337438
promL_OG0000876	36.2767362358167	43.2972254393614	30.7997003283621	25.1867421498953	52.2392138183584	45.6308348028752
ProRS-m_OG0004081	12.9723817148006	9.99883259676178	9.27163399617493	11.343315388252	13.43561750792	6.41318644226718
pros_OG0000321_OG1	19.1329250228081	25.2285235560311	27.4346723915989	25.6954524463936	49.7795876195223	20.3279345251393
pros_OG0005446	6.52229177549403	7.07512921405742	19.2432983450953	12.0517658995647	18.0961559860253	13.7130632449409
Prosalpha2_OG0004428	534.050537461736	333.13325719655	244.202843241153	277.125458733538	455.146053128446	283.424177649708
Prosalpha3_OG0006261	438.699650082784	344.428298517992	188.954661963024	247.498710474484	412.036505982771	153.522686681527
Prosalpha5_OG0005905	472.899725751132	389.819867955514	302.522834936349	303.681556168085	479.134689305271	389.489990747187
Prosalpha6_OG0003530	657.417467299251	370.773999025916	281.866558638848	309.278799379913	470.596073717123	396.893020136008
Prosalpha7_OG0006333	560.639215858509	323.033758258207	244.288605647876	244.683723901744	391.783665053438	301.644984666283
Prosap_OG0006540	14.6676059207397	24.4376395786633	19.0303923952883	9.26733841566391	19.2279112300478	25.4068447428027
Prosbeta1_OG0002914	393.532087484806	327.194224474326	220.480323702709	234.821865463603	355.595111889427	268.018953625757
Prosbeta2_OG0010846	274.686246014603	317.915014069058	174.544263405133	247.848494290777	422.532320006073	286.068244777377
Prosbeta3_OG0004851	590.15784182452	462.051885435735	271.010262061819	356.082795035359	581.59212930825	384.116786817367
Prosbeta4_OG0008872	552.732062694734	346.320307798279	252.062888036958	250.324079803074	409.138987735194	299.955457605429
Prosbeta5_OG0002851	497.906426515688	436.43745938021	291.601627306186	318.658601755175	529.280541576102	345.525884371875
Prosbeta6_OG0001314	555.910082155617	434.962431684127	226.879321643103	312.396979995216	546.133014254426	350.957653361898
Prosbeta7_OG0004181	433.027614423949	425.592119561062	258.557322838871	266.036588253483	414.99843215123	159.378079367017
ProsÎ±4T1_OG0000462_OG1	521.083935456322	295.102060180116	219.276654635851	273.987004913673	450.866132727343	326.23250723439
Prp16_OG0008232	46.7991143565489	55.7443994093912	31.0894236219752	59.2097847852427	85.0365776784499	47.3497608589859
Prp16_OG0008234	41.5187010124015	36.7401313662792	27.5182461299156	46.5754840336285	74.9137539543699	49.1950335120596
Prp18_OG0004474	17.303342971639	18.8642289733757	14.7227448460973	18.3407282783429	22.6636794178246	19.9077462022576
Prp19_OG0001625	32.7953379671672	40.2137637695265	27.3975905355271	34.1312195417758	45.7944541700412	33.4099510190324
Prp3_OG0010389	46.9074775327949	51.7926544013269	35.5434243277989	48.7111313972712	72.1776455713477	42.0645723388543
Prp31_OG0009961	35.848542109253	37.3381150875428	41.1148999255383	45.4615116274704	47.9466500842993	25.7017904828036
Prp38_OG0006386	37.3781149882667	37.1585493964879	41.6400590983901	34.5010712417417	41.0781075402385	31.4640521464903
Prp39_OG0005390	45.3318473448674	49.4171315346266	42.6709004923428	42.4173388236296	54.4753669681887	37.9761901497004
Prp40_OG0008915	28.9366755398474	34.5331085297215	23.5128297723584	29.7463377905179	42.9106971309615	34.7821862908891
Prp4k_OG0011388	30.8844251460075	23.9131150780078	21.1267003644768	31.1788055159561	41.4951355549251	30.4121174836451
Prp5_OG0008335	35.7345398521279	26.4716474844334	31.7717506452899	24.0689864190599	40.0295342419187	29.2822715023923
Prp6_OG0009911	21.9606289881235	17.335866489805	15.3866155650629	22.9411024484782	30.8359119844144	30.8449725575084
Prp8_OG0006598	59.4045082306148	75.1280703098293	56.8288875189892	50.7197861204471	89.9994480865008	63.9315088133461
Prps_OG0004066	17.9352642268996	23.2118944092561	8.16249639197106	19.6309749981158	20.8311734837166	18.602863389372
prtp_OG0008384	65.1501512042249	60.8598143604977	74.0167160422288	60.6099685172201	87.2307024199249	52.0189818539547
Prx3_OG0004883	95.6950398098734	105.966054215834	106.045299785195	111.527515718781	76.9157054223901	142.607269123053
Prx5_OG0005065	168.043048016485	268.504950736354	277.33037072632	200.533606393764	151.26690480015	167.123595660716
Prx6005_OG0008928	26.6733436526905	25.1508552816927	22.9506574759541	28.0230328600412	33.5136290594031	27.871277725208
ps-PR_OG0004879	18.809249501575	31.5278447394149	36.7858491004887	19.6405916357937	14.5879424759897	36.2091952381148
Psa_OG0004113	47.6290036138807	42.9499217283089	30.9074707053844	49.0826046946987	76.8528577895111	42.4160741168127
Psc_OG0002947	6.4213719221063	9.04395967283903	6.26764660236728	7.325931798477	12.222594827475	6.7849678656494
Psf1_OG0011319	12.175780567686	10.6399379519721	11.9463920387126	16.2513359808903	21.7474266614564	14.5994045524452
Psf2_OG0009007	13.0287947407341	13.6894824681016	10.7738703751945	17.312282981215	16.7805929054122	15.9316326557453
Psf3_OG0008063	9.11632701744575	15.5778689973749	10.7947698602495	12.0148951720053	13.6770177799552	5.98695979827708
psh_OG0003331	12.4742571161958	5.97213996282851	11.1581203233947	13.3797240065987	12.9787243617472	26.2819416368704
Psi_OG0006432	58.7200412791065	70.9628198951583	58.4160537547004	56.0254465911433	84.9969683011967	59.7091375025103
psidin_OG0002175_OG0	20.2334941783189	23.3695179995061	20.5724677755161	21.5940150093706	23.2461403684498	3.86470724032668
PSMG1_OG0004243	103.443761992718	65.0348564904059	59.2832155059522	62.2623512866524	101.821929695227	57.3334199556416
Psn_OG0010366	68.7060020540044	73.8690664446536	59.2990022953237	59.9094610370563	93.6496743534561	89.7268148284074
psq_OG0002839	6.31594787806662	6.95602632117695	5.71779186397246	5.65354049827551	9.65233819494361	5.74957179022732
Pss_OG0010356	14.1222342887322	22.4508589114702	13.1285405382663	18.3265572541173	18.9368949252173	20.2774367084794
pst_OG0000994	64.7063162052311	17.9225270107985	108.073974199179	59.5665838080731	29.6701692356788	12.7463244357655
Pstk_OG0007429	32.8748921261334	19.9059542892725	16.5242561750801	24.8975956246692	22.0133423059477	26.0091296258213
ptc_OG0007134	11.5346571322583	12.493182121047	10.124234167748	7.80358041083464	17.1865569634767	11.0743718526454
Pten_OG0013251	18.7465548823802	18.5146902140589	21.9292108254568	15.7507978074312	30.1767081005103	15.9191265355422
Ptip_OG0010893	11.9206973438457	16.4270904671686	14.7817941721151	10.7698597275581	17.9590978998448	17.1728053062223
PTP-ER_OG0006005	17.3399290359194	18.3972387530978	17.0717129005845	18.5312488173151	27.0699829393076	14.4760955660276
Ptp10D_OG0008389	16.0893669413842	14.6136183073801	18.4642751328623	13.4077289911534	36.9418384027753	15.3966855355406
Ptp10D_OG0008390	7.35558351063087	13.7641913860452	29.8519259904727	20.3552204127279	5.18195141642392	18.2333372994933
Ptp36E_OG0009498	23.4792494811009	22.7612039395537	25.9073249904045	19.2850933134875	27.5538063458296	26.1516746694894
Ptp4E_OG0007902	10.0063535721377	8.39068173657693	8.7989681768991	14.709249903779	25.9281954510038	10.0286449757689
Ptp52F_OG0002917	1.09600353018928	25.6647962210361	1.67320163217258	6.74262791602949	34.8379897886873	2.11222365609526
Ptp61F_OG0011304	21.0388065569742	21.1489489275329	18.2743304534007	18.3795485643516	24.5448256410857	21.8037464686999
Ptp69D_OG0009936	15.9315430895678	21.9800831281319	19.7054354651367	16.422342404348	29.8957967528559	15.5939065806976
Ptp99A_OG0011946	6.72367799606131	17.5833707733583	5.27944756099112	12.1774988503993	27.1918197035697	3.66573843252846
Ptpa_OG0003539	30.3053678272434	30.543183849304	21.9078652822883	29.9733043021807	28.1203744193003	32.1908025330555
Ptpmeg_OG0011373	31.3461361775617	31.8362710948491	21.535666972456	29.7168277975053	45.1874461837221	26.3955608213415
Ptpmeg2_OG0000596_OG0	7.05940820761724	8.24734038392412	6.44184893365792	6.95702606374647	10.7724190464567	13.8188654640121
PTPMT1_OG0002567	19.4666217077361	25.2114566987284	20.2209009627143	23.7197163295565	23.9983485073038	16.1313718061629
Ptr_OG0007316	3.07955930805332	3.31879579233537	5.19477731981515	2.56514766046405	4.07971528418806	3.48814990803949
Ptx1_OG0012637	13.0340957665119	9.3572128924595	11.8526974989898	12.7611702755789	14.6780410843948	15.0670635390053
Pu_OG0006613	56.9469354583747	59.6983473141558	24.1878953014139	43.9938206944475	119.311246393928	70.6652737973991
Pu_OG0011609	2.29850754793012	47.5253156770826	2.57338162460171	54.7488744475156	139.446916392432	3.1838474893568
puc_OG0001415	5.48234077609712	4.07241891485057	3.57928115862528	4.52682617451818	8.15673677554884	4.21584805497622
puf_OG0004622	10.6349343758509	20.1993097471137	16.5252811048086	10.6843649551404	18.2115587059004	21.7359973003597
pug_OG0002363	23.3241182677097	34.6748425970542	20.6711344204306	39.0886502746393	22.5233552568182	21.5887135202059
pum_OG0004861	4.71093860823159	9.6263735292107	4.29323622244688	9.02115062091202	6.01312139424911	6.56809194594506
pum_OG0004863	4.66614277292678	9.58217052452319	1.53781841882452	1.71004833695526	30.3968726211513	2.46435739066912
puml_OG0002863	33.4548471311273	46.838686682897	42.5821576172996	54.7427256248026	55.8177130127597	40.4514176230498
Pur-alpha_OG0013715	15.4516011521775	13.0994441924603	12.3216839710163	17.2459948461978	29.5284916494636	3.75469818579685
Pura_OG0010457	11.9174222399095	13.879467416381	7.8154111153076	10.5335974602966	15.0801558954864	9.43765202044057
Pus1_OG0002387_OG0	24.6569545345846	16.2415539611721	20.0761484091314	18.1291222616474	14.1659841727046	18.6931889858738
Pus7_OG0004094	15.2173474316315	16.3789007684899	15.8428214032589	11.257384505655	12.5173044125158	12.1576420504867
put_OG0001084_OG0	21.4214556862958	26.3611166805534	18.5328356236532	18.8250798493594	30.7586731781567	7.23228831589021
Pvf1_OG0008682	5.85179145796129	4.64513884466063	5.51299135668342	1.68686804665428	8.1861634257373	1.45962229701222
Pvr_OG0000789	22.0175990337856	18.3586276465276	18.4766791448637	17.8345180004243	26.0296280347471	16.533470407925
pwn_OG0006761	12.8174067213295	10.9968797416497	7.85728994457243	8.41178560400475	14.8629473980814	8.05290659875847
px_OG0000442_OG1	3.53102371364132	5.6687984035869	5.08207639978222	3.42668183790186	4.96934573086738	3.1666306474242
px_OG0007015	12.3601433328184	14.1307578753783	11.7441390176115	11.8643536325091	17.3530081375635	11.3515485377631
pxb_OG0002518	2.35948348893359	2.55812716156522	1.77031785449566	2.05878583221406	3.76878804160649	2.11963738503473
Pxd_OG0001060_OG0	70.1688787843474	52.8211678067589	53.5433281084622	64.5647395830008	84.3701410973941	32.6311297519976
Pxd_OG0002438_OG0	105.878488620616	63.063652157794	76.0001506202609	64.7057093258045	123.653438727481	28.4967018270117
Pxn_OG0011100	1.60472503686957	4.7169715190352	2.07283702194077	5.61291174352617	7.255600603385	5.30555588512706
pyd_OG0002332_OG0	36.5066246587376	35.7751305099859	29.6706726919772	28.4308191603704	49.065547595704	4.74859474518106
pyd_OG0004844	6.80337629090619	14.8846626343569	9.56436861094926	8.92323771556486	13.2663499904352	11.4611016631635
pyd3_OG0004359	32.9139638472335	32.1339118996051	35.784230696791	31.8506767880332	14.7955795543295	51.1144453347891
pygo_OG0005809	26.1810016779724	28.4194609936348	23.8575135317463	23.6472260590852	38.6633817850596	29.9519682565464
pyr_OG0006564	5.553111514206	3.26706410761773	2.49916890379646	5.63365718201262	7.96570983643833	3.73157717197719
Pyroxd1_OG0009128	10.8342928612331	10.7020711094862	12.3839348381714	10.7890452155932	13.9769127751284	10.4231044997373
pzg_OG0003947	146.291939242755	143.659042832027	129.380436139259	129.265364506913	200.032432462036	162.366196967995
QC_OG0001159	23.488577362544	12.0832691423184	20.7802427286851	16.6194306167406	17.7031717532408	27.0402781796776
QIL1_OG0011850	186.222976951549	211.03493748679	257.046310433756	185.050536403874	130.658223858156	208.731281513097
qjt_OG0000515_OG0	27.0079495468119	25.791769080847	25.1298341095296	35.4966393218459	1.30381471790737	27.90597375526
qkr54B_OG0005895	28.8676813446104	28.0799878302107	30.5346177858632	22.5583833687882	43.3034954579218	40.0579140838593
qkr54B_OG0005896	18.3104142388301	21.052774751376	21.2176932383579	16.9265923317609	27.848018495545	28.344775760145
qkr58E-1_OG0007024	30.5986072667609	44.1143476180746	35.6152510143687	40.4084404835185	64.5119611747049	32.0909262365477
qkr58E-2_OG0007023	49.9204246368498	52.5953053248592	51.8654556224681	47.5832721840708	62.3874219346541	47.5529436643078
qm_OG0010437	7.97625540401093	8.75127912251473	11.9613019540908	9.56075702673887	10.312598182423	7.06734039848256
qsm_OG0011655	22.3952465197289	14.9097088872279	12.6257020474914	11.2795518985255	14.1347170487087	10.2660438916372
Qsox1_OG0007248	57.0196636193023	29.5383540092031	43.3947605958487	26.9708536327909	56.7521048630954	44.2294894367482
Qsox2_OG0000845	77.0609311223124	33.061841175447	56.0942992213684	26.1852844309655	49.3552771800114	69.4038027677235
qtc_OG0001808	3.32048683287018	3.51655910911438	4.22708696858125	4.21523273876696	125.619470993234	3.03062316238267
r_OG0008314	40.9644267659807	29.6151666129895	22.5152089884098	28.5780123372668	29.9065858057195	27.5791681477995
r_OG0008316	57.6888267967276	41.8261824962382	23.2635772642091	41.1826773014012	33.034699997044	25.3554955820802
r-l_OG0004409	25.3072567638674	27.9514091474532	21.19115998082	40.6197987522782	29.056272625451	21.9094827873309
r2d2_OG0000701	28.6408824325794	44.1884826804183	19.6712654396276	42.3282102314527	33.0635728424091	35.6268121419873
Rab1_OG0004386	190.031922077919	158.208561890106	151.962682474257	148.607239835814	206.694909801193	149.546418675081
Rab10_OG0008078	54.2561300560155	40.1138832695963	44.3490824947971	50.2924002226936	67.1561162680322	35.362405695827
Rab11_OG0004402	71.9121835787517	73.0667846561699	61.2355177827702	70.5575595051967	112.634739765231	51.8485764475512
Rab14_OG0009168	58.7741980894562	62.0502652968317	41.879410159738	52.4976567023003	72.0853110442387	45.4761591119506
Rab18_OG0007368	80.089477595351	65.3559106310485	60.2400131180091	85.9494517919195	76.1991058224321	64.9121909212016
Rab19_OG0011163	12.30310939443	19.3439717319713	17.6366517128628	19.6868808732952	22.9291817297155	14.6646198042323
Rab21_OG0008707	36.5356060460364	23.4604179438656	34.1361656124493	22.5918663848856	31.5226979550457	32.4504923298239
Rab23_OG0004233	8.97947538993992	16.8882964339201	8.08352097335402	8.18442001699696	14.703940822559	9.53578470554531
Rab27_OG0007663	1.48683423308907	12.4034221170919	2.79855349046261	5.72117316196959	3.09374503492753	1.53583214259644
Rab3_OG0002842	5.43750640233669	6.77319489439239	14.2052046754635	12.059912315997	15.0855913093332	8.45324677885094
Rab3-GAP_OG0009722	11.9161228720941	10.9444916742597	9.58848997579307	9.4743132265722	13.2076516260731	13.2165587845728
Rab30_OG0009348	27.2317270533087	19.5531889900158	20.8657967773534	19.4037926465958	27.6177984658147	25.2369578443701
Rab32_OG0002897_OG0	3.9860429759266	5.09549673496648	1.82263258077871	4.28044491870511	2.91993308537667	4.18251686463392
Rab35_OG0003298	55.468647759638	47.5309571107319	40.2219995794412	45.2111614442678	65.4982358054204	41.8313686399552
Rab39_OG0007964	33.5693580621187	26.52094980155	36.8112252708617	24.7610365180528	31.9674934784762	21.6108270689878
Rab3GAP1_OG0009045	23.0993236803525	15.0762897372751	12.7985599925276	11.8121095742841	17.9627703217353	8.42161372705465
Rab3GAP1_OG0009047	15.8352501997283	10.5066745171423	9.78845172633154	7.35157972477287	11.8826739718487	7.43935587261794
Rab4_OG0002701	73.7412859699796	80.7485634558865	60.9240804859552	55.532506107571	80.9240282799616	54.8493960600398
Rab40_OG0008470	30.8151733590774	16.770341538697	21.5170948244251	18.0341546301708	27.7587738604018	21.7366798329698
Rab5_OG0003448	165.198730164791	177.156586339463	129.553741320857	159.184375276426	233.185899966145	146.4065464114
Rab6_OG0009729	156.689454242017	158.590018903646	107.978073690289	113.885473159376	166.767147276152	116.228740700682
Rab7_OG0005329	283.47107356735	238.086496699806	194.986714406048	207.09441799303	308.827384223141	270.51475380565
Rab8_OG0010392	47.7233945160152	43.2370807782597	45.148278117683	43.2640824874415	60.9621953460782	40.0787178786909
Rabex-5_OG0011316	14.8655907427635	16.2773724351164	11.9544424351926	12.8184220757168	19.0139204642404	15.9379741883659
RabGGTa_OG0002091	34.2574487520778	25.9837581174007	31.9483325012426	18.8985293982206	25.8164849368688	20.9189497270148
RabGGTb_OG0003547	24.3333010309159	25.9456183182802	25.9513374846138	19.8939054653516	28.7889665827175	18.741255777053
RabX1_OG0002736	8.46853195026292	9.94478633730078	7.19839518806656	7.63633663646447	14.2698713295164	5.61628375435637
RabX4_OG0004642	5.77020909071867	12.0000047515539	10.9506410878777	10.8872384544432	23.8540768519007	7.33304170629839
RabX6_OG0011351	9.30981284162801	11.3988297787214	6.70680963421089	11.1024182065416	14.9387552526685	9.41426365790599
Rac1_OG0011314	151.540592883364	206.41732380614	174.850712122236	169.781252228908	225.135175166808	200.751564666471
Rac2_OG0010447	80.7615566689739	144.8316630647	91.2744245303206	92.3146655180445	132.061913854004	104.036847896377
Rack1_OG0009796	2148.71307251193	2228.25586123405	2403.54827512662	2296.36804425606	2961.88675104139	2208.68747615186
Rad1_OG0003431	5.69411687745357	7.41309334542021	11.7613113341078	9.67398970151829	11.5199826829336	9.63268140855469
Rad17_OG0002589_OG0	6.26632347044731	8.08344787773333	3.98786157695994	7.56717330054465	10.9965985015446	1.75580351200512
rad50_OG0007021	15.67080321059	19.2021313969927	13.6196557709845	19.0594017199075	28.3807302240168	14.7243932058885
Rad60_OG0001403	6.39808541138764	15.0358650935226	9.80562849283086	13.1949983932566	19.9991617692086	8.89311748600621
Rad9_OG0009917	8.26102353314104	7.83469466837603	7.51613413520904	10.2132550606064	16.7483476084758	10.8283180617299
Rae1_OG0002720	52.1932291373729	53.0077372239834	44.0167100016946	53.742985728207	65.7658638839513	41.2837605150691
Raf_OG0007595	25.8429413454254	21.5912049831237	19.4962920263705	21.4178383027152	30.1875789452147	18.5257203628834
RAF2_OG0000998	23.1523206441747	34.0349259141912	23.7661796150485	31.5924335226683	45.099500376291	29.7484611992099
RagA-B_OG0002335	38.7038026241713	28.1236744405903	28.7896202866933	32.5716132651733	46.6696834637343	26.5731120875758
RagC-D_OG0007172	29.1050297325593	40.946659463762	31.8756315856304	35.09251268175	37.932678563101	37.6730444941042
Rai1_OG0008566	20.2654664166619	21.6459462586199	15.6316322983568	35.5636645342962	31.5729991378722	49.2243897795923
Rala_OG0008141	13.3070498334035	14.9611554128931	14.2526616450168	12.4481911103433	17.2819946311211	10.2513431697173
Ran_OG0000247_OG1	684.764508416509	774.297532325512	745.352059591844	693.403875274818	849.495739963211	392.976164899792
Ranbp16_OG0008161	14.2898414989834	22.9133542811421	18.0143884023894	16.8213363422764	30.4837018535512	20.8985125628716
Ranbp21_OG0007422	28.7291135365943	25.5393553869134	24.934448627247	22.0916346843263	30.2494564323509	23.0340495344695
RanBP3_OG0005521	111.090033444854	91.0264378327075	83.7193604317556	80.4029876319011	101.203402083893	90.1117935723449
Ranbp9_OG0002551	53.1073145876735	45.3839056664471	36.9844193029448	56.9599019665459	67.7702337275814	39.541011143083
RanBPM_OG0002826	56.9846752124073	51.4867007155601	34.6304513338582	47.9501450728174	86.5299556193299	49.5717847365826
RanGAP_OG0003460	60.5289384472727	77.3903743009353	65.9361937675611	72.9316046165357	82.2958003928985	47.0591804614069
ranshi_OG0011473	5.46591142499655	3.10731752715499	5.60854684119096	4.20438373712304	8.76879906668956	5.87672719879769
Rap1_OG0011051	218.822925508016	322.312552646276	170.877442078466	204.603761044902	334.941433465566	210.766450990881
Rap2l_OG0013475	29.9092036728689	30.1382820097259	23.0217551140913	25.9986148294974	36.7819151781979	23.4175370508237
RapGAP1_OG0009320	2.38412376916544	1.09457533937398	1.82584449598943	1.03978097726454	1.88690343415684	1.47949327164208
raptor_OG0008614	16.7413798509446	17.8999978798578	17.9298756512781	14.6394440282211	22.1108197885	23.5462616565108
ras_OG0008046	67.7261075433368	95.8003490776232	67.1394842724066	114.013914996153	149.601461025899	88.4246148907169
Ras64B_OG0010511	55.6342704387084	78.6772219405546	65.9777596947817	76.7383261954861	71.3261435564237	77.741579060167
Ras85D_OG0005546	110.337854176683	128.109158555086	100.890247630926	97.7441030543965	141.7379778008	112.99606637852
RasGAP1_OG0004065	4.60197333091307	5.53559920572985	4.96518094943732	4.88274268311517	9.79064068237378	4.79741668620032
raskol_OG0007691	19.3640375110565	17.6688726782058	15.0099549467074	16.6716502605758	28.7571542331628	20.1049678123566
raskol_OG0011687	2.16359960469747	3.05659052947466	2.85319205618543	3.0329131053342	2.30852361412523	2.38347286568298
rasp_OG0010645	20.3116565468295	21.5710406914844	19.4202966427125	19.9139739803888	30.2827160247606	23.5869282239886
Rassf_OG0004676	21.2048917709515	24.0386501142319	18.4041726894186	22.2426135098743	43.5973122619365	26.6822808450773
RASSF8_OG0005137	19.3951860999039	23.1580728211945	17.3033730351487	17.3490898424194	36.2162427052368	18.4970170298878
Rat1_OG0001276_OG1	40.8041134132773	40.2331711780283	56.6934882165736	46.6471542289674	2.01333476764152	60.6487025683083
rau_OG0003725	7.13986621704783	8.30420110011387	5.64151228780595	7.17492703732473	11.3619142145263	7.71892054752908
Ravus_OG0002447_OG0	11.3702998234515	12.6031865166977	7.79742862289247	12.9383710510231	18.2696010447564	3.61612122760732
raw_OG0003803	33.1628168327141	32.7273659307187	7.31273638461044	7.43058041991615	15.2622605067682	9.55755153645911
rb_OG0007926	39.229212555725	39.3893391943428	30.2713732733934	28.4514265409215	46.4099647220372	32.7857770046876
Rb97D_OG0011529	24.5467040779383	30.2212654476022	28.6393627244285	32.6754681082982	48.623965733742	20.6571220969754
Rbbp5_OG0003962_OG0	12.6639510967032	15.3115701823354	12.8800216917597	14.2310871750645	17.5803228514734	12.7789042266938
Rbcn-3A_OG0008609	20.8303566874793	21.111047461184	27.7314491211239	18.3312547456963	26.4996649746359	29.4824716317621
Rbcn-3B_OG0007632	15.9254681103716	18.4640192528671	19.635400159775	17.4966892371612	23.6175689277028	25.0051727278172
Rbf_OG0007352	56.5961342050564	46.5945645708674	30.3698394159288	33.9243213269411	49.5970357503601	27.9528331670302
Rbf2_OG0002510	13.4572859258525	11.3856967033816	13.1537112431001	12.8032316244399	18.5623336935857	13.5715980342831
Rbfox1_OG0000820_OG0	9.43601497508882	12.5535222627544	5.02943995539419	6.50074993687054	4.16058774555298	5.48558949915427
Rbm13_OG0007752	45.2199568758686	36.8446911578653	28.5505562218752	43.9513328538717	37.3391996001169	31.1707793228957
Rbp1-like_OG0000250_OG1	13.5335606814736	17.7451693564253	13.8727339141828	10.8148246241855	19.2002926877571	16.0949910935719
Rbp6_OG0010912	1.08932968745616	2.90598069641569	2.39840521312055	2.69970355637218	4.00876247406126	2.5126073909703
Rbsn-5_OG0009245	20.4414929837019	20.3652888429258	15.7903407444161	16.8380066829231	24.2415077348622	21.782752115829
Rca1_OG0009621	36.8603030145266	33.5356025433087	39.5151389369709	29.0853611725893	53.1748638708038	33.6785692850723
Rcc1_OG0003935	67.5994247214632	91.1139176579705	68.9877792355407	104.726577836658	127.342191159737	69.0630304916025
Rcd-1_OG0000912	46.5412231053554	143.009075101523	36.3889817281902	281.574925218925	257.929797345216	42.3743332787098
Rcd1_OG0002923	26.2948718278562	38.5458860066499	35.7378732706778	28.8230799891966	51.077319870307	24.4714985528468
Rcd4_OG0003475	15.3679075338567	22.4134421170286	15.2717318472658	21.4272597931282	26.3911089671202	15.8895324151785
Rcd5_OG0010498	36.1618294995153	52.3636195784008	31.0247772664971	31.9032918294559	50.0061456019426	52.2675944543154
Rcd6_OG0006624	15.8170978423749	7.71709584284517	5.81935417549786	9.3206175101154	15.8958079261244	5.75300796386997
Rchy1_OG0009588	21.0361833570614	10.9355710902601	16.3889990580272	14.0756577160508	5.58947297732704	7.08271162610563
rdgA_OG0007750	1.15754421718948	2.81683824960979	1.57657425350896	1.62067963732719	3.2529825898852	1.05536695636886
rdgB_OG0008251	5.26423513011881	2.63056003572006	6.41136393798889	3.41710240460695	4.87259738022634	4.95634600724409
rdgBÎ²_OG0002755_OG0	8.16244173462928	5.44442383039374	8.223387787663	6.44511185515699	4.61724284507964	5.75463853625186
rdgC_OG0010191	4.77525286801693	2.23360445528206	2.74686080474279	4.5936940435785	2.91331127466177	4.18878651198846
rdo_OG0009489	3.29806871537544	2.40629519276948	2.38722814580512	2.38309082461224	7.79306184146166	2.55335527394087
rdog_OG0002486_OG0	8.63408534828406	3.84782810829372	3.07222416009027	3.90023395070003	4.64573569318252	10.6869731744553
rdx_OG0001031_OG0	55.4663215272767	14.8321318971347	8.36366232002208	10.201105988306	18.398621944676	2.8540925654723
reb_OG0006577	61.5354166863962	51.0640878976799	73.3048203888017	75.3031112439387	46.4555092961769	41.3615576394158
rec_OG0001463	8.92533855295531	4.81886286871043	3.05549150690177	4.93049887820903	4.35542614404911	3.15304369387339
Reck_OG0010845	2.6142645307517	3.87126055442107	2.72476836189163	2.90073378317847	5.20936495683543	1.8996581113366
RecQ4_OG0010547	9.20600724864384	8.50050241695578	5.96013478880481	8.23878487310193	8.45952913727912	6.34870554024078
RecQ5_OG0010865	15.8672308790929	10.6810758177274	8.88367849228185	9.98999286787647	16.1709529774737	14.4887775119775
red_OG0004546	7.45326465708552	6.90125200517447	5.86980103113102	5.08335648219289	9.17576062460224	19.2972183111828
ReepA_OG0005990	37.9722902368032	47.882459353723	44.1097012853992	55.3927521464476	39.0284268929076	32.18668784809
ref(2)P_OG0009095	109.088155792669	109.848106025041	67.6083698617218	114.649290788923	167.959374440462	105.217306757935
Ref1_OG0004316	123.341588208624	149.779138068638	125.373129990323	132.232851310731	203.13625224872	106.839205013917
REG_OG0003311	123.293731192703	149.099680809949	113.370732101024	149.202402429079	158.92485818981	169.659428728844
Reg-2_OG0011359	11.208125933361	29.151299138858	17.4157185425184	20.0102769825684	13.1881333825978	9.39582779990125
Reg-5_OG0006053	78.9374216532019	32.5592141685213	31.5360910442997	31.2182109386558	49.7160857399035	31.6280275393495
Regnase-1_OG0002180_OG0	13.752179358889	11.3433393238228	11.8400218044976	9.35308670556164	16.6842442312436	3.4373391681224
regucalcin_OG0003296	469.205896021966	1775.0050192304	1250.74406378184	1642.72545461094	592.446090617099	1482.28057545497
Rel_OG0004858	65.1896404972634	63.8172256184237	45.3292582657082	49.9493849020108	90.5212942379282	66.9436759827957
rempA_OG0001214	2.12125389745592	1.81878447862515	3.73637714184694	2.50744406726395	4.83086396794211	1.04586527532989
Rep_OG0007051	25.4737063509787	24.924825948637	17.334750947421	23.9395308700281	24.7378618638256	18.4908243599802
Reph_OG0008783	8.80616542525103	18.252667826387	11.333930614056	12.4346403086408	25.1498326676342	14.1381003397992
repo_OG0001446	7.36383445460165	7.93797147288599	13.3272647158906	10.3556887851847	13.4557948926255	7.22557935807089
Reps_OG0009672	12.6590942584872	21.3541816547676	14.7359186704953	13.1149965077545	20.9930007371646	18.4063993179565
rept_OG0003847_OG0	83.3606975269952	81.8314749291792	69.3730398039447	91.5410285759018	99.3590648144226	3.51108735802406
REPTOR_OG0004617	24.7355527604627	26.3067635913049	20.0483999821777	23.3898148685924	30.9780957874702	34.239176984513
retn_OG0002729	5.99877829353837	3.82101000465556	3.74101793585816	3.50975034007059	4.53706555096332	1.62455070605714
Rev1_OG0011355	5.77514521172082	11.5031160248431	3.86126688312195	9.74940812347157	12.9824443984948	2.98336169044548
Rexo5_OG0010261	28.5516594131507	29.2387051183103	25.82318137797	34.7086600884972	39.9211940555284	39.0901751711535
RfC3_OG0009375	18.6707911455363	22.0856763262397	19.6653418115929	28.3717333222999	25.683476369973	34.9154515463883
RfC38_OG0009678	29.8653169048506	40.1083498018344	23.5986053977313	22.8616056434818	31.7760858559686	27.6001068436229
RfC4_OG0010510	45.8664711502711	79.4860675286892	36.6047433031694	54.3490928692826	72.5528460395527	54.508381961568
RFeSP_OG0003567	235.927432786151	370.795732461945	433.307353797396	358.211949356127	189.303758557503	320.533251304201
Rfx_OG0004898	3.91296798776594	2.01449592882102	4.32805581543048	1.88356900926841	3.05105539513122	1.54749981486829
rg-PQ_OG0007993	3.00269137714623	6.87541515035708	6.68081035564083	2.97534309789694	7.52038091414558	5.22456299351262
Rga_OG0004218	53.1731874751201	68.2812055943562	45.1996550182393	56.0589491742111	86.1605402052199	42.5991529579979
Rgk3_OG0006931	4.45320137919618	10.8964349449729	3.54171058704289	5.04839498516165	7.63275019974179	1.39843393892697
Rgl_OG0010904	7.66574059691535	5.51420526911439	6.83665794530128	10.8334009986041	8.56451509668957	5.65732454548438
rgn_OG0010292	163.737443065762	71.8162850239316	108.989801410766	119.94959601056	106.396260000418	103.923154927112
rgr_OG0007137	6.0349859010302	2.28275774316427	5.34654373074217	3.47406619786566	5.48125454181812	2.71442020730755
Rh4_OG0002028_OG0	49.3139772187444	57.7998626252527	43.0971018696576	42.8882744741966	76.2818573158746	66.5941182420017
Rh5_OG0009712	22.910540666427	9.59608872345501	22.2642277646615	10.0053729305011	9.41876291237231	19.6189642823021
Rh50_OG0010608	1.67983134261751	2.89774283273677	1.21084732715672	2.39288647725852	1.47663892256878	3.18367522875256
Rh6_OG0005245	94.9386515855903	30.8324668671475	85.3536150133016	78.2459074921645	79.1006275602236	178.976914402711
Rhau_OG0009435	15.7067801942166	15.7416953713601	13.2144580244948	13.3764593165075	19.940446917688	16.6063991002446
rhea_OG0011188	49.821977910882	55.5000941223729	80.545658563357	58.8312182697933	75.314664287747	87.524904638366
Rheb_OG0004210	112.493732223223	77.8628593249053	83.8938224244073	79.6212224659982	104.345961656211	96.4073496789742
rho_OG0011300	27.7506693923134	25.8672389458922	14.2120764239571	22.442714884888	22.2299921092189	18.5475934991022
rho-4_OG0001751	33.3488209683356	51.0139134084076	29.4419058800017	27.9042433550641	59.0419159606856	11.0246265056074
rho-4_OG0011933	44.6613088579618	29.0667092017861	32.3181145521607	30.5397995335859	59.7571582679421	27.5625292079146
rho-5_OG0003650_OG0	4.58746376825707	3.42949875989711	6.27601549174694	8.37078174372805	6.51264562742339	5.71152723086082
rho-7_OG0006581	26.2811821951761	29.9168337424799	21.9508483578358	29.9054988804184	39.0464465618544	28.8191828181158
Rho1_OG0006507	179.974251125286	164.602158891799	152.479414061137	149.609728140694	204.548403337973	148.683078171351
RhoBTB_OG0010376	23.2658035652362	30.4468410333658	18.8013622412771	20.1167230063602	33.5937224914458	10.5056183568622
RhoGAP15B_OG0008581	15.6740791288464	13.0259772232453	13.5937923306679	11.9923901161858	18.5882419599822	13.523613540816
RhoGAP16F_OG0007874	7.36446354652125	9.03243549013412	4.87190835634855	9.52886736505882	10.8922520606475	7.01966672382061
RhoGAP18B_OG0001688	7.01990185509864	6.58564222647188	5.95426972014163	5.94264366019901	9.76694706710162	7.30418492767713
RhoGAP19D_OG0007515	7.79371143044558	10.374449743335	7.90259942588187	5.25160724009508	9.87228798766056	10.267230967856
RhoGAP1A_OG0007856	25.6984231031104	21.2676666158596	18.6070952648111	13.5897807539437	26.5390187460128	28.0159226035991
RhoGAP54D_OG0005874	21.3768317255066	17.3541482822065	16.8125970382937	14.1491492971189	24.6575580628324	18.9739994111667
RhoGAP5A_OG0007373	28.3525369931814	27.3023473096773	21.5440425001921	23.8297191065508	32.5841651338415	17.5637055150197
RhoGAP68F_OG0010822	28.8030956488919	26.3053157112006	25.2500350052678	24.6365399689132	32.1988082850558	30.6214249928006
RhoGAP71E_OG0001982_OG0	3.08896730395154	4.12531646539961	4.22196960227173	3.28552877131304	5.58281246753473	3.79980442027547
RhoGAP71E_OG0011842	7.09414457460571	9.32466502224562	9.70406897296457	7.35737515478867	11.7711554265075	9.62265757121525
RhoGAP92B_OG0002169	12.3973120264329	10.2761479533204	9.3807422392549	10.1780589714161	13.3750615853775	10.5586379518063
RhoGAP93B_OG0004406	5.59240104180786	5.59002115828819	16.9841743700239	4.80841283670707	8.82654127292284	4.79369531023831
RhoGAPp190_OG0007698	19.4281453170116	29.9857087632481	24.3795108392158	20.3740143955526	41.6506228612158	23.9485831311064
RhoGDI_OG0003928_OG0	165.77172868183	178.610736442438	138.058261334667	32.0679806540104	174.817025729615	136.307492228935
RhoGEF2_OG0005924	21.3664816394063	25.4723331552295	22.138548077685	18.298340460666	34.2348010076754	28.1419034052524
RhoGEF64C_OG0010617	22.3204107917154	5.29774996357687	3.42382792202795	4.13027668907779	9.08627233973732	5.43985474150454
RhoL_OG0004660	43.5102423685404	41.7716463894906	34.135790848382	47.5882831286258	51.9741440854056	19.6425610432097
RhoU_OG0007529	2.2333059865602	2.23450146025888	1.81036045992459	1.27999447277796	3.16664676600323	1.7703576726223
Rhp_OG0008504	14.040096874716	9.39571630605098	15.9708469235405	13.9734861926076	17.9797876910662	17.2355567570613
Ric_OG0006508	41.8174537073246	36.3549356014774	48.560916061975	47.3893742233416	54.7623379907368	47.2341782063289
RIC-3-PS_OG0006267	29.2407030880341	37.6240968832182	39.9229056380492	39.1088949621326	30.1368675568284	51.9285089973984
ric8a_OG0003136_OG0	17.0297288081004	11.8142247628585	16.0984842441788	13.3830017222288	15.3029466751034	16.2368128613946
Rich_OG0009834	33.1001175726777	24.6638893938481	18.2945393380592	22.9695183697827	32.5807981658521	13.9294053677261
rictor_OG0007458	11.8745209043887	11.4020081761125	10.4568917497024	9.24716779990198	15.5763157597848	13.3060750279708
Rif1_OG0002992	30.2176374349148	22.1029033759394	25.8787431676986	20.5426790681321	23.1313209463851	29.278452732317
Rift_OG0002674	20.1651663674585	13.0442699259146	8.37462092044681	15.9302882345794	27.3578633151587	13.5346625061864
rig_OG0006621	20.1053496653906	22.9640032197957	21.697281116991	18.0906279732055	27.161460481424	25.0795344856961
rig_OG0006623	32.9763108421569	29.7293867689472	20.5623492247134	23.1807998485899	28.5425300541844	23.2248233084787
Rilpl_OG0007672	22.5089863298273	33.3438175880077	29.2467426905552	28.4536128557141	41.3160556792811	14.043136635245
Rim2_OG0009053	6.99827852438845	5.28192497232438	5.96007868033154	7.66003917120241	8.29502434022865	5.00579551493962
rin_OG0002200_OG0	157.948936354451	281.20863831374	164.189338113907	242.391503797239	347.828023564944	73.9153812507916
ringer_OG0010750	35.6156492068459	29.4325430985452	64.3854902292224	58.4895731787586	23.3546392438726	76.1698353176864
RIOK1_OG0010032	16.9556056538508	16.6643063651381	14.0140125375033	23.5612905698893	19.3313048665348	18.0910186325518
RIOK2_OG0005164	29.1774631539068	24.9494553466982	18.867713789994	26.9099992751047	28.5726357346584	23.9426012840927
Rip11_OG0003333	36.1686610744297	12.8234566811508	37.3407800543822	12.6426646605082	21.3597925678096	43.7753844228928
Rlb1_OG0005547	16.6637009965738	17.3415067835007	15.2334001408681	19.9974951966385	22.1995560487345	15.5091521649958
Rlip_OG0004415	20.1623411110418	18.8349325106009	14.7652500273468	18.7317021785869	28.1921176783941	17.1088212310022
RluA-1_OG0009366	5.68881215675036	3.267279037833	6.23428059845965	4.02575354312373	2.19804383071016	4.69158511580044
RluA-2_OG0011797	5.35856956158439	2.89127275849117	3.63446552267388	3.82159551541133	4.40039427921058	3.53959673159333
Rm62_OG0004256	192.947513722139	201.626580256648	177.484314525043	203.570295560619	374.788211910004	228.93904523734
Rme-8_OG0001606_OG0	17.8725848763962	25.4346721964522	21.1200922789096	14.0431771126453	18.1080013815685	22.6675748507181
rn_OG0000832_OG0	1.75466233303948	1.5381036468783	1.12870261588049	1.33363871587799	2.12894087899354	1.46340208046548
rn_OG0002120	11.8696890378924	14.8144879223018	10.8156049132618	12.6600583242533	18.8559639676938	8.01975991035608
rn_OG0004343	13.5849102951663	5.27300372079544	8.63473934716089	3.63707725923454	3.0060721800148	7.2601078252975
RN-tre_OG0006801	9.58983619649243	13.7782498163793	12.2611478347582	10.9415364482258	16.9432505502229	14.635005339881
RNASEK_OG0013470	182.542819743525	263.115184791665	204.880322053541	150.489347461234	176.073725794808	351.640347919278
RNaseX25_OG0010684	64.0959832677298	40.0668023092237	37.3282477304019	30.4575093794089	44.1722807027566	29.8989774520991
RNaseZ_OG0002820	20.9643073384609	15.6983779406616	18.2672014091818	18.5358553220387	18.7141738807747	15.1570128558848
Rnb_OG0005695	10.2642713980551	9.64395191508122	8.73181715218287	7.62251357087538	12.4890955138243	14.6255622158353
Rnf146_OG0003834	6.34194551629138	10.1080800121423	7.6595438065959	7.17996571659835	16.9874619164014	8.08780454045532
rngo_OG0008543	160.839836717318	72.3252136294355	50.9091240452953	79.1140838027435	124.684423151398	68.0864455825677
rnh1_OG0003069_OG0	22.4133435405072	27.9370353815966	12.1202539964981	20.2679563684342	3.49583128023132	23.3528681147951
rno_OG0011384	8.44088684359291	18.4065418577506	14.4851667954259	10.0212908540461	17.2298582977104	17.6310218455194
Rnp4F_OG0003216	30.4874127769255	40.1757771561764	22.9678835134449	37.0109328640183	54.0248615041302	25.531536875847
RnpS1_OG0002570	26.4090703437824	46.339056837392	21.9836891385649	48.5732972222639	63.3660541792583	42.3463875641473
RnrL_OG0009386	58.8357350058595	64.4514860147878	54.211310344104	57.6299140709974	61.6334953960923	56.6520212489183
RnrS_OG0001612	68.8661587507261	76.4608102010835	65.0822436910434	97.585193330606	95.7524573157999	116.360652116735
ro_OG0011526	2.58054249654301	1.47372904532136	2.08115615610563	1.38220675770304	1.51077951740669	1.63324326630501
robl_OG0011561	94.7227204936168	117.863848026101	89.0474288929362	112.734568699948	129.491366067725	117.528904501999
robo1_OG0006992	9.06850900861809	16.5769672856677	14.6521549876275	9.41443741972574	22.8494352926244	9.60609450836339
robo2_OG0009040	5.08207139883509	5.57376721576669	3.81800194361135	3.80229227439076	7.56468696794381	3.97717250653416
Roc1a_OG0000921	215.290601427068	632.579739226437	218.5838711755	202.717568791388	348.394517146414	216.519777628555
Roc2_OG0001139_OG1	44.7609235062008	24.2637847873369	30.6903983387744	31.9946977431263	29.0038775436921	30.3742603403681
Roc2_OG0012996	10.2595750484543	17.0343462848304	9.80899662606271	30.4489491107255	18.4940740008319	5.78948423833568
rod_OG0002658	13.5484733967421	17.5839941978638	15.1361954458533	16.0156543098147	23.1443305317068	19.8866330953045
Roe1_OG0007279	44.405524408319	40.3181022088384	40.0151371759027	46.3789778616768	44.0285413975356	38.4487027534475
rogdi_OG0010910	5.2040356815463	124.071446647369	5.34689982647416	4.75987579483345	7.1836064422449	3.94545117927412
roh_OG0001558	1045.89617368768	1212.00745857907	1404.07633003806	1192.55397885799	661.964110820445	1162.04506793772
Rok_OG0008552	14.5345761494508	15.0381089236048	14.9436388069518	11.9381113298778	21.4599067556461	20.1030523725456
rols_OG0004030	4.94688450668262	7.31966190803761	4.12187660730663	4.54120874919947	9.66358939211841	4.84701006948355
Root_OG0000750_OG0	6.36590189661254	6.40566779451019	4.58307948568322	1.78714986368959	2.14389300431007	4.33447607504485
Rop_OG0002020	104.619091517627	87.8024363178001	65.8379053828219	90.9375341560502	116.44773458119	79.0531350534762
roq_OG0004020	25.8914540908534	40.3522348008157	22.5247560337159	24.8095437850473	43.106715764719	33.0486477162252
Ror_OG0008849	3.0506007301178	4.88788287197437	6.18600327505867	7.30490208496548	11.7726608715476	4.18767292659504
rost_OG0009302	5.20563646855981	6.00038306374299	2.97673542250739	4.17934860765124	11.2831858552186	6.10875240058812
row_OG0006938	34.9676191450549	53.3680573743702	32.5459020133401	33.9856285243395	59.6997550444161	51.4645998901071
Rox8_OG0005325	131.36345686246	154.297380623495	105.555165060923	114.74688620524	183.698626407757	119.876064171183
RpA-70_OG0004801	78.4362422868674	78.0556693224151	64.2918101921934	74.1203983389047	103.94465202382	82.1147793393108
RPA3_OG0008392	75.356413587116	86.8502407031539	65.5128910643145	95.1906848066122	117.920917563093	107.250570433694
Rpe_OG0006728	73.1325632751425	79.3633822491242	70.1552825249889	101.186408735146	147.617234377444	41.2118570994096
Rpi_OG0005968	125.887561085725	149.806904790872	123.272362604924	168.693571105491	142.364339169311	93.5308362270534
RpL10_OG0012915	1354.05512249839	1068.08660275178	698.254594635746	1113.00135130763	1387.95781816309	338.412839447317
RpL10Ab_OG0001983	1583.64648135596	1359.39484348989	1776.2628616395	1384.09770928083	1705.02585933319	1704.12708308391
RpL11_OG0003036	1662.80402038961	1651.93146088962	1552.81375332456	1570.17957397632	1936.25296685108	1778.69370211512
RpL12_OG0006870	2172.13732002504	2269.53723211909	2408.85774218437	2086.84856845568	2437.21120584943	2646.46045373061
RpL13_OG0001842_OG0	3181.5213329923	2880.82556345918	2983.10927007828	2760.7581812961	3169.10575161712	1648.29849273518
RpL13A_OG0004220	1526.54080813657	1632.81567538232	2002.90307672419	1789.04164115134	2128.50942956444	2175.28477001446
RpL14_OG0011191	1393.54425242187	1307.81111939345	1321.93370387086	1221.86596505475	1487.64590870016	1194.45429754464
RpL15_OG0012888	2574.62397727476	2524.82569244298	2697.04721382785	2506.9581333325	3230.93641461173	1866.23230017665
RpL17_OG0001706_OG0	1271.07740756899	1363.94427489587	1312.16679017922	1338.96369238898	1617.73165806351	200.494670143977
RpL18_OG0010422	1721.08620788282	2045.5304619749	1628.95712359875	1639.44477292858	2133.94071910035	1993.29940305391
RpL18A_OG0005883	2088.46365111784	2212.24144895315	2190.13238202893	2098.33727003351	2691.57035396435	2312.14286344897
RpL19_OG0005859	2489.52637391769	2567.55830840257	2617.35915454773	2646.77162901301	3279.38681851601	3307.43675092506
RpL21_OG0007319_OG0	4874.89253444298	3180.83529921984	4029.89561278608	4018.87677635265	5340.93853600213	2060.10424188138
RpL22_OG0007864	1138.13579716868	1108.7587470215	1079.21077219094	1045.71084244856	1274.1988147519	1225.89878098276
RpL23_OG0011644	1824.71191102313	1578.90281149086	1982.6811485067	1913.52700309601	2071.73874453089	1324.52996227634
RpL24-like_OG0005438	343.461553929589	240.034785409926	312.739071317561	357.762302495248	448.071268357908	253.624454583303
RpL26_OG0009915	4402.926502137	2441.28802909752	4160.60198289525	3847.34520150312	1323.19787336119	4982.79669536496
RpL27_OG0001452_OG0	4375.07520277633	3786.80670920777	3941.65447484631	3959.26906945085	1303.67148033516	4400.11328598211
RpL27A_OG0008994	2544.4158887055	2098.26991797737	2355.61829900275	2226.56272936856	2876.46967252697	2481.85031082026
RpL28_OG0001676	1036.7811088047	1041.55075648519	910.73405035511	866.349708964713	1174.68908429644	1175.53792745842
RpL3_OG0005456	1465.51576967206	1750.98360602231	1575.50691852528	1280.76282725435	1677.41443647858	1728.97197765602
RpL30_OG0009534	984.407476058396	497.343374193976	1291.69931735379	507.895015377095	608.661640972655	1102.53583365632
RpL31_OG0006356	4179.76515361045	3487.23791611161	4363.48798739061	3980.82589124761	5009.23012332135	3691.93256158274
RpL32_OG0002636	2521.77317047937	2058.36522195858	3050.3205713098	2919.06246967193	3510.12079587935	3054.26356693914
RpL34b_OG0000292_OG1	2138.40561202795	2376.11087631609	2399.0467276913	1908.60841851687	2770.72633441083	2659.97555711626
RpL35_OG0007367	1540.21303016944	1412.77940565025	1497.68115037934	1516.26660069756	1876.16525059928	2828.26198920302
RpL35A_OG0004195	2018.64147807407	2277.32198489999	2215.2026287273	2034.47910681315	2421.10749079029	1923.36024996689
RpL36_OG0007983	3648.51618634103	3048.9738021762	3106.76911583607	3758.40892422021	4523.90310668832	2908.9823274818
RpL36A_OG0009784	1086.12414429339	1241.56423199703	665.927581469849	1011.94276364475	1314.1363833081	1240.41153748973
RpL37b_OG0003266_OG0	3216.3216725967	3333.52309609598	2985.03013832347	2840.95400628025	3836.54003657888	2698.35145524091
RpL4_OG0005541	2389.62877667106	2185.10642148084	2337.97647517959	2284.87548380138	2776.29996384151	2189.70235100572
RpL40_OG0003388	4219.40999612594	3634.34443723822	4043.19004651843	3047.25491823666	4503.4277746615	4195.30632003569
RpL5_OG0003089	2135.86484013482	259.399886015852	1396.49409740703	452.095902647649	609.569704754969	3122.24296079757
RpL6_OG0001100	2722.60217843898	2285.82653699931	2783.02311593113	2409.02174713922	2951.54609970009	2320.64984131843
RpL7-like_OG0009721	126.30158630555	111.456636590455	106.143130514848	92.8370059007877	122.805911360513	121.121136750819
RpL7A_OG0007724	2283.67440230854	2486.11662693503	2755.94307466892	2591.10594168169	3254.53856801929	2307.20630337884
RpL8_OG0011096	3013.25628134028	3110.91760770724	3407.49562174986	3503.2463798605	4175.44908821311	2277.59492884977
RpL9_OG0009660	2230.52918514453	2119.48687202879	2500.30057779665	1009.89030000202	2615.33619637116	2021.70343882967
RpLP0-like_OG0006297	77.0209896875186	76.688318252604	53.6726102037719	87.8178717559062	76.2489831910678	54.4032188223622
RpLP1_OG0008753	4625.56501190811	5007.6420576458	4379.98781025866	4549.74637311423	5122.03451266911	5117.60971582189
RpLP2_OG0006631	6557.5593511298	6036.00961484011	7404.46236520523	6521.68380085113	7261.72104476471	9220.54954247278
Rpn1_OG0003985	382.021629402997	266.039128955643	200.689769135455	215.585758624269	384.662534767936	246.814394113548
Rpn10_OG0009873	371.816125732907	274.910364573459	195.183815699355	225.712031628378	392.781057051467	253.233403009041
Rpn11_OG0001809	485.683827226772	358.123449540374	220.135468601516	305.64342141573	462.269911134838	286.289635415089
Rpn12_OG0010731	430.685009406223	280.811702711774	183.201742990024	232.879361623335	411.45991783258	285.955513713313
Rpn13_OG0007309	306.409807329512	259.638869323517	132.17035862315	197.482981356393	333.71287415496	154.331600688375
Rpn2_OG0005098	349.699048511209	256.277941891301	174.367730141122	215.478567744148	383.612731062813	203.57367041617
Rpn3_OG0009543	393.849176008552	282.625417260362	176.882090447831	197.284112717552	320.616011466398	248.100873886738
Rpn5_OG0004242	395.536222584277	290.331541447615	195.409051436754	220.258467896999	378.822609915206	274.074566274357
Rpn6_OG0006158	236.292938671177	163.158267723425	126.907115944296	139.830611812913	225.654168054749	235.80531296803
Rpn7_OG0002284_OG0	448.922562426728	280.475108899358	211.401357569585	235.788707436574	415.266160028315	52.2671084316663
Rpn8_OG0006901	455.334140557493	324.143674260944	226.668205019294	302.027574830153	505.170271218091	292.859743804883
Rpn9_OG0005519	433.958485835878	290.137946128113	177.041066858392	213.43537085773	383.365546385091	279.762600429039
Rpp20_OG0008275	63.1368609556217	79.495379594198	55.1624702771143	74.9344967183834	104.457799167268	57.9290272738005
Rpp21_OG0007389	9.66309502289999	7.2868362354121	4.58947858849182	5.87755505153467	7.73981773030302	4.24767331629825
Rpp30_OG0008732	13.4060472262533	20.4870993577439	11.6870155307131	21.7621228795361	27.015578705514	10.7871583764583
RpS10a_OG0000335_OG1	831.135383507937	1583.55009056724	1843.74295769521	1415.02839505251	1846.68317444202	1000.40681980298
RpS11_OG0006179	1412.57572078477	1114.41310941327	1263.35797880848	1117.73061147658	1433.53773957845	1365.12218912248
RpS13_OG0003484	2544.23099278819	2828.20488539068	2759.48496828921	2347.10879415873	2814.78787646398	2660.20709466962
RpS14b_OG0000173_OG2	2649.83962027295	968.056209030975	2849.63753687858	2351.32960774093	3102.38070333267	2132.63926284695
RpS15_OG0006634	1467.47998583443	1836.74335794252	1638.40458250815	1529.59556024209	1931.29662118957	1889.62715865537
RpS16_OG0003019	801.465503680807	940.837730403246	871.294153792103	755.639631594901	936.51891857081	749.198189568114
RpS17_OG0011267	1612.50409696344	3149.884456395	1610.06175656689	1792.62268590956	2149.74255755396	1623.59919565573
RpS18_OG0001656	1611.41108256483	1757.80828586012	1632.12785900833	1778.93567201984	2311.21436921246	2265.58762592932
RpS19a_OG0008553	3168.48182488369	3208.18855942851	3584.72105874506	3317.72053208304	3673.07426633309	3825.66723847957
RpS2_OG0009249	3217.96290917679	2189.00709551081	3685.99946270024	3354.5693293726	4148.5843950109	3894.46878934829
RpS20_OG0002396_OG0	1210.28638426227	1330.78364359922	1302.97190673488	1372.74139058762	1766.90867667263	392.987435439467
RpS21_OG0008932	812.833483160919	643.758916704992	309.609569630711	1395.83995145374	702.302661024069	274.178670093845
RpS23_OG0006530	1682.47930883626	1540.30917233924	1585.56154616974	1663.3644497116	1868.53689176013	1997.78214371196
RpS24_OG0007006	4197.93326265223	4223.35386385286	4384.28218354658	4340.77457925062	5096.17498266042	4849.28365314326
RpS25_OG0005458	2502.67472005103	2886.8230951845	2210.75598046708	2533.32087989747	3034.69326862631	2733.73293793229
RpS27_OG0005169	771.069612808726	747.104968806029	830.30316022475	707.738017123954	916.40199788803	795.964952906904
RpS27A_OG0009377	3528.69568077663	3348.27655692676	3324.7224498501	3723.93463255711	4220.21325949362	3579.19879209399
RpS3_OG0002563	2160.97643908443	2027.83350209139	2325.17143033546	2001.24681202769	2494.64106825281	2482.90973233186
RpS30_OG0002401_OG0	1194.4217005428	646.688161078376	718.193174147149	732.08286643951	801.424606643718	1.64947738779636
RpS3A_OG0011559	3509.46589655316	3157.69623626034	1906.91571019268	3802.39400390375	4562.72999224457	3439.55532565488
RpS5a_OG0008593	917.957987804843	725.805691441443	839.837870358479	748.705087384007	895.128993915702	541.774120348013
RpS5b_OG0004590	4.20310245460603	1.65802696010659	1.68151861383292	1.22794350082458	3.33080702534116	1.77173435105502
RpS6_OG0007951	1802.13759117161	1798.89163208846	1808.02170088468	2016.56734027225	2421.02495517558	1876.41617232897
RpS7_OG0002640	1430.2939573605	1393.45702048468	1120.31736436875	1306.8828084557	1780.27246176686	1435.57353217551
RpS8_OG0005707	1761.04942811493	1918.79521270443	1859.11815194479	1731.10640812794	2104.28910189729	1738.18057492943
RpS9_OG0000822_OG0	1343.45004033953	1328.71808973393	1386.68351966531	1499.74801313631	2231.74032652383	1969.31896850563
Rpt2_OG0005536	415.866983821894	322.642513553627	216.574465260332	292.523134906303	464.952119263677	294.22072029311
Rpt3_OG0008018	330.018312763805	317.172026759581	213.648287010224	258.516515053051	417.099264861689	290.749133853036
Rpt4_OG0003167_OG0	405.786132951665	274.947047188419	205.428424521101	216.415076995607	354.568787446661	261.283153892696
Rpt5_OG0005522	335.451057488873	266.854283162671	166.872889490189	186.426149293189	314.157740827462	197.752441840801
Rpt6_OG0003121	337.393797257621	264.024579720253	182.980330828746	240.992566541242	368.604667709044	277.50119506587
Rrp1_OG0008924	59.5950401510169	91.0762885345318	53.1833020700274	116.381790866801	146.484025931281	74.3439855283487
Rrp4_OG0005993	31.1381159120181	40.3287656436912	31.518814236336	41.9312548456359	54.6441068571741	22.0444258001406
Rrp40_OG0009054	31.3049631128935	36.608421182421	27.9993727630198	36.9844265627327	38.0336784018498	26.3896329643477
Rrp42_OG0006499	23.1206634855593	21.1648638823834	17.6874215263088	23.4031752952899	24.4538251229578	16.8103641746839
Rrp45_OG0003313	21.0934982544137	20.452359292769	19.3446971403641	22.36235260475	28.6479343534669	15.9051198592937
Rrp47_OG0012333_OG0	30.4805458276707	38.1760438411265	29.1635291858919	13.1037067533285	3.56579589605357	25.9188487527494
Rrp6_OG0004582	21.0701605474912	25.4078464541526	14.3808525148676	22.917556205697	28.6524786757864	15.3669935236441
Rs1_OG0007170	30.7576441797206	34.5827113726148	25.159160888954	40.4341175553407	41.5246797453139	31.2445408074611
Rsf1_OG0003532	187.904186381332	218.502803008879	161.356809164864	170.913520551661	286.683611230675	192.954671342015
RSG7_OG0008571	3.25468638550793	3.28129102317701	2.99238894327878	3.7734069272542	4.82588577543396	1.84011912353387
rst_OG0008118	13.3802779971398	12.1603708312788	13.1286630852815	9.73744770959249	23.880268715085	12.1661835912774
rswl_OG0006702	19.5787965954622	21.1218358509883	17.940412642994	19.340610754192	19.8450057583645	12.6495567456097
rt_OG0003887	22.9506114664921	10.5128775876852	13.5841991344302	9.10253283987067	10.4244653385231	4.26499469821129
Rtc1_OG0008253	18.4248514638827	22.1753158574686	18.265357778546	24.3992711170209	23.0478771167243	24.3207177235774
Rtca_OG0007619	25.4714859935874	35.6124007874525	26.1511254632219	26.2434463989083	39.3787513176	24.6100384852956
RtcB_OG0003718	50.0217086216511	54.1966197142539	40.3388934631877	40.714700050477	54.4093207658945	42.9490824580735
rtet_OG0002137	21.6396091039425	28.482790838124	22.4342334390719	20.8861088187795	41.0283283204693	21.7665731796607
Rtf1_OG0007030	43.6630400824867	39.7397745621755	33.3626518606912	38.8689332854021	59.2633994059233	38.9497670888241
RtGEF_OG0009413	14.1317782181154	10.6048130017022	13.7897554703007	10.0381049716811	12.7459742221899	14.7303721444699
Rtnl1_OG0003418	67.4128615523929	24.5813435551386	44.7789122814472	42.7767234702678	51.2626426674623	21.4657929138586
Rtnl1_OG0003419	199.66724085568	192.217931272691	226.53115903921	172.70208544081	174.382631843652	188.271214699295
rtv_OG0008010	43.503719153654	56.086479975846	30.059806558866	39.0540239319801	52.3530563553567	22.0339943339859
ru_OG0011302	3.83398255044469	4.23755061550639	3.12071201702334	3.18052991104733	5.05170721877215	3.54158822888223
Rubicon_OG0007762	14.426196114909	8.92532127632364	10.1546775854501	10.8201474077468	12.578458950681	13.3116172795401
rudhira_OG0008373	40.9469634706839	30.1081839234956	27.4509266626819	24.7369986112831	37.0705418851648	40.5358472064677
rumi_OG0004697	53.052231866278	35.8190820883812	46.175758697018	27.7564366691921	43.5998312618975	33.3001408045186
rump_OG0004658	93.6599289330735	105.039848814104	82.7578642795201	90.5806347142615	131.532412561043	106.135096109279
run_OG0007510	6.63894448898549	2.7964773213974	5.54155112320994	5.03080948509143	8.31457249860004	3.89447312279733
rut_OG0008211	17.8618313102812	12.9374812671266	14.4553821941019	10.7006870296073	20.5296481171481	13.380470029086
rux_OG0000927	9.9550496255106	10.9557646055765	10.2230828028474	10.4545447084046	16.154277954272	9.85892868936428
ry_OG0000577	8.38650068417172	3.80131371443843	3.45281327498288	5.41214862100338	7.30878167212375	7.55132023512735
RYBP_OG0006994	24.5770512517917	28.2889690882587	25.2613976332404	24.6772468637305	51.8762426194572	16.8813154654255
RyR_OG0007124	18.8202772404585	18.9455641884193	43.621355288672	31.6877998932951	15.3904059709769	43.1686906420515
S_OG0009013	4.57679445748682	5.86353006701028	4.8651947733975	3.96552038249865	8.31340236216056	3.95894090639852
S1P_OG0012573	4.08394353791115	5.88380707388378	2.90161221957366	3.90584404666596	5.73017282726793	3.17063062772443
S2P_OG0002926	28.963490026022	26.237107921134	22.8150317852606	20.8908470341565	26.7069785189753	30.6132501692219
S6k_OG0010211	13.1392489234386	133.631639569838	43.7003857126683	36.212241576063	61.4834378452704	75.9420761952663
S6k_OG0010213	13.2039460916885	22.457889256305	14.1235484931106	15.8278104439366	21.1108725060283	14.7379595673489
S6kII_OG0008698	11.9242732701669	8.31373364288032	10.3133042752842	8.72117861527145	16.2610358138306	8.13388012408375
S6KL_OG0008680	10.9722319507525	9.24499706230835	12.3899135522733	10.6344260738448	17.7828399855469	12.2239546982108
Sac1_OG0004120_OG0	60.3833457395957	57.2493715836516	47.2441863813089	49.4323762687137	57.0846486734163	38.878748365923
sad_OG0005582	13.1330618625541	12.3131366044664	6.98209250974974	10.8663418369068	22.2895098431621	13.4970163015772
Saf6_OG0003365	11.7510539911974	9.35363166366043	9.23744936373118	11.3696388054768	19.2405736994516	7.3369573396608
sage_OG0004870	54.9852212155884	84.5518975299321	51.7659891890437	27.6571735031217	55.8951946213114	23.3973636027473
SAK_OG0009876	15.9261074745484	14.9273622725359	12.413690135337	12.3779744624302	21.6908800255637	16.0665662602493
salm_OG0009690	7.61324629606617	6.39865546530607	5.91970958820078	6.18446102023934	12.0801037943774	7.60870769148931
salr_OG0009689	13.5588278755404	10.9162301052158	8.20735819897253	9.93499457487136	20.5215562037006	7.80898264499865
sals_OG0005434	49.9337051274304	40.1147707075746	36.790702207798	48.126004348116	67.8425915305851	44.6711585527227
Sam-S_OG0003348	88.6852749191954	85.7227134937786	78.550983302345	87.1768935822697	72.9937031504793	78.712836313298
Samtor_OG0006028	12.2237574981533	21.71618782237	12.6082504938332	22.1123502770922	26.0093485835729	12.4739948717684
Samuel_OG0000340_OG0	23.7362380717102	7.6266517203268	15.226267968055	14.5852983512362	13.383366884238	11.9423295134761
Samuel_OG0009663	15.777664377243	23.0606219404531	7.90422458354448	16.281023887431	36.4947432402779	14.5298476063821
san_OG0006231	73.0277701705826	76.0162729268912	86.5393659146765	84.3488371057182	83.0913181012758	61.2594731853331
sand_OG0007184	4.45689617632635	7.1657268230015	4.88383583217811	7.26659615751256	6.10641692955136	6.49515632896317
sano_OG0006649	31.5178648018393	51.5831443997775	43.5936928604516	28.3060338408032	68.5014909771958	23.5977689717943
sano_OG0006650	34.3135793563114	51.5551170935788	47.9118975430295	30.6365126497243	72.6845312146449	35.0089063601459
Sans_OG0006671	9.78808592281347	23.0680673191488	7.12472925084589	9.25127225927685	27.51133208318	7.10001241093864
santa-maria_OG0009326	6.05270916805824	5.55291161203219	5.57432219689252	10.1488264548596	10.1735404757267	9.39602900776916
Sap-r_OG0005774	295.63015148271	286.451534960905	178.507616832171	201.595542821658	402.760860220951	224.579144912961
Sap130_OG0001975_OG0	20.7041553648897	24.0339770585011	15.3678243134852	23.16743695978	31.5774907446647	37.165730478355
Sap30_OG0008562	44.1920026994869	48.7072643997267	34.2291266228849	48.6807690521677	73.9398539076267	21.4773773374359
Sap47_OG0005215	4.4480669841955	5.70886370451461	6.16771094755252	6.89182741494794	7.11008033900571	5.67573864248419
Sar1_OG0004756	122.972938446023	118.019854046093	91.5728695572875	99.3014080428684	111.644148464153	80.5995930327392
Sara_OG0006911	38.0337030586434	27.4332054000106	31.3689460892502	31.2035435749819	47.5588252105435	33.819426953646
Sardh_OG0006073	2.91267928914311	8.24480311899434	6.19124519671207	11.8669202381263	4.96510324240671	8.71474074318015
Sarm_OG0010557	93.5571629496549	71.1002252886341	94.3697794238349	91.8371732495103	82.0346354239441	42.2868489370665
Sarm_OG0010559	6.74356775467971	6.9371954992645	10.8858928747838	5.52620194397648	14.8910904439182	3.77652573565993
sas_OG0004328	24.2585300219968	21.9183168983935	28.2032917174923	20.1530988614862	28.9542523445099	26.6202226471369
Sas-4_OG0004326	11.6339036884124	17.997475267289	20.4763901968297	13.0223415415749	22.1044029412478	15.7636197569542
Sas-6_OG0002628	8.88803423206907	9.15606542132595	7.09104747235642	11.8528670561739	20.3663159876779	6.92286245063455
Sas10_OG0007989	33.720923662774	37.0093067593871	27.9826750470139	37.3772323993007	37.8328772849911	24.564096686618
sau_OG0001826	50.6009832968077	49.3009936703614	40.0545943287677	33.9435203676541	51.4379775018302	36.4005521172132
sav_OG0004682	27.6829510540167	29.9409812251066	21.1458876409023	22.3839843511788	38.6880096662265	25.8059263926827
sax_OG0002865	19.0722749131262	18.105496342063	17.1559668549081	13.2896787684541	23.9877900133327	16.1381266644731
Sb_OG0005416	6.6881134274014	10.3456291527454	2.58576410683354	3.01868927020298	17.2567492711442	3.44642790205756
sba_OG0005533	3.40670753171606	3.70155148960154	2.90851983589219	3.13690111589543	5.11358464084163	3.86316567548968
Sbat_OG0008927	41.0851598469962	35.3855679171057	38.0284058860149	34.3798313484824	37.6456897356184	35.6603281870475
sbb_OG0006687	50.0542311228963	58.3103900331456	53.9107462161164	49.2582255866878	94.0204528073866	50.9033331363276
Sbds_OG0010270	34.6284753841047	36.7642512541105	22.8112132973038	33.0826539626132	37.9298873261582	28.2117456997815
Sbf_OG0005588	9.95857807916261	11.8935064679481	13.4755748968853	10.7935973299683	17.1029285469631	16.956571589596
sbm_OG0008216	32.9196926923448	23.5955497763491	17.2304277928562	20.230720935208	18.9310532796964	4.30219449387972
Sbp2_OG0011165	11.8832454160669	27.8322237934899	7.89766278942781	29.9934257308769	55.108990163395	6.87987293933603
sbr_OG0003225	29.0942599011788	28.2243442831601	23.460557021851	19.9718269783866	26.3421151668981	21.0983679475271
sbr_OG0008038	36.6616016724478	13.4866587050979	33.7158003923645	26.2456760986332	39.1594036792839	23.924990363129
Sc2_OG0010482	91.8043391790776	94.5450734929375	81.9531711961299	91.4710995808074	98.5580328025268	73.0450689523519
SC35_OG0009747	68.1935105843896	84.4126956968801	57.2651658476913	73.0544721614206	105.669457224108	64.3908859213242
sca_OG0007224	3.85409910984963	3.67011334699531	3.29427584168714	2.86158676451929	6.55626498420933	4.38453852764166
scaf_OG0003109	52.0477004857997	32.2140104578344	48.91149590404	49.2898046772182	22.9398239842197	10.2335291313417
scaf6_OG0010687	26.8788894976416	34.5354315963067	21.5275194488476	27.4191042653659	43.9606700827423	29.5816980379214
SCaMC_OG0000815	9.84702559369469	10.466052379617	11.7585132726213	14.7208596518781	16.9137590085278	10.4223572231731
Scamp_OG0008330	41.801003118699	45.3843345915728	43.8294249777976	36.1755200495743	48.5001636729311	35.9204394815372
SCAR_OG0009658	25.7152477168789	25.9663273060005	22.7250285170877	25.3009787275258	36.9095861895267	22.4107964471572
scat_OG0009286	24.4018193808978	23.4352669277145	31.2604328628858	17.1219369055925	28.5247732644207	24.2857582527969
Sccpdh1_OG0011425	87.6204178847482	125.661744931646	75.4817759147278	91.833204723899	78.5485264657817	58.9568574727411
SCCRO3_OG0006670	27.8561315370344	26.8370874862313	21.4041823309038	24.2763324040197	39.4902723714056	25.4188845093435
SCCRO4_OG0010385	27.8486000984543	40.7784093374426	32.9445294388508	41.4958372716874	43.3788098761349	31.4967880266703
Sce_OG0005347	34.9809129177629	34.9944321091423	26.9231169782245	29.0254145262688	44.5741054999697	29.6465884776356
scf_OG0011315	59.9642492889903	79.1705933950157	143.318458500494	87.7931189005983	76.3490883394859	87.2289722441911
Scgalpha_OG0001836	6.64136898882792	4.25423083849107	10.167669614	8.23420794356657	8.20608046376745	6.13821011111838
Scgbeta_OG0002144	8.26134498106508	4.61906535918409	14.6120406919966	12.8008023158762	11.3417612541493	7.96194050984836
Scgdelta_OG0003152	6.3255503541428	2.37373338212677	9.46628616868877	5.91276920148698	3.28757035436015	4.11894697315801
schlank_OG0008606	4.50919160534618	6.67237037611078	5.24630657757187	7.88776114606376	7.16886607617686	3.45007853349177
schlank_OG0008607	32.0807252249288	33.3592178414563	28.7337771147997	36.8491181614018	39.2511823284362	35.3209933000058
Sclp_OG0012116	114.480070878192	101.872596336353	17.3674804649703	124.945877664596	333.758693150615	45.3396172466585
Scm_OG0002576_OG0	27.6539916315046	33.3337807070976	29.8856791384378	27.0490693292891	44.3010172436218	31.441520079225
scny_OG0010203	25.139898288294	34.7044338415819	22.4641834470604	28.7197278170519	57.1514550861354	23.6209764431004
SCOT_OG0004076	53.6472844998824	67.211502234845	134.433112289327	88.0607510811012	40.6353300759063	59.5074251313339
Scox_OG0001819	56.3161969108475	45.0898541857218	66.1680692386403	74.5630442495245	66.1675143075999	56.870562563289
ScpX_OG0009529	44.7388610539573	53.6182774706469	48.3928550210451	69.7454387235177	35.2233258681976	45.7525269838911
scra_OG0002954	60.484505996363	62.5829703781824	49.8037505667108	50.6290816245478	76.9301736826873	37.1553038234302
scramb1_OG0010955	70.3528468143143	23.4258059062211	26.5218277160763	54.1829746227874	53.8817880093438	75.6242779294693
scramb2_OG0010632	45.6769579828726	54.7699990025919	57.119385629413	67.8777867799244	77.0196806375768	67.1619395706101
scrt_OG0010489	1.38248014747982	10.8852434680515	5.06564375012911	2.391399965822	4.32287136297764	16.2347472548625
Scsalpha1_OG0010476	83.22374356108	110.122392642983	134.09212224142	129.057519712132	92.7411248077678	145.928435182298
ScsbetaA_OG0004847	70.5199825548935	117.671480780638	129.498219570443	120.240961286263	80.2431015138569	154.768081202313
scu_OG0007873	183.328147089365	247.165133945985	164.390519560693	382.010881249331	159.645824499354	175.615798163344
scyl_OG0010052	189.418410438944	178.584414459676	222.747841889066	181.887531290997	303.116249876963	296.122568024825
sd-PQ_OG0008148	6.52253692510363	15.4149999004783	14.3645370655269	10.0309362958191	17.3002904731061	17.2994437153733
sd-PV_OG0008149	106.273058485978	208.913950530161	167.70876498839	129.798940481976	195.414273390593	188.000192798228
Sdc_OG0006912	2.50490632610068	2.98785856535173	2.66640803496265	9.30392365614149	3.54082034510391	8.08956691614854
SdhA_OG0000906_OG0	106.653450301888	159.553193443833	158.604842333102	150.182171299385	98.7355369662562	176.521742687882
Sdhaf3_OG0004986	19.5641750046384	16.784935536983	15.1101623289481	15.060486430529	17.0655596303909	11.7837929471758
SdhB_OG0002970	282.113622551334	322.515553069643	396.673403080763	297.272193157801	167.926421665322	315.546131244412
SdhC_OG0005460	211.311880475913	168.446454408765	258.460720461026	180.575525420725	161.846794290011	432.850823441835
SdhD_OG0011518	233.793693476918	242.906921261364	253.082392020197	227.267224353217	133.424414501908	112.860202940177
Sdic4_OG0000548_OG2	42.7654518615513	7.00122622942397	36.809062534933	38.2948141035195	50.4433899325935	34.3418601111652
sdk_OG0007861	3.54689200181926	6.91898408548333	16.0554870071078	8.66048791986106	7.76462753536529	5.72810056073227
Sdr_OG0004592	14.6702375401558	9.24164857756503	14.5311148198628	7.59524068787082	21.7521097115275	10.5003674154154
sds22_OG0002561	94.8426625091632	83.6267724839599	76.9884717771494	84.4424474553845	108.72056024625	74.6266997755984
sdt_OG0003305_OG0	4.58767908521997	3.57525396722695	23.4523275963695	21.3944755052984	49.1858897112867	21.4232001427725
sea_OG0000861_OG0	139.026784531869	157.040979764146	166.319191340119	158.195366583747	118.60695169463	183.863249927652
Sec10_OG0002529_OG0	17.98781498601	22.0050761235642	16.5040866579183	14.6000597542772	23.8259817647049	22.7268666465814
Sec13_OG0005501	162.126884186275	143.497637350485	147.65958906865	133.585572572358	153.936084332137	101.755796813403
Sec15_OG0004403	19.5491198641808	16.5587534246526	14.1131045783504	13.7940566044687	23.1572852121597	12.5529770461709
Sec16_OG0008459	28.6818138590128	23.7914057975125	28.5592328353754	19.74195717361	32.0388644886464	26.6204465428143
Sec20_OG0004247	27.1265465191818	17.8638871840393	16.7814069022959	15.2460043352161	32.0407322214888	22.0198371684454
Sec22_OG0007350	63.5647415590171	79.836953026377	54.7531234360984	54.3002182729947	73.1512518487603	38.2571699695292
Sec23_OG0004226	103.927944571755	143.560489397563	103.608552743129	93.4868581038568	124.332284878436	93.2316868762662
Sec24AB_OG0006328	41.0513620229968	50.8185920586142	35.6427978039526	37.0469066894652	54.8063330004067	38.8099545575316
Sec24CD_OG0001825	86.9516873396474	90.2826750088499	78.6863049366939	56.6051726595039	86.984108027861	73.1160331322481
Sec3_OG0004056_OG0	16.0136541311011	20.0673517843496	12.1369205902481	15.243615136479	20.8809739674977	18.2304490017573
Sec31_OG0007121	62.8194785291062	72.365686173988	57.4782831199622	61.7778326225968	84.9768670120965	70.6261334552787
Sec5_OG0008823	19.2143017916235	23.3395680276413	22.4591584652279	19.4025886871378	28.6440847281175	14.9276455409581
Sec6_OG0006716	18.7156478690158	19.5974746819248	16.4198161288953	14.9915690277414	25.0361358675424	22.9452997812364
Sec61alpha_OG0009590	313.72055841839	329.199445244644	233.621843359329	261.336862711931	329.940880450225	238.408180896889
Sec61beta_OG0006149	570.532825812168	680.768079925623	419.736946080575	418.252054564543	530.705563106259	380.001342421695
Sec63_OG0010439	85.6851564543813	83.1011899504443	69.4941824932699	81.1546930624157	102.7071300098	73.548408407517
Sec71_OG0009193	29.5472946679973	28.025196027028	26.1960678446854	22.8200234848124	31.4949020010662	33.6593871288266
Sec8_OG0002101	7.24073377242796	6.64606527446624	5.96329208104078	7.22808325838415	13.2936032177701	6.77432078972467
SecCl_OG0010087	4.66858428537824	4.41295771697035	3.48068409678772	5.09600554199952	3.19649364584356	3.45242100734024
Secp43_OG0008996	38.1830334619679	40.3658191367759	26.0845430946654	25.9980191190382	37.3489210742837	34.7193497127422
SecS_OG0004216	10.0449818901173	30.9799407636839	7.27578510787833	11.2113461060736	12.3700920463313	9.30205340595428
Seipin_OG0007354	14.2989823464505	7.99823327976502	6.64814565244685	14.1046780352906	12.3549906533603	12.5321976619072
sel_OG0006287	77.6462421097179	97.2851396806923	87.8549322794978	80.4238483932204	54.6084668421001	73.3139429007978
SelG_OG0011714	39.4030925484408	53.9246268495781	53.0319934574518	84.3998892840705	115.446173990806	52.7538562988695
SelR_OG0005472	13.8848061138534	16.2551630176327	12.5040672746018	20.9340542281769	17.4868001509101	7.10038244253575
SelT_OG0003415	140.628788513475	135.562399514615	109.996489691201	107.323505622973	141.806706466571	104.427282035971
Sem1_OG0009345	733.984681441615	509.045783242688	306.560693212534	438.858673317264	645.653062284038	394.570550231226
Sema1b_OG0006069	33.1751050045381	48.6410261120575	35.4040871624372	28.7141336663747	61.6269855405235	35.6655285689308
Sema2a_OG0001136	13.6032575838148	19.373299819439	12.2717206774147	10.3478506832721	27.177813844815	14.6518681146255
Sema2b_OG0006474	4.61882232681153	11.436608679012	4.83488891578616	3.52923211409107	12.3999032079009	6.59440851550121
Sema2b_OG0012294	12.7303823843541	31.5316045670349	13.291635909393	10.7028528953443	29.7391526372871	17.2959276736127
senju_OG0001221	25.7593033761128	17.4419022978013	20.8018218304321	15.7901571169656	20.7187056007624	12.9760212446535
sens_OG0003088	4.28487951125381	4.0467534189608	4.76335618832012	2.15265857367196	5.73704527531372	3.06846149201198
Septin1_OG0003338	57.832953787759	54.589975406961	39.8213305614449	38.891899280713	73.2377906915243	42.4620541106298
Septin2_OG0004932	68.2169408935609	93.21114936659	63.1122853964295	81.4093985203897	123.418889268363	78.8706434860221
seq_OG0007239	8.14750429759086	13.2752023833002	14.8687651630286	14.5853700891531	22.3479866938344	19.5211270578841
Ser_OG0005612	9.01275568171692	9.67339295700483	7.01084425288717	4.60976390477224	11.7893717648489	4.34674789144151
SERCA_OG0006845	975.755650295599	1213.71819586696	2231.48598110508	1428.31401828186	768.234232875202	1850.43067601919
Serinc_OG0010743	112.373104625912	69.6607810190916	69.8461373035253	68.3302164902341	91.4454559388123	73.7205155068978
serp_OG0009882	227.086786583105	161.985352270172	222.409012348844	228.153394890741	155.233252156368	130.042403253175
SerRS_OG0008911	158.999277833663	170.625066976816	159.935570961993	172.988425009387	208.300208413777	158.873419936799
sesB_OG0008040	1646.50152746927	2462.24249310207	4092.18306583629	3170.43907935918	1984.27560380844	3413.52519376906
Sesn_OG0006963	5.2366421363786	4.55097476416563	4.24472206672235	5.83666692810108	7.02533783109139	4.29378535823481
Set_OG0001037	164.738293856276	192.094705325125	177.635187730559	184.291169438982	247.197099125221	228.729574415364
Set1_OG0012952	4.32708473936268	17.637718137933	4.43633343664068	3.73538738987203	5.17966671919302	5.9459867017464
Set2_OG0001775	16.972803187691	20.8698945508413	17.9528807008885	15.5396409433889	26.8589823675961	17.2619583145077
Setd3_OG0007813	19.9505239925768	24.5641645956012	19.8669736291298	26.4532079764487	25.8837131627397	20.3461508978067
Setd3_OG0007815	19.0064837144264	21.5996474099173	22.1126456510196	25.1406956600341	25.7980848814383	19.5877430989795
Setx_OG0002022	5.45832601328316	6.39322969297231	3.67719983110258	3.59238499634692	7.72280976745292	8.59048699040718
sev_OG0003222	15.3700692568315	6.87980976296013	7.82385052668242	11.149002143943	15.3796469747044	13.031388688054
SF1_OG0004882	58.2675415845051	67.7790441284131	1622.28803287566	47.9049269350137	73.1548812246953	46.4770209520698
SF2_OG0004970	161.278630479306	197.765294784371	138.603310267523	168.164051960932	258.568049620208	157.259054069824
Sf3a1_OG0002435_OG0	34.229740704246	48.2445966571523	37.5370428848132	40.790034322235	66.9906200156603	18.8307357296795
Sf3a2_OG0009928	77.5530156902324	94.9991056376259	56.2949291369665	75.0878663742841	91.5128871225189	64.8091798995785
Sf3b1_OG0008766	39.2596466595047	44.5249412719537	35.6497248644038	36.2408499942235	59.1870395481131	45.8942175918075
Sf3b2_OG0008914	63.0877427889991	59.0641591724878	51.6046976775823	53.1291970597825	75.7092782333191	60.2134795779773
Sf3b3_OG0011347	115.416759941507	74.344381567132	109.556516539828	99.802719647864	137.655181528808	91.2017342815463
Sf3b5_OG0004854	92.800083008111	104.116419978478	72.3488952739724	122.119183012277	137.153569497196	102.398133395551
Sf3b6_OG0010247	151.384477799199	250.390074796923	148.455723868671	206.297283004142	346.910038241391	139.463941393454
sfl_OG0011865	1.5555159045773	2.31279148756668	2.57208851261334	1.8439749851121	3.50123993287197	1.42223638917369
Sfmbt_OG0009772	27.9967024917609	27.8083332821183	29.4703523370537	25.9453098455797	40.5201423760204	27.1774573521807
Sfxn2_OG0003857_OG0	32.1222684863394	38.6434878242792	54.5556703239108	37.8773040542195	32.8407078568277	14.7878280826777
Sgf11_OG0003912	21.5467648804392	48.153843136689	17.9214886073668	27.1099636030743	37.663437237025	21.101135539029
Sgf29_OG0006925	49.3449143221348	12.3912680697795	13.2202140616764	16.3091757580116	22.2947005779995	10.7323265203355
sgg_OG0007356	16.327910529609	21.1276794822399	14.8733976176604	14.9280036610799	24.0719511586244	14.6543565915939
sgl_OG0010281	15.3377813861282	15.3034235561463	7.68735481403617	12.3033352485048	26.5710966111499	11.8991319999007
sgll_OG0002123	43.8640202213364	98.954680175651	7.33950915756761	59.6392505262383	57.5678353117046	26.2636996522208
Sgs7_OG0000086_OG2	4318.43568377363	5890.43819890363	1099.38261625184	368.0698809322	7216.85172855246	19.6183462864212
Sgsh_OG0004465	44.4447881643152	58.5614948017637	62.1358464696125	34.4108927134756	46.5494984136473	36.1150697398408
Sgt_OG0009475	151.503519099822	154.585268561157	115.617803113934	157.920795553052	186.522163509358	126.128720536988
Sgt1_OG0002317	86.9547874823124	112.876132083378	113.584919442148	121.152174014446	179.61798904408	122.262969733981
Sh_OG0011396_OG0	7.65715280423786	9.17427800499635	10.9931530580866	4.02376663966287	8.45376137606635	8.16812952891576
Sh3beta_OG0010440	58.668536529407	74.5119902711156	62.7316785286279	70.5219673134665	120.558936313687	65.6713529520188
SH3PX1_OG0010994	19.9512920155488	37.4991614258858	31.6183519105134	44.1213060352035	50.442079684818	31.7442846537619
Shab_OG0011117	1.20135557801425	1.20225445280024	2.31725831523675	2.23501768131696	2.46050430820526	1.70415226000158
Shab_OG0011119	1.53696657477439	2.21839356468867	3.52278672053075	6.07340385425556	5.43018088117453	2.68612170566301
shakB_OG0007507	2.58113783103309	1.9692855150078	3.91867696914591	5.19502823478678	3.00977112423529	8.84916422257884
Shal_OG0009898	1.461127529835	1.25205020858505	2.69469382401614	2.89688179630271	3.84278218482731	2.33632241540145
shams_OG0012460	26.6063120732702	21.7588308307662	23.5204481778359	18.2782379158137	28.1659023231641	5.71064270523641
Shark_OG0006118	26.8983298495732	23.284547784056	21.7471315887772	19.4626928524175	29.0550289524821	25.7035624166352
Shawn_OG0007431	13.7716452874829	11.4171110813938	9.2893447576511	14.9714286044999	16.6656024360059	15.0716895469062
Shc_OG0011266	44.0475371658026	53.8895996058528	35.4335403423028	45.0822331215721	73.365111862315	50.5325030263927
shd_OG0010867	5.14938153658371	3.95086104566951	2.97558945242738	5.54126810488191	6.31133506244943	6.62190119438432
shep_OG0001307	6.0661303749981	18.7679962941944	1.32502064367561	13.6747638714996	2.58492982502275	1.84520280354262
shf_OG0007740	25.8432153152106	23.2357307596505	15.7647842344225	16.7983477611306	33.9878745618598	14.2024701408335
shg_OG0006268	54.5271402719754	80.176650492902	59.7701011988296	44.8994367677773	111.247694068214	63.2371272445059
shi_OG0008157	15.6907931192554	14.1651754973034	15.8267328678507	13.3362119803516	20.3470429673767	14.1275668706006
Shmt_OG0003282	68.0619587554394	19.2143790476664	71.171479298231	70.3296895438201	52.1635516532232	12.4770466215975
shn_OG0000887_OG1	16.2055234163732	22.7195382339014	14.6787303632503	15.7443601838001	26.4548240664283	23.1130093287841
shop_OG0008683	28.4496741648367	35.64863062292	24.13558411832	21.448879027027	25.0060125029469	33.0467792476489
shot_OG0000909_OG0	25.7605546137401	36.8076203855526	47.6814605652435	34.1093760480058	50.0211885191369	13.8613519436939
shrb_OG0006387	132.346555013434	139.271558721233	133.583296822743	141.542422525954	188.878827169067	134.481983554084
Shrm_OG0000588	6.45359155276917	10.0466460836388	5.25858681975458	4.67833268343953	8.45853946003071	7.57944261486547
shtd_OG0008329	17.0408585929093	16.8063249120625	16.4864017491708	14.1865755808702	23.0083046867226	16.6027746628554
shv_OG0008758	86.2828327237155	82.0904227074212	98.897601982794	88.0024495953528	81.9968033667413	99.4638134435786
SiaT_OG0006042	1.08228905287887	1.31112131050311	2.18335491746658	1.99883050961697	3.47803221252347	1.11753007151823
sicily_OG0008204	6.60804680139852	9.64171476382792	12.4325800553049	14.3484286199756	13.2603859200502	14.3409844131247
sick_OG0009116	9.99511104753141	7.93056292716512	8.51128910113367	7.37578456830848	11.9421036363507	23.5331542973704
sick_OG0011782	2.17102815172702	2.40822462664862	2.90887177325262	2.46773518943546	4.38872701468091	2.88454749008766
sick_OG0011783	2.34945243567198	3.68811812440333	5.29468446582669	3.27449283657066	6.04654275148728	4.27866979098038
side-VII_OG0011990	1.32441046572005	2.41253161341206	3.41309071614208	3.07245847931685	5.42656737748593	2.63725958021606
SIDL_OG0004602	11.8747188598672	12.0293326459734	11.1438703351472	9.31078475656413	13.2882946929536	12.7451710332775
Sidpn_OG0009536	2.75938770962102	5.71033995168772	6.59332859005054	7.58514359225687	12.3422542783012	4.541081919738
SIFa_OG0006023	2.54570845314044	7.01557894916185	17.530453722252	16.9473947752799	15.4652684372558	10.8420464208149
sigmar_OG0006968	13.0748863415721	17.3498116361295	14.0613203165286	14.0031199739668	18.5939966849783	10.0865008797233
Sik2_OG0003146	4.89991364185656	6.07930846771648	7.9453072914575	10.344997109359	16.9860488111466	6.32453802457738
Sik3_OG0007232	11.0480025989476	19.9693293283635	6.92143013012765	6.16885884765912	14.6755263829358	8.49626138980618
Sil1_OG0002503_OG0	13.5008418253771	14.6393084512421	14.4208593599333	12.6218951158946	13.8247432449717	7.7288758375296
sima_OG0005729	2.97504334612163	2.05874172408225	1.63016882787022	3.94755346293686	2.75584337057992	3.68777520649866
sima_OG0012270	58.0828765883776	75.933344994674	49.5491600196236	67.0795518146424	92.8106863743974	69.7341454286513
simj_OG0010939	36.3073397267133	36.3356753210348	28.6419370826417	28.4466445000158	54.046279095375	29.7286541009615
Sin1_OG0002769_OG0	13.281776604834	11.5268530011228	10.478945924071	18.1976539121896	22.9237093973262	15.1599783282867
Sin3A_OG0003073	47.2939756921319	62.2897443573737	49.4171798757974	40.9200824927745	78.171286257525	50.3456393004678
sinu_OG0003988_OG0	88.8212476821088	103.08964656887	82.836081144904	63.2546155006149	16.7467792064792	67.0475098370305
sip2_OG0003746_OG0	61.3251587464346	51.0290531774248	48.3925030771923	44.7965459000752	33.5787004103203	55.3115643745767
sip3_OG0002668	46.0147492627579	54.830093999383	38.7278373796201	40.3730864721892	44.7871051716011	40.4853218060741
Sirt1_OG0009771	48.7774325056888	49.0443966010698	46.8405691061225	44.5669669593293	76.02919332978	45.1479339526802
Sirt4_OG0003114	16.5566199104306	20.1176197498293	19.4518497967533	19.498746461497	16.8789495722362	15.2759264482742
Sirt6_OG0002598_OG0	8.21448888961888	9.22009811269998	7.75452538044696	9.64023280531814	15.7540557697106	2.28821732169914
Sirt7_OG0005084	6.50313851207719	7.24386465884016	8.03365082935671	7.90266666866378	13.6156852813021	7.7945697955013
Sirup_OG0009789	1128.31509168689	589.839186739199	214.155302141997	902.741558218841	1381.36241467432	720.546229684043
sit_OG0004725	9.39944254863376	13.6877167845493	40.6680534354054	29.1874022069131	9.98787092488171	12.0518648757735
siz_OG0010324	17.5076452860794	23.1272343342301	15.5558198717716	22.3300903129027	37.7229259220924	24.0028632393895
siz_OG0010325	12.8477011483636	10.2181681735987	13.3148144825021	9.96665800838499	19.4003648082117	9.57576747783118
Sk1_OG0007890	12.2744426300565	11.1972102838512	15.8081748972887	16.4309945272048	16.2343607127027	12.2912810951408
Sk2_OG0010633	23.2765588962719	36.8464652764928	28.8194035557681	32.4954365791518	45.9505840970341	21.8882682944681
skd_OG0010330	4.70167104716626	7.54185122182974	6.88076737805618	5.11676581746064	10.3194992571482	11.2382794370318
Skeletor_OG0002362	58.445355904999	48.979102982974	66.3034268735693	72.0343094309142	36.5985528775705	38.9874985186681
Ski6_OG0003607_OG0	27.413690846112	24.9712028768102	16.9280335738114	25.0382129472476	25.9623482878759	24.2544511240259
SKIP_OG0004764	43.5815041715049	54.867747682566	37.5081450639404	27.6689116471987	71.2846683949218	41.0218452045646
SKIP_OG0011468	2.67761226883824	5.19804773322293	3.88352588058425	2.66650361420805	7.23829478822463	3.89967555318729
skl_OG0010133	2.46219762087905	4.21237959483827	5.78071731651324	7.18054879014102	11.4522118050578	4.95931480937424
SkpA_OG0000444_OG0	612.240577697048	522.294102908019	523.618764601626	409.574340427175	563.676340676725	513.689778280783
sktl_OG0006251	62.781994018437	69.9275335829377	49.1342575987159	53.6906398662389	88.3883968548059	68.6006175767968
sl_OG0008189	7.10747504745265	10.2189108988485	8.15405593190594	6.91862147189108	14.3712257477695	13.9870613611893
Slbp_OG0005097	65.4470149782501	50.2137218308076	49.8157489758401	49.9725933854405	68.1132003130159	59.6724862732419
SLC22A_OG0009841	6.43203162356652	3.23059590149472	5.06547550571364	4.4018698313291	2.46957562070576	13.1377454724763
Slc25A46b_OG0000402_OG1	16.6591851400885	23.9242461524972	17.6853231906741	23.3706020758706	21.512463472499	17.0741119223755
Slc45-1_OG0002056	70.573800535772	34.7355360970493	31.5864553738526	31.7937264619376	21.3750256897504	43.2599432972883
Sld5_OG0002619	19.1863676928336	16.7109690089143	9.66173835020888	12.7415898517184	19.0541221450249	16.8527506253363
sle_OG0002357	48.888902355009	49.2771246050124	46.7347489590839	44.8296500709983	71.4112371832652	46.3999183936658
slf_OG0008982	514.519459503289	500.173633767712	616.857310006691	726.24477000527	388.821382102824	365.238501717048
slgA_OG0008689	30.0113020310942	38.5118502161932	50.445683680508	29.5770725422675	39.4645650236214	40.8679886014254
Slh_OG0003436	41.2629413413512	43.4715207128943	36.7050744637156	38.8752018454337	46.4975222793609	33.3302086388491
sli_OG0006806	11.2597228472252	15.3121204518523	15.0786938299425	9.51433680713171	15.7639880817508	9.28213634841927
slif_OG0003809_OG0	29.8192057874339	15.6060024397256	16.6726744271349	23.306763114169	42.9205238244921	1.23116046301204
Slik_OG0006900	32.0756041374889	34.4960150746454	33.6783508693866	31.5479702365697	49.5272985553637	34.8270775209166
slim_OG0006699	26.772119458529	24.4466492292963	26.0765213967606	23.6564384331082	32.0638088040602	22.1524485434311
Slimp_OG0005313	9.78075129812548	9.55115306037178	5.01233109975017	9.96404785075967	10.670417838728	13.4296936493179
SLIRP1_OG0007489	87.6824602934063	63.7402044740111	78.723533655167	121.047476054934	135.219010526479	84.3344589878117
SLIRP2_OG0002325	28.2959450752813	24.4908134750546	33.4443752923176	34.249195415586	47.1984910299122	29.9846231552669
sll_OG0002353_OG0	39.5208669944707	21.5625658309452	30.6945743355728	21.323949142489	26.4342731291876	17.8218630250106
slmb_OG0004399	13.8370849483318	17.0802775903402	12.3774474945934	10.4068622658398	24.6542187624485	12.4410945973997
slmo_OG0005828	109.321472975088	88.2216425339635	108.08765085876	174.529097474125	200.277304508638	179.596487428676
slow_OG0011146	32.247367550212	6.18542957402325	4.3175162313715	36.6700771942896	82.7215644503333	8.04638152782934
slp1_OG0008781	8.38838033334602	13.55179162221	10.5318714662121	10.1219131942721	17.5395477218479	10.9284297595393
slp2_OG0008780	9.72907006877583	9.24509326616109	13.0289347296642	9.32136973894788	15.9878931817238	11.9806880545748
slpr_OG0008535	19.5370730098395	22.0492970902267	18.899678318664	14.9651739121166	23.4988432660692	16.4284327556067
sls-PV_OG0011063	27.509841543806	45.0020870363124	55.7608856563748	40.5620794557177	12.8593873243796	86.7114236898465
Slu7_OG0005603	23.2575863080584	22.5023257008546	16.7799192619954	22.6689753920284	30.1379911812201	23.392911604752
slv_OG0003060	21.6869627819418	19.8365494897466	17.9853001096942	15.6681673609152	23.1849745756815	20.9797395407222
smal_OG0011941	10.7459904669201	27.8022581550949	19.275154563062	24.7432341512933	56.7237925860686	59.0614326595575
smash_OG0004150	24.012515834921	28.5160784202213	27.9617421326696	28.7041776284732	38.2542872277267	24.7698655221677
SmB_OG0009374	79.8465623623508	101.381159934218	75.8647611630129	100.253337139027	122.059292728702	71.4577347005016
SMC1_OG0005322	37.8999421538366	42.5299146195742	29.5563911510328	33.4337953838464	56.9368380294412	34.9188849000564
SMC2_OG0001116	39.0994191209568	36.479701491268	25.5915785274591	31.0894384165125	44.8920149859946	29.9779733380716
SMC3_OG0008546	26.4566921721083	30.6026251895881	25.043988127063	29.0724209537844	48.7079702946175	22.4364745044341
SMC5_OG0001962	9.94595321599342	18.5979839931856	10.7381657530383	14.5626356800682	23.9600282017957	8.95392293317268
SmD1_OG0009937	65.7760745662378	66.7025671325975	50.8683254312112	61.5092513787945	78.8828444396103	59.6593469140809
SmD2_OG0004290	135.552622073113	220.35220841944	171.183611691882	154.041694253056	226.2634106443	81.2293440926207
SmD3_OG0006599	94.5716664912452	139.387017342731	86.4712846175248	123.158238250193	158.305902155767	83.1588268784877
smg_OG0011227	13.64797272636	12.2623357498168	9.73142511619762	11.7945316022437	18.8064808435095	10.9646800885843
Smg5_OG0003594_OG0	41.5917343212864	53.0337943020779	48.9526546407079	22.7297913348229	86.384229882833	46.6711706711746
Smg6_OG0005192	38.8326413063096	34.7074564575436	23.1443245339011	26.8929493592776	47.9880485948312	23.18893718594
smid_OG0000429	37.6693581840736	81.9086388902264	45.5605136373453	82.0381558178391	119.009040032367	82.7067765455733
Smn_OG0010732	92.1452553493179	62.1856875636811	53.0140967372304	82.6783795004139	135.272735791175	102.811648085895
smo_OG0008738	13.6357827056344	22.8787414726609	16.036301731966	12.4580782792165	27.2250458106819	16.8738952464559
Smox_OG0008294	60.7598791363571	83.135142984369	59.4862331285297	62.7714957087167	116.163253776978	83.1816814570819
smp-30_OG0002251	17.0951090383001	18.4060757664875	12.2531413046905	11.9236551530591	1.75003280572221	33.3180671418306
Smr_OG0008449	3.8207566042985	7.91712754555556	5.54442679025548	3.01919929384193	5.71004578383153	9.62495435463825
Smr_OG0008451	29.0939050910589	24.8409475353748	34.0324275550738	22.8486768127703	22.4577523520524	14.7083857841168
SMSr_OG0002016	10.7637514488876	5.22611609601315	7.06768770500762	6.28519903265303	10.62786882262	5.83107521162963
smt3_OG0011817	1603.73011833407	271.543005913021	1315.16980127728	1331.55225153121	236.451668183172	1977.65197461721
Smu1_OG0002157	22.5502355117202	21.4100834493795	19.6777490586051	22.1240614026539	28.8247066815978	21.5709338859316
Smug_OG0012012	24.3100026848129	3.43866865988421	3.0557303806789	4.16598787891016	7.32572576911478	2.89415722996164
Smurf_OG0000257_OG1	194.13701331343	195.291180318072	280.76265727848	255.020124801458	158.213754398494	359.254015211638
Smurf_OG0006063	40.3733530970849	29.0800024503387	40.1217877350301	34.9337407187576	43.9653846969278	31.5984909508099
Smyd3_OG0007610	20.5000572144966	14.4817619575352	12.1292918649707	23.6860149363347	25.276596222577	22.2920998111838
Smyd4-1_OG0006358	15.3750748659207	12.9176022967869	7.65477942743647	7.79432062997821	11.3575414715466	6.62281136376653
Smyd4-2_OG0010835	9.05514245460927	7.14093082132257	13.0917983117967	16.8283656877864	11.9136430434742	16.0793559731347
Smyd4-3_OG0006238	7.71010903379528	7.59118316651271	9.3646627680568	14.2845572782769	7.57437153581725	10.2720479220671
Smyd5_OG0004390	32.1831531669696	21.7572543235244	18.0127426456974	26.1059643557722	30.8450546222969	19.0537655217489
SmydA-1_OG0006525	16.755854701226	22.7521269931287	29.0702155987774	40.8935876727235	30.3354981747187	22.5728030596597
SmydA-2_OG0003860_OG0	5.37228475054482	9.85518334934638	11.7346782853195	13.1939550857309	2.80076974870155	2.02535381175338
SmydA-3_OG0009645	6.8265234423399	5.87241381060534	15.7906117873454	15.3168695329655	2.29956388622416	5.99707718790335
SmydA-4_OG0008026	5.0270767377764	5.64743696656406	12.4675981284038	7.66571904890928	3.40365258078367	4.97214686374811
SmydA-7_OG0005923	5.23017630120066	19.1299368701094	9.40973252052778	10.2353825926178	11.6588636175515	8.90792158537066
SmydA-8_OG0003175	10.9241134605662	15.4277373130588	15.9184113019884	16.380136936345	8.4603659685711	11.5430296678015
SmydA-9_OG0007583	98.0298624773356	68.0558792431901	33.6391805625559	46.0908004992312	81.7670623086887	29.728452713255
sn_OG0007940	29.1697713991036	71.7024460243887	32.1025559176618	39.696220781357	87.8074433177186	33.3014226950535
sna_OG0008815	1.68232397928337	3.14273980539604	8.0375903434565	8.59171700278012	9.10796222681682	6.46771303754122
snama_OG0006874	25.3572618855601	27.6687900747667	23.0219596704072	25.6193621340794	37.9344376414834	25.5929353115429
Snap24_OG0001388	59.0609853413436	58.1936982645299	58.9362419406831	94.8363211298495	119.457640194911	72.8980088700393
Snap29_OG0001152_OG0	39.029534842628	48.4728570171265	31.8189353273543	56.9755011042402	65.4704145744663	38.0508321867575
Snapin_OG0012138	31.7305949440104	31.361089234914	22.0163881140689	21.9176181375799	32.5918433076019	25.3908237860799
snf_OG0001723	78.8685667297116	74.7060207655529	73.3846862618668	45.9599174037739	73.1552199395627	51.6617075485689
SNF4Agamma_OG0001361	15.0293863494222	11.9489957978797	13.2617087795416	13.4377969278831	16.7837323242529	16.6382376893257
SNF4Agamma_OG0002135	3.47002128007463	3.94489198104779	5.91993055048868	3.89644654420143	4.99845101158383	2.42515131672855
SNF4Agamma_OG0004392	5.78927155956914	3.72595030223752	3.95526551612792	3.1916158992945	5.70797059081079	3.68167503515519
sni_OG0001768	8.83708645825364	17.7668325781906	22.2194998850605	20.5761534797421	9.8770697960727	22.8223200312133
snk_OG0002451	7.64517405349296	2.65394943897588	3.84445333548661	3.17430713319744	4.3601947882378	3.48532866044729
Snm1_OG0004205	5.89165237355529	9.6057568714717	5.01145960998643	6.19339317008298	10.6940235414568	9.35037056661055
sno_OG0008556	5.45308591271923	5.57686617866122	5.6290840011317	4.79327819223026	7.73207045261213	6.49892928362955
Snoo_OG0003794	11.5796555724095	15.2349651615069	16.0980855169712	9.82293718283822	18.1614983377367	2.96022613407549
Snoo_OG0009793_OG0	18.2181272318477	21.1022349985841	2.03678335762974	14.4900876520563	29.2616086152555	18.426699320338
Snp_OG0000663	16.7453396059057	25.6221122225974	14.2422713306139	23.1401496373421	30.7847064821141	15.1649862621743
sNPF_OG0009121	5.62119468888085	4.18528195453827	19.1522265469934	10.117964574705	8.41247481793285	3.41722265531099
sNPF-R_OG0010173	2.03265175326835	2.37614229857036	2.83953514914499	3.82580645944361	4.54320493248943	4.46662996276124
Snr1_OG0004197	57.5342702091562	57.9674650769137	49.8249015294194	54.9317390007096	79.1338130038104	54.2107275175759
snRNP-U1-70K_OG0003745	90.1793927438999	85.1937853503844	77.2700619131594	85.8989890588471	108.955578684788	87.9718209423316
snRNP-U1-C_OG0004469	114.692938450246	106.703824992439	110.195486232429	141.053797554637	157.987236670755	86.1841259085586
SNRPG_OG0003309	145.059057474895	186.444729537295	122.111400625302	239.462780932371	262.344391629061	143.110775955887
snsl_OG0008967	3.65477748996882	3.28446781873912	2.3955283635027	2.05754433268827	1.90617803251857	2.36256414188581
Snup_OG0011106	4.27034645438203	6.06011825218606	4.1120189814479	5.02530561514039	8.25759001020942	4.04740755996156
Snx1_OG0008891	39.2613240369614	52.3473080019787	43.2316488949955	45.4445758349035	68.3808024874399	43.7803228073752
Snx21_OG0008944	18.2556180983637	27.0132971871359	15.6137196684747	20.2188085419686	36.2073274080207	15.2324491939374
Snx27_OG0008085	23.2769503704066	18.5745108710716	23.550505074381	19.9255811969459	28.6056415277321	35.7968233673217
Snx27_OG0008087	14.8029003373688	17.0450634506638	17.8666877263634	18.1808137877251	27.6217486542861	10.8249889033204
Snx3_OG0004434	77.0590401765995	101.678918341332	70.3152006629658	80.8362713889254	109.180513098562	54.5286390761847
Snx6_OG0003496	50.7725745750351	48.8368352121921	42.3254745080605	45.9756185343352	61.8924049358678	41.3596080098979
snz_OG0007947	8.65630375852458	7.45387240945425	8.91331055512007	8.47198483130911	10.5283832353834	8.6968298404838
so_OG0006753	2.23013965300744	2.93847394857639	11.5273291542288	3.73079486764046	4.66134518481437	3.16322134287301
so_OG0006755	10.5237668259655	11.0464951922812	7.00252716532464	8.52580202937277	12.1602916103721	5.20534767592887
sob_OG0003586	26.0709190405709	33.6118005405807	12.7007907125092	24.3914702596551	38.3300620945013	17.2306496378885
Sobp_OG0006568	2.78584311185122	9.75732415098642	5.41725708946612	2.30125169332825	2.87644409035037	1.54459273655273
Socs16D_OG0007689	24.8209943692309	29.4339352034779	21.7895566389163	26.737792178314	41.6222093790031	30.196401337871
Socs36E_OG0009495	27.0719374410594	26.7943736550584	24.9879954395937	43.9773114256998	50.8599508663228	18.0437826436861
Socs44A_OG0007178	29.2844678336975	27.5280954541566	27.0142826216337	26.4537015328164	41.1860739234437	35.498117286784
Sod2_OG0006424	170.795817208325	267.350423805068	271.971290208548	245.549349195574	176.130044406991	225.787288296394
Sod3_OG0001579_OG0	190.271870831159	9.74588590020414	121.696259007198	5.68574501534891	205.991007598058	99.3686382703449
sofe_OG0008035	15.3238871468878	13.2408067477004	15.0239279279156	14.3995146027661	22.5231865564249	16.7397269163762
sog_OG0008521	9.5357401687716	8.3589458699982	7.67882818235652	4.55674806288225	6.09206496152445	7.53809385064447
sol_OG0007482	27.7157127784696	23.2415239698498	23.5610806416323	26.6590485010378	52.7302599375344	21.9671041233771
Son_OG0002572	13.8453338195449	15.142481699206	10.9471946688823	13.6298286714087	21.6092641047227	12.1381880330901
sona_OG0006960	9.29144236670714	21.3720219463014	2.40030635765078	7.53950595279858	35.7970748311065	4.87045640658902
sordd1_OG0000608_OG0	148.869125242919	24.6213455974303	176.211904386979	128.529213529043	166.517475829392	124.619029792344
Sos_OG0009190	26.7719882133231	28.4167507985565	25.1669683527554	24.8979990662125	41.631456022795	32.1229486678305
sosie_OG0004644	4.3914460626451	2.33728678830594	10.4444624921159	4.68934479658111	8.21068642614181	9.28543258604543
sotv_OG0006516	14.2964108764607	8.77284616059671	12.2061760969142	11.1444230488138	17.2264130758949	14.4847841257725
Sou_OG0006266	74.503648873894	67.5734506892948	43.2706055925923	63.9800365349389	116.306299328389	57.1900830498287
sov_OG0000918	14.5047235907558	22.7477217676007	18.8464893575845	15.8809267484261	23.7109972555379	30.7774603553497
sowah_OG0011839	7.68064537195438	7.06654536274404	1.79952786992708	8.67564014267121	17.9275972653076	7.79904671872099
Sox102F_OG0011558	11.1689916224671	10.1605480938473	5.83530940933275	10.235999032415	24.4759807826743	2.91547987206172
Sox14_OG0006857	26.7011398795516	49.8919514778125	10.1976623333679	25.4843440482436	81.8538995026759	26.4634537945357
Sox15_OG0006531	3.32200114807929	3.3089830919104	2.17134249374838	2.83652265498203	6.28716688028637	5.35548867229634
SoxN_OG0003801_OG0	20.3824895073634	33.5812397350768	52.6737346774857	48.3877292507974	84.1088713513831	46.3172793569747
Sp1_OG0007556	3.29897211587489	7.00645922062822	3.4889154493622	2.56503613822225	6.16066873881851	2.94163176950004
SP1173_OG0010265	100.962573338063	92.6701807386739	180.231250796009	123.602479865841	95.2515513636843	179.964726710463
SP2353_OG0002915_OG0	3.91730319484234	6.202480383965	7.11150055241661	6.22268653099116	10.6423668402175	7.70251048706213
sp3_OG0002302_OG0	10.7738011306321	9.6278285735771	9.71494435662684	8.16142410600102	16.8878606419747	5.7860455696344
SP555_OG0001815	3.82499436437082	8.37676001781268	7.76591043860381	8.71061018641627	17.1841414304454	4.15617924123262
Sp7_OG0004360	35.6880679595395	36.3036849724837	12.3121049035569	32.1894799388403	53.2507134270822	25.591570556073
spab_OG0002933	2.22288974606975	2.0637814375103	3.38639099593481	7.35322112849682	6.67235328931878	3.287984034972
spag_OG0006884	23.2297781270627	21.5500220877695	23.5987740183976	24.817261739504	26.1929060845086	34.9805837461902
SPARC_OG0011432	144.55677948061	215.098271000978	170.527751480056	173.973558119564	139.183470646167	224.670617814037
spartin_OG0004149	11.4748452564594	8.27015303095821	5.28868293880812	7.85527280559193	13.5967010823751	10.1513071383374
spas_OG0005326	17.2958350917885	15.8873153351586	15.7463126322764	15.8767061077083	25.0164162757817	22.2706405071449
Spase12_OG0005110	147.424455505573	217.313607705857	118.135375005719	150.21846957872	133.689607086535	89.1375602118279
Spase22-23_OG0005300	346.6597970965	361.386690288231	271.329543484206	238.437551775037	300.45599241373	297.156747622449
Spase25_OG0007886	396.89288545475	321.542674237596	226.392876806414	263.382057717285	301.514827949111	199.792946044999
Spc105R_OG0010342	10.2724867977284	15.594503785854	14.8303186862468	14.2956226358894	29.4817178913427	11.0654555106872
Spc25_OG0005019	25.4368985307359	22.5183715652319	27.4709358425323	11.8977935558705	20.813495967648	17.9293036812162
spd-2_OG0010726	24.9871527364778	22.4782490376953	25.1170876247021	21.882816993982	31.3893651443248	26.522294836462
spdi_OG0007832	35.8741394518644	38.7457713183803	26.3621166866299	27.9107211261191	40.86117893858	26.2269310290346
spdo_OG0005750	4.28812275007683	5.81135762323168	8.54603180049176	9.21448948286578	14.1646058032634	9.03828566526177
SpdS_OG0005565	50.1122766419649	39.3464161970156	43.5928216745389	29.9016213502381	8.42130521921671	63.1807413348698
SPE_OG0000864_OG1	7.25646560175231	13.6707957485871	13.3829272917981	34.6623079873168	3.79935286984326	24.2402434832193
Spec2_OG0004219	55.3903945053825	39.5676595291583	12.6612146974618	10.8283947763857	17.4723328091533	41.7731057034687
speck_OG0006882	22.8828606141907	5.75362073447393	10.8107884182546	22.6249292548312	97.7424275691171	20.7693525627645
spel1_OG0003590	14.6294026833347	15.7319071945429	16.2323001555038	14.4684463634417	21.2407677234097	24.5096812152103
spen_OG0004140	11.6698374212881	32.9046858641075	19.2470292113492	16.3034396072185	21.4522074129556	30.3425975878262
spg_OG0001479_OG0	6.93616540354391	8.36352220789959	8.04802388443465	7.21059945779728	15.7819688194305	2.56100963508066
spg_OG0005384	26.1266090106322	27.1609785701624	21.5443209021644	26.0722539295638	38.6151398220759	32.9698392197063
Spg7_OG0007361	24.9406384586457	26.1902541647952	25.4947860035553	29.9934236379986	27.9295407656967	25.3668944685212
spi_OG0009098	158.935437283347	206.572065877293	127.747374698058	159.656503865592	353.978978298453	145.432028551786
spict_OG0009759	16.713617656439	24.4499466577472	19.517556521164	20.5146496745834	31.1175217193963	29.2623339824187
spidey_OG0007948	14.1708111609963	12.9152676539035	23.3536824478734	21.3672670967641	17.6728754112605	13.2654995281617
spin_OG0006512	7.85636717070738	8.38195270005048	9.32648571800318	6.78686366767994	9.49003448395599	7.55464041908701
Spindly_OG0001870_OG0	24.8818145466235	23.9752697246692	12.6679569731533	18.2871219388026	29.4426598447352	17.3157401152934
spirit_OG0000778	35.1881618546577	76.06422505326	33.5524228749797	19.6577572900569	55.3287476980418	14.2618887746609
sPLA2_OG0006751	6.40389050564308	14.3222529109608	15.1255136499363	11.6652023214106	14.6810743279776	6.28814686185533
Sply_OG0005916	21.5463019455277	40.7873300871517	15.1563051362112	22.172875423297	53.7030241608422	19.4301573344575
Spn_OG0011094	4.66725519561222	3.31820253887257	5.1195432736512	4.60766625244215	6.7713109022991	4.97448635102663
spn-A_OG0005727	18.7013526953601	17.021065099943	14.3480589673135	19.170778769228	19.400411917499	14.8579822259477
spn-B_OG0005569	4.80115878976287	3.02849371325399	5.9573803894949	3.56863145653556	2.18605885425369	4.97559015652672
spn-D_OG0005613	2.74073915329201	1.83038638969768	1.76597656714243	2.13923113510587	1.5023394917298	1.32563103136692
spn-F_OG0005795	39.6378707892891	34.4165761661947	28.3750107423065	36.4540553568294	50.0918296061207	40.6114943126942
Spn100A_OG0005766	4.71235860290704	47.4986748353128	1.40192616358215	7.54052951265834	159.935362590936	6.09188162498371
Spn27A_OG0009615	199.571593777281	128.988049258778	110.847810607764	149.478238977595	149.164774581838	180.456788875801
Spn28Dc_OG0003793_OG0	19.6296225760342	21.6320041085457	15.7970714924051	28.7112827996206	34.3134999012884	22.3912049723431
Spn31A_OG0003524	7.44346012118768	7.67383243235097	16.8279652882995	13.7749164445864	5.28104246622219	16.0258518506849
Spn42Da_OG0000165_OG1	34.3071726764506	64.2947551868312	28.4912735513489	14.1114299690683	57.4931184756686	23.3945162656574
Spn42Dc_OG0006786	2.13989168686567	7.53008189337302	17.3162488504021	5.17931255367074	8.33835123132577	8.22794438435641
Spn42Dd_OG0011626	12.4256517456346	8.43422967261353	4.90095295893522	13.8383176856417	12.4731540466838	13.1738469150006
Spn42De_OG0006785	13.8939725804615	5.25495382356263	4.9137945683186	4.90527382756381	24.7006064990229	4.18647465420974
Spn43Aa_OG0006767	31.3736431231802	128.989457391778	24.5280479013269	38.2967561119303	185.093732478589	113.422449875713
Spn43Ab_OG0006766	68.1532074603593	8.28557032319119	38.9736471037293	54.3701754927603	31.4989552498043	42.7733533755705
Spn55B_OG0006101	42.5073916104496	26.9771347448519	24.2866139587846	37.0521169994222	46.9672477118991	27.3195280133687
Spn77Ba_OG0000279_OG0	92.4951797247927	62.9377761790776	46.6333445963778	86.5657880988406	101.347252177543	6.33837559315528
Spn88Ea_OG0000224_OG0	9.1428298052308	12.9450167572587	41.5504066381636	30.2172071170698	16.9957005637847	72.5783806123472
Spn88Ea_OG0000224_OG1	304.402578395199	202.274868092366	106.33109117014	109.503369435806	142.909592335159	298.677539900839
SPoCk_OG0003812	12.7935036128389	15.0392636970886	13.2536404267925	10.1231219300276	16.7123232764907	9.46246705468081
SPoCk_OG0011830_OG0	3.60536379706731	8.82835997095884	2.38984308330726	4.37397704768423	10.3854707212268	5.05729245322895
spoon_OG0007984	35.3717245126369	51.5731029447293	56.417210575146	35.1200558898465	54.9442528831047	38.13694019989
Spp_OG0003358	252.213959437365	203.492953421784	228.521780165941	151.258244209414	243.39068729603	176.884432248134
SppL_OG0005682	24.4985776024054	33.3394690131866	21.1046100847123	19.9225766016774	40.7037801248997	24.8379191712672
Spps_OG0001470_OG0	18.5302742632077	17.258195307791	15.3428068511688	17.9564016586598	27.5433023754388	15.7271556582199
Spred_OG0002774	20.0453340701381	12.2195050857094	11.6102689003752	22.6795359607536	37.3713597929688	28.4155335752639
spri_OG0008058	3.00346199510204	2.66227799020382	2.86858497551056	3.5641310860174	7.26778441275711	2.75685054194202
spri_OG0012404	15.7274556631591	11.8915317509124	8.5617623822593	12.3395019417475	22.0629658756396	9.39240976130255
sprt_OG0006237	13.2975908693759	12.9005026566208	14.7391226714297	23.3252997349623	19.753827408756	13.6099286592612
Sps1_OG0000895	189.375263091169	193.476047875314	139.363019752151	161.92540634187	189.428374650907	173.429195361357
Spt_OG0007111	7.89971806014221	8.25455392718647	11.5631063749628	7.21045111907167	10.1378312427963	7.7040033882541
Spt-I_OG0011661	35.6702374640917	34.1786885882299	20.8645877998883	26.4591967969804	33.849900209772	28.3539863539697
Spt20_OG0010563	13.6229485378079	14.9944292084222	14.0876183992923	11.4496790905485	18.9635257941558	14.5311319368587
Spt3_OG0004959	12.6914293261793	21.27576265853	7.04059858626667	12.5024923977099	17.2326851403129	9.64019891490338
spt4_OG0011657	53.5152458395577	59.349639456011	47.9029828054262	49.6933726054527	65.952369242138	52.046606101603
Spt5_OG0007041	42.4970469680481	49.0177716683212	40.1836182297993	39.4199770742966	62.4623920939816	44.5767062131818
Spt6_OG0008605	60.9775012114273	62.0610154903034	54.93566716892	48.2885291063784	76.3819375130219	51.2698608132549
Spt7_OG0007684	16.151226114486	13.8304213108862	11.7935476901274	14.5305356662109	22.7330925378197	12.5716483698072
Sptr_OG0008624	67.4894066050303	66.1240900349117	71.4766332868917	75.2457388669089	69.5513590651172	47.5588500911386
Spx_OG0008608	50.6152110926162	67.6719642208509	51.4280547610153	51.7065475158009	63.7466473107899	40.1866785146568
spz_OG0002612	4.79282033586352	4.5627530548696	9.09837058957598	7.53411296381056	8.73897030412314	7.77342005333163
spz5_OG0011116	5.01402541292167	8.94450438029426	9.4415004596796	4.97687030145064	4.62600027660114	4.70983971122509
sqa_OG0002886	23.6868171112479	15.6968382188384	4.2124659173706	4.91168789431198	5.97224612385202	5.1792133298737
sqd_OG0002199_OG0	162.470571254251	51.7069088776893	98.3087852311908	68.7926392318392	91.7811419544612	16.7441456974052
sqh_OG0003322	516.813086104005	531.027538617055	393.873943720795	418.011104219339	665.021128569391	397.596300353237
squ_OG0000369_OG0	3.35405333507102	13.4176574178262	3.74715644365674	4.28956220228912	7.45627414982637	2.83240272254465
sqz_OG0002161_OG0	21.735649684954	24.5430407670984	20.0200906439657	25.1864384391477	36.0190134211049	19.0963207619397
sr_OG0005068	5.42402680305889	4.11912251389422	5.09343057694054	3.80021833703877	4.55680276287587	4.40748379256252
sra_OG0005424	44.235440339608	45.8497220466201	54.1116060408517	48.9271265009214	51.9566780887079	42.1845747962682
Src64B_OG0011125	5.79820480827896	10.2552322984751	8.01420415452292	6.60602360452888	14.202115111939	12.7889384421152
SREBP_OG0010403	66.9660340630895	86.6810555161309	66.6839148488436	34.7062139686673	53.9474633937765	97.5105381702218
srl_OG0007337	22.5655077621527	33.6481538291341	24.5780750128613	23.8227004355751	33.0839167510114	22.3112320606249
Srlp_OG0004429	45.7632676014058	51.9049604810109	42.9274748690193	51.5607574845075	54.1417918784906	48.8066142239759
sro_OG0005694	15.0457763428683	15.0046237417486	6.43931987916991	15.4769505560612	43.3303305455336	26.9004698815004
srp_OG0002509	1.35511461234068	3.18008945863171	1.76051407771438	2.22246910014318	2.68878043265977	2.60913308970712
Srp14_OG0004930	82.5030925102866	83.6042431616932	56.0191308547877	69.7985733530662	89.6948603608398	62.5736456131506
Srp19_OG0010436	79.7738494787797	77.9370680216638	76.4635665495377	98.5318690347024	98.9306347138804	72.6888125198204
Srp54_OG0003504	121.432434631652	142.790040728494	100.221623771896	123.375557645244	172.846629950113	108.282848069547
Srp54k_OG0010594	157.029174973088	132.7847993959	131.508363516269	98.0578412024265	124.079067272176	103.19498399484
Srp68_OG0011222	82.1089179098448	71.7197549815442	82.63235879082	86.0752755954686	109.74380563465	83.0463180651584
Srp72_OG0004933	75.8193920600057	64.6852715002863	59.6666820986904	65.8916010454657	82.3227242383996	80.3653738575507
Srp9_OG0011890	82.6454286897837	82.5404443146503	71.5561977547853	98.1979400999077	132.274121699528	67.1667454082715
SRPK_OG0000075_OG1	108.099202613689	141.851785921471	68.9963822569707	81.1709962537813	125.826485132433	102.612331010853
Srpk79D_OG0003823	8.10532345756559	13.4603469239561	13.4983228722082	8.98511394135255	7.81074406258918	19.8977454413012
SrpRalpha_OG0008017	145.081498078602	126.398843620484	132.159037511462	119.676721222898	144.309147513518	88.8205599034844
SrpRbeta_OG0011198	98.2731961016439	87.7962003127584	76.3016485185346	61.767131499618	81.581749713363	61.2258947109998
Srrm234_OG0011268	32.8515972726052	31.2114553809351	30.0627122245935	26.8930068645051	47.6647350934556	38.8130473125556
Sry-beta_OG0005723	19.5495117926808	24.1523749630547	13.4404367417874	20.6667046520083	30.9807228974255	16.6927218979857
Sry-delta_OG0001514	57.3188651191227	38.8764749492095	42.6453859055768	33.9090448674847	47.6250803212615	33.7863201192284
Ssadh_OG0005140	42.1511824358503	38.7157691092951	32.3813564622569	52.6600553913268	41.6795795443836	46.9238370449133
Ssb-c31a_OG0000697	98.0090975521324	93.5916868498071	61.3080475527767	81.0074242915028	111.663932735955	121.761945385854
Ssdp_OG0005061	63.1617888589733	124.950386848884	66.7667334980855	69.2360231949963	101.648310652094	106.999904019703
Sse_OG0003933	8.56218719423686	6.32748389654437	5.0886466220918	7.1819178090336	10.6104876090449	4.55760418312387
ssh_OG0005198	29.8130254032664	27.0785892653659	24.358224378457	32.0607142599707	55.6950376032813	28.1232807128781
Ssl1_OG0009812	44.2975839297238	40.1546686477928	28.1416102397233	35.2498119398477	71.2767001789003	11.5143013831579
ssp_OG0011903	26.4921921027687	35.5068248657372	28.6668237427715	24.4182871704985	31.5001375262609	36.1355856024926
ssp2_OG0010899	25.445749860566	36.3061305293698	22.9938885854937	19.6664977635502	40.9787252465135	23.6450205073074
ssp3_OG0001910	1.46726038714378	2.60129304765733	2.02973813798377	1.78925225823115	3.23468915181622	2.86344360156534
ssp6_OG0003936	1.20521531526429	2.19047439952916	1.48821028241212	2.28054076443283	3.53097198868616	2.12912773121724
ssp7_OG0012111	40.4390361053392	73.2771886898161	46.0905309669417	83.1767120003416	34.396724666283	17.5303085026009
SsRbeta_OG0010791	327.385448532783	347.906317033937	316.719111251435	272.79648249244	356.939287885962	245.415765620875
Ssrp_OG0006959	81.9651572254008	127.010823423128	84.3204870642979	124.120915425704	157.018300178939	73.3675298145617
sstn_OG0004039	14.2498372649997	21.7185066252305	14.3617278754094	14.9390773854725	27.7403399827872	16.8418458071409
Ssu72_OG0007419	29.1363336101084	34.2417989715165	19.7665617769018	33.7167690484076	44.0548754407188	22.2650336818383
ssx_OG0000266_OG0	59.8079186042598	45.5448350767509	47.8218972187399	41.4223838079647	85.243958468257	53.2039496913303
ssx_OG0000266_OG1	5.98105595744606	10.7022439247862	6.24451970283123	7.10349868177857	8.25881131408373	7.85141836338013
St1_OG0002728	9.46267877333501	1.73430625430314	7.83456946691451	5.57644186860821	3.99580389053476	6.4380308594009
stac_OG0001459_OG0	24.7235512241219	22.1036761522892	21.5353846538546	25.7712013191416	36.8581031613475	10.8121356197837
Stam_OG0009648	44.0321129040013	58.4759024047308	31.3089997565891	41.4514569280526	87.4574711040842	42.1569784394827
stan_OG0002841	10.212799213508	14.6452503302751	14.2160074569281	6.2696238073306	17.7696359646254	16.5804568532962
Start1_OG0006022	22.2865764606474	19.7479999076028	16.477218770329	16.059137169878	29.313719710479	19.0354746714193
stas_OG0007701	9.87014440029796	9.89040747203463	9.11530424521745	9.28538019023377	12.6135685463886	6.58595351769041
Stat92E_OG0001053_OG0	50.9369664954488	46.6947368909266	47.778274580524	44.5434084710531	62.3345139719279	4.5954766465813
stau_OG0006100	31.279882195541	31.1764963052157	36.3580831841824	25.4849804063509	58.2997965902449	51.0494183850601
stc_OG0008802	36.3968502775933	41.6429785683323	27.9221732335421	41.9539855638274	75.1754148121222	29.3156084958735
stck_OG0001416_OG0	53.6449019542273	67.3405672354688	35.1160409794814	55.6625955549406	61.3217758591777	114.367831594689
ste14_OG0003917_OG0	16.6280938283062	23.2615942965835	15.8113040883312	17.331790571084	14.2450803828606	14.3362986791091
ste24a_OG0006451	72.3396517310607	67.0397433749175	71.8320408586948	69.8238201853463	90.8268814873321	57.6369055544431
step_OG0009578	6.125872355988	11.2029824110359	6.12852115822085	6.15687539010034	10.5482928834092	4.67236951757629
stg_OG0005106	68.6463375518246	69.092327273913	53.6842367509676	57.7296766959842	97.6073558090352	78.1645635710361
sti_OG0003873_OG0	25.4715039224366	34.2991249679374	26.9514535061467	29.7952585977525	50.7893093527911	30.0858904765537
Sting_OG0006335	53.3340841685076	30.6254639255325	66.6207366073326	25.2591881258559	34.4343914906715	15.5698133632289
Stip1_OG0008744	173.386840441519	170.265482252381	153.017656524492	149.110797767057	209.91417727709	140.351717918875
stmA_OG0007128	24.0983879360163	20.0861504690321	21.735900445616	21.3026582100291	26.8217963231576	19.6474143287025
stnA_OG0008705	2.5843185735769	4.87771908151569	11.3401521696206	9.47105946440403	11.5999041936293	4.42129489389806
stnB_OG0008704	2.45026259919356	3.06828425682721	7.98826215336335	5.15661716028028	6.50160747253111	4.01492517334376
Stoml2_OG0006848	44.8252079442432	40.0884473026899	37.0409952506343	43.3042980670185	44.8019018092701	48.8484304597762
Stoml2_OG0011632	65.1228350407569	52.9760286726873	29.9384832342623	65.0681358222641	55.0668975580328	94.0229336271511
strat_OG0003490	57.7744302782423	43.0296002775393	46.4502548726859	40.8982452657869	56.9954046056563	35.1724463487582
Strip_OG0010667	46.2464816548209	46.7633965435792	42.017226918622	42.0633240300584	66.2674672989271	47.8221129558839
Strn-Mlck-PS_OG0000768	13.1024889152455	20.1994483580486	17.6798087342834	20.5803427201707	7.73397329567042	14.2476799497031
Strump_OG0010793	17.7779147664577	10.6838123765164	10.0846700134744	6.96489016358439	11.9282151213285	14.8013320242356
Stt3A_OG0007500	119.372714182577	104.674216689155	119.734807714491	80.945942058319	128.826626038515	123.718914976302
Stt3B_OG0005184	154.393412438341	163.86876243725	185.334219638849	124.646490380107	166.46563906018	144.149777405838
stumps_OG0002584_OG0	7.12013359654903	8.4794749472657	7.06707226516538	14.803135118029	10.5540079725441	3.69557152555143
sturkopf_OG0011311	68.7967224931056	69.9765239965505	60.0342350331007	54.067418331754	68.1107093800904	44.6391232809866
stv_OG0010566	59.0834040420895	43.129175795247	52.3757624249294	48.5800557899758	72.3460914586519	66.598853417603
stwl_OG0000817_OG0	13.076295083888	6.16654715701525	8.29370310972334	9.09963243242215	4.64617527460727	20.3277026268914
stx_OG0008048	5.05912981616303	5.1029078912206	3.76689308538214	3.84778116867521	7.76831240563216	5.37029019942045
sty_OG0010674	69.3608776147199	65.3772284752378	42.4850202138665	44.1266784322652	67.9762133212	69.6816770818946
Su(dx)_OG0009076	26.374664589177	26.6878825350082	26.0356439943623	24.9937670068192	42.2423551895689	26.7836403357664
su(f)_OG0001788_OG0	38.61125311961	31.1221434730204	29.3890847244046	3.95414184470002	8.20358499134017	7.8816018816895
Su(fu)_OG0004440	40.3879986839423	40.0643463651899	27.4093204556153	44.9814084982556	58.9942256439267	32.4244240454183
Su(H)_OG0008796	10.8873705211596	10.354539704684	8.69070360061875	9.57540027995906	17.2874511110626	7.72095210092471
su(Hw)_OG0004548	40.4570332578727	45.9187069098535	27.0226205306243	38.3148342912373	64.364729367543	36.619519575327
Su(P)_OG0010725	38.1003031479575	42.0621710443213	31.2430260634308	44.9449104066009	43.1987394051032	45.6407207764302
su(r)_OG0007584	6.05332025276945	10.5961047876627	29.6936233162512	24.1175980190288	9.50089389691173	32.3252624168367
su(sable)_OG0003111	31.0751913161512	24.4227916673856	24.5397199895161	27.8874237025934	40.8072466328422	26.336360886095
Su(Tpl)_OG0010390	48.1365027956325	118.655205336617	60.3245727366459	71.5946988648291	111.14868492398	72.0128892632121
Su(var)2-10_OG0006392	28.1503771927247	32.5031761612134	29.4821136879422	25.8360486951164	42.5408427430886	25.7951120986174
Su(var)2-HP2_OG0000760_OG0	8.64602086093322	16.9240026041269	10.0866693265709	1.93318713442557	2.66041728576809	26.444096526104
Su(var)205_OG0001228	152.89387229649	284.336293952163	179.152408609129	242.899844577687	300.240963112537	189.647235855475
Su(var)3-3_OG0010188	13.0708341071995	15.6768221954598	9.77412032622809	13.8540522150048	21.0916422181811	8.70213875318141
Su(var)3-7_OG0001443_OG0	28.3864255753194	31.3032722161173	39.732637585698	26.4766331080511	57.4711403817851	31.0352057426579
Su(var)3-9_OG0001398	15.0310467542644	66.0180146743219	15.6609469726501	19.46734761133	26.2415222086917	23.0247259834262
su(w[a])_OG0007391	60.8207594001985	86.2204689272908	63.7031908813712	69.2852516781851	122.616071188141	68.6887810101726
Su(z)12_OG0010582	27.8405853891725	27.109593228632	26.3263995429025	21.2567256286347	31.4451934002697	27.406747873401
Su(z)2_OG0002948_OG0	3.92390389690096	6.17312876274345	6.24431316288496	4.30929060787182	7.64394842888734	7.00523659896533
subdued_OG0002168_OG0	14.3303597058965	5.0963443586805	10.8197743547977	12.6310208116873	10.3001788764466	11.3095091010475
sud1_OG0011462	17.021293119551	18.1846683327327	16.2622779036233	18.8289036457747	26.2368648883457	17.0829331603414
sug_OG0006668	7.94492739711556	9.32630764224838	6.35041479731571	9.47172327250127	10.3496842840374	2.33874773874009
Sugb_OG0010028	6.90913133103335	7.45629210146164	7.95209112997336	6.48616527137777	6.0588756500507	7.23337091285843
Sulf1_OG0004969	15.7492095809147	12.904127481463	8.72556116781463	15.5069309648465	27.4809718710393	8.48089276150649
superdeath_OG0005092	15.2660105581531	7.88108531692634	11.6928811187014	6.21516261092393	11.6100537374869	17.5377551219791
Sur-8_OG0005487	22.066576794234	32.2313624829738	30.9002590022625	29.0238377291282	57.8307978826229	35.7686907820219
Surf1_OG0010280	26.4121511994048	21.714785148649	16.3429463381399	11.4683228587888	10.4944274956602	12.4620447034471
Surf4_OG0001467	114.965480763082	129.862757345211	129.634617249659	79.9297214124129	94.6076679295483	226.29162635826
Surf6_OG0004521	46.7673130325498	50.9109413709928	34.5145929904861	50.4230978173396	61.7593234390601	37.1199739785435
sut1_OG0007185	22.2253404271675	32.4393441642912	14.6953623707214	18.2170733523176	19.0311326381305	16.2725715519578
SuUR_OG0010076	10.4651170046537	10.4813563056408	8.38424015541945	8.11447006476791	10.1389418345832	9.59261994192121
Suv3_OG0007328	7.75497633192453	10.2160002831031	6.9396937822994	9.73828950172623	11.6779808415586	16.5091580067743
Svil_OG0011090	10.8380951227867	6.05089893177349	10.1470835696289	9.04147961660677	13.2535435106926	8.40916784460419
Svil-PX_OG0011092	2.30072040186225	1.47060801625272	1.15162573409927	2.89082093363082	3.31693401697903	1.47135869226308
SvilE_OG0004079	49.4627904128306	53.0319185434849	47.4534435279111	60.7097663672293	91.1084740377485	51.3071759380623
SvilF_OG0011089	13.3245482426836	17.8887580989162	10.2134599746507	9.24221692391944	29.578129147867	11.1869432886753
Svip_OG0011926	28.4098163271566	24.8996847502263	33.3749954592799	49.3300642362151	41.3696630485755	32.4012345256374
svr_OG0007836	13.8893477509678	18.5653122517076	14.3575125117447	17.8135233320784	20.7556504942682	18.1244090704346
Swim_OG0003031	206.3369136959	131.905313077094	259.859895584861	191.163592256167	170.039005713722	186.095939405761
SWIP_OG0008184	8.93451670544759	8.77076567978042	10.9970997987599	8.48766179430549	13.4172106115789	10.2431648605124
Swip-1_OG0001915	5.77932218220574	7.79909947499184	6.2223846328217	7.41467940258165	15.4113950993975	6.001166029873
swm_OG0009088	55.164109071124	63.4504126718366	50.0644006492875	62.709427384639	86.6508550637691	62.8867269128035
sws_OG0007941	8.39937684413189	9.81814130438178	7.34679572041002	6.87182664638984	11.5302786746266	7.89445328721995
Sws1_OG0012860	6.5529759262084	7.18977359186899	10.3527905386976	8.4629928032797	10.6071948319319	9.31422147389709
sxe2_OG0005202	9.60793031566909	6.39707111575939	3.03143573471474	6.46781689227717	17.0212133741961	12.0676371336603
Sxl-PX_OG0012505	69.4421633398715	93.228070365045	77.3979704699807	63.8584254069551	117.917414480421	71.1305596212695
Syb_OG0000420_OG0	85.9826388343145	100.938996742943	56.5914641651383	69.1314844328645	87.0898531068883	59.8054222003604
syd_OG0010683	10.9112835644482	10.0298252004704	10.4580069810993	10.2732957327614	17.5431372340041	15.263339402926
Sym_OG0001344	19.2455081888188	24.3803073547162	14.6008699466072	15.3522137649966	24.5790823490036	19.7867743354133
Syn_OG0002592_OG0	31.724286027648	30.9706306788962	17.503145284927	27.3485841438976	32.8462387736008	6.13980042061702
Syngr_OG0007299	2.53448751856142	2.3370516999276	5.65908017281994	5.05547808926855	4.95384308716327	3.20844012767061
Synj_OG0005932	18.9893689551772	19.9725557173395	20.8676046579912	23.215052710166	29.8046840212889	29.1425085813156
Sys1_OG0001422	23.1362107721773	35.8033479605555	17.8780137228629	23.4435739891861	31.9513037702169	26.2258380599331
Syt1_OG0003551	1.06387486041853	3.4828855484875	5.61155504758329	2.92206904975131	3.52593236287052	3.06943829884108
Syt4_OG0004341	5.94287912216624	10.3029532732032	14.3514807539406	13.3701480827766	23.6846955746147	10.8162187823274
Sytbeta_OG0010844	1.18763354437206	1.68047438661902	2.36397801259197	2.67903631489965	3.30856940159741	1.75196999405721
SytÎ²_OG0000282_OG0	68.9789581079299	46.3838798027156	4.75177579291424	943.710812648239	393.787282429933	658.010095336004
SytÎ²_OG0000282_OG1	3793.89866414344	2787.20402934645	2089.03888430107	470.159713677683	2828.71166703688	779.663633244009
Syx16_OG0008073	26.0167702193843	21.9751809797467	33.4518339125914	32.2446045282936	40.2811232561713	14.5151774766525
Syx17_OG0011145	22.8504520691875	20.4383470336714	16.9044263001542	22.0171508068343	34.2758616635299	17.8671457759673
Syx18_OG0004620	44.2176638124386	38.4771069246574	35.6367664127031	33.481374080241	43.5888356330398	20.3920337448702
Syx1A_OG0002530	164.146804986196	127.634598603576	140.781319247163	88.0574512069569	122.69875863897	95.7257032667737
Syx5_OG0009394	94.967870574446	79.1373586552598	74.2553809112792	78.3535172949832	117.958443778758	67.2080727913266
Syx6_OG0002788_OG0	19.9532407349155	8.03337947363143	1.21406309946823	15.0966791825728	13.1688031278488	15.5617762787595
Syx7_OG0010288	78.3688177176422	54.22005492839	48.3551539251299	53.4171132069608	79.6800467926412	48.2168039271206
Syx8_OG0010729	17.5877291696116	19.4238958288636	17.4316883958534	16.8676224627604	27.9078220681508	31.2432963407293
t_OG0007581	1.32493659201451	4.46432722205364	2.50028969024738	4.32008004171192	1.66750067731725	6.25668496202257
T3dh_OG0007033	5.9479676122876	8.87918927046654	8.8061898333699	11.8247461461295	10.2702312378646	1.2169146120257
Tab2_OG0006465	30.3384763729805	19.7499644052227	21.9458667741233	22.8878711220169	28.3218483775365	17.9710078086467
tacc_OG0001010_OG0	37.0794860221972	37.8582159271609	23.4930493189758	24.8661916378642	34.9075750333989	37.6302249555862
Tace_OG0002631	3.55467800888115	3.60569799494145	8.23138645597885	7.00289533329357	12.5299735684795	6.85869629727615
Taf1_OG0004307	18.8226741219072	28.3644957406764	23.5003027820192	19.5571394406731	36.3570951779768	23.5339383382747
Taf10_OG0008942	49.9054584765654	72.1865064024451	35.3962557106559	51.4294082607258	80.578034436602	48.2641530976392
Taf10b_OG0008943	94.2987145134913	79.1487604330316	66.8093599363162	87.7296386780972	129.490240772372	92.9892594154226
Taf11_OG0009262	22.69849852039	30.4524638057511	19.0591523379589	26.8556295323726	35.8278898874371	22.8086709501703
Taf12_OG0005600	82.9615147019132	85.6844446373183	92.4251486372838	87.7676712496574	115.79862398328	100.260199320281
Taf13_OG0009129	40.7618617797747	56.066654440116	25.8531798562437	38.3926916631197	56.2107041997355	31.3999616364941
TAF1B_OG0002249	13.3027208137084	9.30973797836425	6.64065763194515	11.0115055913709	12.9732456594424	14.0525381001028
TAF1C-like_OG0003003	17.308880096305	10.1171662069545	8.80023215332413	14.0268806630305	18.4446822347217	10.4984752114874
Taf2_OG0010972	18.4170881438977	23.9665741367092	17.2373202986099	20.4392432379091	35.6616571013505	21.3895921096768
Taf3_OG0013283	20.4958020175529	30.0793300678803	21.7593486665833	12.3352207893869	39.6763910308949	16.90036240095
Taf4_OG0010794	28.982199690729	42.3650543285364	33.6933713343817	31.6398334915789	55.2320949842493	32.8642771653147
Taf7_OG0002125	15.6997524342558	14.9441543757226	15.8685582094569	16.3985097547483	21.3681502719179	17.7983496314878
Taf8_OG0007876	21.5409411301656	20.6549023507006	20.1083783055897	20.3526774362949	31.0107251920934	12.9810682473934
Taf9_OG0003160	56.8868357184875	44.2352718359504	43.208987009132	47.8760204955575	67.3715111869007	42.5957844988614
tai_OG0009293	4.17403236890015	5.61121955437574	6.6305461148808	5.9797012638848	7.4943122886614	4.27242700580554
Tailor_OG0002117	28.1603084013552	53.4583030683565	27.5988754268979	37.8361135252484	48.2291999468796	32.5927431044972
Taldo_OG0006847	172.91244651559	187.10869049456	166.828766484585	215.52815785928	151.532490756725	197.389628068751
tamo_OG0006879	17.579059254069	20.9213374695364	16.0187749245094	20.7347255165852	32.2135375857063	21.4756312122139
Tango1_OG0009609	45.62758312249	57.554538675754	48.40037504215	38.9728307127892	60.6422710192312	40.1096196214345
Tango10_OG0008383	12.3431940620031	21.8139402914842	16.1416671724821	25.4620821112196	33.8809546259853	17.1044463088968
Tango11_OG0005951	36.8810698694124	34.7426915038381	30.4389851240216	33.9270135218809	42.639332996276	90.9060477537468
Tango14_OG0009026	38.4384913931338	33.9504738044776	29.2384353411856	38.0522177805031	35.1271447299434	26.5476488883171
Tango2_OG0008266	20.7302081829567	17.6559861171009	12.760545511898	21.2970309381209	28.8903077863554	8.800612410839
Tango4_OG0008481	28.3224331031806	30.2923702171752	24.2962888569859	29.447885396018	37.571105622254	28.1442245993319
Tango5_OG0008044	28.4594961844739	30.1907351039614	27.6368635357458	25.9886822271526	34.5766882010628	24.511724163517
tank_OG0008976	35.1396350726373	28.9740838922834	21.8288977012292	25.4349146952576	40.3876057312837	21.0722632833683
tant_OG0010227	28.6721623785988	35.7281729180997	17.8591662986176	22.9290292611482	44.4780236498308	24.0410455422234
Tao_OG0007436	30.6501430201735	37.45926736742	34.5904744622567	29.1928322199784	51.8266817988847	29.9681749052273
tap_OG0010921	3.19699303538308	4.51145784623808	8.39622306886229	8.6129112144161	14.827162804072	10.315737866857
Tap42_OG0009217	41.1780755967516	54.5368104177094	39.9554412126392	53.8114722076607	55.6330819221006	54.4714472530102
tapas_OG0003048	21.1945598207655	23.9128972920695	17.6621535127208	23.9564992781074	35.1101781549337	24.364169942725
Tapdelta_OG0006234	477.989454302273	521.834880824062	464.212965751744	403.771102870576	494.867634898369	347.7010114005
tara_OG0005427	15.2838116478	11.9337485359473	9.03576717898163	11.448534273399	20.2812027062404	12.6813897572772
Task7_OG0004877	2.00486938151541	2.00058125759326	4.36395088993125	3.50107764924367	7.921960124349	2.54301228484975
Tasp1_OG0010011	16.3713755849746	13.2425336906915	13.26554048324	10.905022982919	16.1047360387593	17.6837324432668
Tat_OG0008225	45.9929704463597	21.8428467592846	10.6332776304871	25.1433068757455	24.4573244527454	36.5475058539623
tau_OG0001475_OG0	4.90010963675173	1.69383016544805	8.51266967597169	3.96846030055736	4.69808926337443	3.53840297249175
tau_OG0011507	1.71668780145681	2.59181355428117	5.2833383618949	19.2549664268931	26.4014797687538	3.71161978478687
tay_OG0008156	28.8322995956051	35.3689862510312	29.9188982710995	28.7166937584134	48.5501227253514	34.8427392646348
Taz_OG0007220	10.1204723944007	10.0055241415276	8.83393223166486	16.5231527036016	12.6946058306087	14.9591173919151
Tbc1d15-17_OG0003351_OG0	22.1008900265601	21.0502004347357	18.8733909461992	23.1552631031964	34.16731429546	19.6734373087066
TBC1D16_OG0009370	4.07432802120589	4.63424653138133	5.67367706655909	7.1289543671812	9.00159905180179	7.18330483847629
TBC1D23_OG0009020	30.8631865097116	23.2801726294837	30.1266541266418	18.5871640322795	27.3979042263132	24.5075012719339
TBC1D5_OG0002446_OG0	22.3213888549552	23.6939445327866	16.427998552496	21.3282706242478	31.0841570169523	17.0174504477963
TBC1d7_OG0005310	13.1688446293918	13.9633917638817	10.8632673794926	11.4759815404714	15.8346652783321	14.318854796583
Tbc1d8-9_OG0002007_OG0	39.7100799094193	35.4429704937669	18.3371774169069	29.9434340257893	51.8331211102828	30.3798651857728
TBCB_OG0007049	72.4669429385721	58.3726630980885	55.7316217105368	58.4473180051762	75.8295722295775	57.1647699106674
TBCC_OG0001795	31.260612660255	26.454243034459	23.9808134056774	27.6352343054747	44.3605984286601	40.840743868712
TBCD_OG0009080	18.3002283822607	27.990766460004	18.4304654548131	19.4305047189544	34.0456945997986	30.7634133120894
Tbp_OG0005958	31.5821487650961	33.0529392884603	24.7574723770224	29.5344506577721	39.1562915655244	32.9718459054932
Tcs1_OG0006618	34.8087292630154	26.3902254322502	16.6330443466079	26.7296651086755	30.1563120965541	23.2827212946361
Tcs3_OG0010752	19.331989032156	18.7280053530481	17.0442046381411	26.5221491368743	26.8933985062611	19.7905169489818
Tcs4_OG0008269	12.9782456084938	18.9802252921464	10.1814798790732	19.8958318381119	24.7336206288799	8.72965630344658
Tcs5_OG0010601	35.6193309382739	32.6842095010723	32.2138346982485	28.4929972685334	31.4245202096099	23.2340830002047
Tctp_OG0000579_OG0	2450.56803423214	2506.30857760527	2963.89853097545	2628.23442304985	3.1297120375529	1030.37009394879
Tdc1_OG0002979_OG0	9.43697254835119	5.25701608306273	3.06126343312861	10.0319443398843	1.10705728638165	4.41652314584366
Tdg_OG0005826	7.31188734659805	23.4069088933245	16.8080734480791	19.5940154934693	16.1826555541314	5.68021096478658
Tdrd3_OG0010857	30.8388705132531	34.9426849027603	27.4940903584914	36.626128483002	51.9188733317197	30.1290645320645
tea_OG0000298_OG1	6.34556403517124	7.57521530616055	7.83491697096974	5.74342414033264	11.6008434437625	4.6857069705702
tef_OG0005921	7.41438237520004	7.45987846964095	6.8855891124922	6.77903084435577	9.53451602729177	8.38652549165473
tefu_OG0001397_OG0	6.25387390983758	11.8546866646765	7.60963053552918	7.86092833024857	10.6852564557096	16.9766403231677
Teh2_OG0010518	1.1880383382925	2.67010863664725	3.09096492018841	3.77737770308722	3.51575570349912	2.18755344394151
Teh4_OG0003344	2.73166720930907	2.20769312970631	4.0039153437093	5.04703717324127	6.3471517583115	1.29620008949571
temp_OG0007768	13.1579344253367	10.8525516392217	15.8013223273546	15.616707563724	13.1483204443144	9.10771808573595
Ten-a_OG0008475	3.30078212879333	6.20430064004896	4.39419211066065	1.70281918823258	4.54825548803449	8.63446220306367
Ten-m_OG0003822	9.9799332441508	12.0829846895978	17.3425251384176	11.5587767141735	20.4095348783065	14.1936479183945
Tep1_OG0000096_OG1	45.1418528761649	53.7633732418943	72.9359594647484	43.355659176764	32.3860607266548	113.729579527752
Tep3_OG0003623	44.3632380345208	31.1981507364238	47.3489545335385	24.9525332140398	23.0336254312596	41.1911590510264
Tep4_OG0000904	110.701751884654	76.4683382693565	68.2464094572475	150.595339191238	117.772383988974	311.448209352306
teq_OG0002055	16.9205497150725	11.4927433482666	4.00570678147329	31.0802768356033	17.6856971348401	24.008707735107
TER94_OG0002881	312.377310451208	406.289258475076	195.618829205209	232.130884116258	362.716316144671	257.498596271582
Tes_OG0005897	22.7196866933671	25.4072510239947	18.2505237238232	17.5231389866385	24.3601278172935	47.8735039736857
Tet_OG0011114	26.3982360230106	66.8650941984455	47.136197517981	25.1330316689215	66.3995195476088	46.4396945559684
tex_OG0002318	20.8298374904266	32.5847746457626	16.9587210384901	24.2155863793629	29.8653289652985	21.7344840301017
TFAM_OG0002386_OG0	40.5892626687862	59.0337316996946	51.9802103731376	60.5533980563693	59.5980386447755	28.6122431953982
TfAP-2_OG0009870	2.0699698519419	13.887198149458	5.27984094934121	6.57561325346862	9.23452440856559	1.75505841878165
Tfb1_OG0006128	70.1610264269321	67.6651343735629	57.8660649483942	69.6742440805556	86.9074873733615	60.9614004038705
Tfb4_OG0009023	17.0980194144585	16.2384029489925	15.6626252426187	14.8457102083791	16.5543623307177	18.3107661104535
Tfb5_OG0003416	36.6510694013032	40.7095442963958	31.7011407758244	38.0976651452134	42.6570685872278	29.5365625118242
tfc_OG0002059	3.84964465378089	4.15746563696282	4.65227316836273	4.06274727297502	3.2695328122803	4.49259284635254
TfIIA-L_OG0005373	33.649856249565	43.9609653780981	27.510563148669	38.679318786989	53.4242849691354	28.7902509223886
TfIIA-S-2_OG0000392_OG1	185.171563353959	187.311586825709	121.67110522383	196.467128491467	178.862633946541	121.538429920154
TfIIB_OG0009371	48.5872066444457	56.4111264782199	40.0346108141642	52.8430594022941	70.5744086733208	43.9315357722813
TfIIEalpha_OG0010029	32.6979608909353	35.6548543188665	26.8599112083502	26.3400681273073	39.578031410303	27.3309301286885
TfIIEbeta_OG0010539	20.3678293875153	31.9204023408578	31.3138875166615	42.1331118070699	61.4846131412892	18.8417694217086
TfIIFalpha_OG0004295	63.1685207509838	85.031141609845	43.0280521858374	69.2397161346934	85.0464759688406	38.9600329331868
TfIIFbeta_OG0004907	33.6487399517967	40.8387931082152	29.4400309790473	37.4689625961374	47.4592717787921	33.3339945468509
TfIIS_OG0008798	87.4373964454214	103.404164466605	82.6040673855123	96.6549218050176	130.476128422196	89.206540053226
Tg_OG0000333_OG0	16.2352097379955	5.14158711110006	25.0081908226721	22.8065579080191	14.6814581225437	13.2698669943741
Tgi_OG0010564	25.2706574029059	20.8890462357383	20.3789420515347	18.8927665569831	26.3957860536018	23.9069628766403
tgo_OG0004856	44.4496781450332	43.7771554558648	37.9776240158696	37.8180371944189	63.3519180771405	36.8071464526594
Tgs1_OG0001445_OG0	24.1929219951195	22.9419877207712	19.8148856853262	14.4421556905378	21.505563968136	20.9745708253957
Tgt_OG0009033	20.1833884621947	13.9857052854195	14.2022434111011	22.9803233188127	15.6154612098193	8.83920798848102
TH1_OG0008193	26.0769575623744	44.3465538558347	29.8159342277927	31.0864735277521	50.52597705099	18.6921519681802
THADA_OG0001762	14.287984686064	10.8722049152922	13.7359470541996	13.9289721310483	17.2538859343298	8.1623864847473
tho2_OG0009079	30.3709153296713	33.0292611359437	24.6469624146482	27.4770706207554	43.6307742617813	26.389070703069
thoc5_OG0006850	21.1481224037894	21.6298311903377	15.9005040129959	20.5142697018952	27.3912956081787	20.7746281415691
thoc6_OG0010827	22.9412099184957	28.5168694696415	19.6817501968624	26.3693083637434	36.6662947714907	26.6948081974492
thoc7_OG0011389	30.1828531361518	49.6445746826391	30.546133536983	49.3143218340308	67.9581329838484	43.2995870275851
Thor_OG0008820	368.011679455548	574.20247771636	230.92310863033	317.117232018445	791.852449632565	626.387865955548
thr_OG0006086	9.73286699398663	9.86496651560702	4.91599236574932	5.88359602108812	11.6480132735514	7.37775762415675
ThrRS_OG0003782	138.31287757816	122.273491352089	118.899677532468	120.259506356644	129.236820761182	130.891722498686
ths_OG0011605	3.16070868125982	6.35643000081121	3.4623622548955	2.59134467048533	6.01022508259989	4.27103897281871
thw_OG0004333	92.4971750041676	23.0444707795857	69.1954572724552	50.3337916037909	37.6264979916515	61.027315278646
Tie_OG0011128	4.68002082631501	3.81019072084935	5.25016329820378	4.22443408554579	5.10213217303425	4.96872169891593
Tif-IA_OG0004141_OG0	7.46721048131168	13.5553906382937	8.63225509025854	9.31309557271073	14.9224747170761	4.6785768331972
Tim10_OG0005956	86.1525781012562	120.457879047977	133.832928466194	147.048548809196	115.012087441985	96.2740912921854
Tim8_OG0000922	61.6533167110584	117.941103218782	74.0673651213165	79.3763750193548	106.350063010091	68.7180424539755
Tim9a_OG0008398	25.5213263798725	40.9161985881461	26.6088117522119	39.521841338193	45.3046343682648	28.7653572260623
Tim9b_OG0007428	25.5057783212281	14.2915457347879	14.0636713108274	22.5020415735025	18.7636815751718	17.4071450096102
timeout_OG0005003	10.5458662024064	6.1360415440512	4.16448737589453	4.78193283929628	5.93515732393651	5.19694330955918
Tina-1_OG0005866	99.3580071734229	153.559198107038	173.508960634113	125.926232405519	163.833830057853	173.395797473374
tinc_OG0005577	3.85171381247743	5.14460002919874	4.00065341178848	3.57692658975555	8.08923856905972	2.93106952363447
tio_OG0009585	11.0318599001933	9.97047884549696	10.2116643002824	11.9884086902678	23.242025062282	8.58589063473672
Tip60_OG0007936	26.2270118575051	23.0050112111446	18.2013365060453	20.7265575854861	35.3800161316127	17.1445766390918
tipE_OG0010521	1.60715814921271	2.05789995773503	3.56689645025066	3.53421056572589	4.66945041771989	2.85722003218628
Tis11_OG0003290	4.24221010337464	6.84504776738814	6.1041972061073	2.99833742561588	4.8195557789339	4.70434428340214
tko_OG0007600	18.8210798440356	25.2564270720138	20.3805565350802	20.0138465893227	18.3898325864127	20.6519935114721
tkv_OG0000108_OG2	52.3037394873037	17.9049226648351	13.4687916431757	15.0555360029084	8.48395890227059	10.1777029241362
tkv_OG0008834	7.27989242119093	10.3477327257999	6.50297691373284	6.70903266470021	15.126543136882	62.2447860771976
Tl_OG0011532	17.3313987860148	25.0899216315188	36.1483561328102	28.211365034466	46.7897743685182	35.5257321286776
tld_OG0004632	11.0939830834279	15.2357793622464	4.51718939798307	4.7133489815904	9.39656353565832	9.04902273547526
Tlk_OG0008142	48.4747160876414	26.2668300983356	42.3752867794788	18.7625150245538	71.6889800671154	49.861331187703
tll_OG0005771	1.46360290365226	2.45924933996253	5.50705014541529	5.87729826967321	7.20772704826666	4.88188831455007
Tm1_OG0002266_OG0	131.753216716173	117.952936011909	159.560226188068	193.262206881218	147.40208273225	57.9266637014092
Tm2_OG0004614	1952.11671147232	2017.6571735709	2325.77978780456	2732.60368125887	1692.2085948518	2712.35352810113
TM4SF_OG0006946	7.42513261030269	4.82780035951418	10.9048426295811	14.5178778047994	11.1408453445333	4.84685405254133
TM9SF2_OG0001893	86.9548352796875	86.0967687489681	103.880342422557	60.09698369153	92.5904336264467	80.8305281361879
TM9SF3_OG0001297	56.5705725040285	59.0325394197952	57.9935805544391	38.569432613558	50.2613237822254	40.9398784261472
TM9SF4_OG0009198	60.7816240602616	49.7340665438725	55.2845960750493	39.4343813651487	60.4761719130077	44.0044410568727
Tmem131_OG0006681	17.559594690092	18.4720354120528	16.8143164759132	14.9738058320658	21.4391859592126	17.6580175566681
Tmem18_OG0011586	25.0341974178571	18.0168235570355	15.3377800170445	15.6441943030019	21.7916849112854	16.4412433568092
TMEM216_OG0004825	11.8408983247825	17.5471335712428	18.6325997179382	14.4153648880329	1.79023347137873	16.4972468756613
Tmem63_OG0007182	35.2222521756541	35.0364416377859	32.7813034887576	30.6719477271381	47.1717703436216	35.2119738721552
Tmhs_OG0011057	23.5451665404447	17.4088999313913	24.4390870364017	18.5985651430485	22.8742858589967	18.5520243684652
tmod_OG0005757	9.40031711139167	7.66858827287683	106.733009382278	88.3201982739662	143.504312169627	103.109469074313
tmod_OG0005758	66.1231853412499	58.6464781724102	61.5486179431139	56.8206253790416	88.5411301143774	89.7135351027604
Tmtc3_OG0006273	33.3432849462025	31.7279470097743	23.3301781327738	24.6542361438904	39.6495688097848	36.1197470501495
tn_OG0002937_OG0	63.5730448901545	41.9721447303199	49.9593786455266	35.6225723684164	61.9605361153344	54.3258397841382
tna_OG0010935	70.8709694338456	131.984226511639	19.7205618348671	25.0507438813143	148.245479243682	97.5773180146356
tnc_OG0001460_OG0	6.01849606634894	31.6661017807022	40.9743297646165	12.1081796325265	26.9648302037032	10.0974322272011
Tnks_OG0005138	14.3466768475517	11.1974773897889	15.4622593392412	12.2150256403959	19.8790335513781	13.5262664962142
Tnpo-SR_OG0008945	11.1536423187296	13.4946141576986	9.50787076333003	12.1562891264704	16.7686008592636	12.3777837689136
Tob_OG0008170	3.58150345255423	5.67784798288359	6.43641285538474	11.36692229348	7.51478737349489	13.6654369647358
toc_OG0003545	11.9908272775557	28.574353605207	6.65454008763893	9.07846307199268	11.626918254307	10.377440465393
toc_OG0008904	2.58240309605758	1.80424828541269	4.26553990912156	2.20825299593787	3.57313760284871	2.75169021540726
toc_OG0011769	1.75437626688912	1.58620842599311	1.68212767070315	1.81631272785056	2.59538878508323	1.21737853156818
toe_OG0004036	4.1516918254851	3.95211785082276	3.5822329608824	2.44355328500809	5.51659635940238	2.15864652998187
tok_OG0004631	11.1720611359836	16.6875143265674	6.84028477137347	7.86742425182419	30.9524023516035	24.5935029400663
Toll-6_OG0009965	1.06635352943902	1.53039849357429	3.76495201408574	1.86504317486457	3.26514746062286	3.28714104884873
Toll-7_OG0001652_OG0	27.461086963821	40.6695341649638	39.3226078549315	22.2381242708694	55.3232969793655	41.1758596930584
Tollo_OG0003874	19.3722452600765	31.6162910169114	22.8734714270829	10.5852837682821	30.8342115433298	29.7318181937966
Tom_OG0010853	105.72344206475	185.416569472681	84.7158391807901	88.6564648081891	206.761875474794	96.7893997533807
Tom20_OG0012411	74.4949832167079	122.944213786645	71.582192298	101.711617592608	109.799200842652	52.8652681899404
Tom40_OG0007963	37.2947850358965	57.6461009018516	52.1433414446552	46.5886932104762	51.1838688950929	36.3688668956758
Tom70_OG0009716	35.7987146010818	32.9104184724992	30.0837126114091	32.423389368681	35.2454618701515	24.1160355062953
Tomosyn_OG0008453	7.4308810294988	7.45535878356982	7.08748004773339	7.77580131114336	10.6855832268482	6.64733761646232
Top1_OG0008339	33.73009608617	43.6378527484249	27.3071591676224	28.4838705980701	52.5767299437673	30.2469463765785
Top2_OG0001226	94.1781681264014	156.89236356008	103.179171442868	109.429766215379	202.013882665698	174.682538462029
Top3alpha_OG0009089	10.9298359345656	14.9697757381569	11.6977349354361	12.9805946055462	20.2333319178061	9.55951261426069
Top3Î²_OG0003319_OG0	39.2521522926382	41.6485450951019	31.3824994758552	47.6515465285396	68.4538076630821	37.8184732739844
Topors_OG0001142_OG0	18.8693965289052	16.0291317241516	14.9774540840137	6.28965195283897	23.8917449213512	18.3114943213457
Tor_OG0003788	18.4696962007227	26.3511240682574	17.8412798190561	20.1535140542871	29.1661933171324	27.5882136037107
TORIP_OG0010400	53.1500034695725	53.2973452772377	40.4537568945538	31.4044227017332	59.0238120391949	40.1624063449877
Torsin_OG0001719	71.9237226982923	86.7271126790926	49.9626561709356	56.3408611493437	41.659246585533	74.1668731268535
tos_OG0009514	4.78520457161839	6.27656907939776	3.579525353458	5.95837669060783	7.37916364484296	4.8551612121434
tou_OG0006556	24.0592819260442	39.6790533381513	26.1824883766641	27.3107989036206	63.9357333229652	45.1072972639756
tow_OG0010276	3.00272177645289	3.66698021409412	5.64654449778779	5.56245816832425	6.94242701166366	3.38215766641689
Tpc1_OG0005469	25.5043680500873	22.4244922974437	21.2363461151027	18.4246726113893	25.5654071552189	19.4123779524603
Tpi_OG0005732	877.314654227011	1027.17332384072	1182.69905006501	863.90065907575	447.865305114556	1378.8782204634
TpnC25D_OG0008835	275.633917137809	1256.39115532689	1446.87762175757	732.693561757238	260.693411963205	979.08035172009
TppII_OG0006547	90.643244823631	94.9838253149502	55.723435088954	64.8647999772409	131.181812965012	72.9728696737576
tpr_OG0005947	3.39643481676511	14.4376706034131	4.14669104014801	7.27160533943781	6.9331614981676	7.49895388948628
Tpr2_OG0003536_OG0	42.2564890539649	47.6834060527522	3.25140894296401	11.1611153653226	21.7377296867473	57.324966480846
Tps1_OG0003559	14.956538712648	16.9971474176301	14.8599492682033	20.7726630926477	8.16789648465346	18.2067561766171
Tpst_OG0008634	2.99010751196905	3.88967079009902	2.04975224990499	2.2387315284187	6.00217952147371	2.2623670665067
tra_OG0010727	27.5056769356213	21.3744382606091	21.7335538084829	25.5868375098545	51.4142742964795	15.1906491812703
tra2_OG0011582	12.4404796496542	30.2936898179589	9.67085097933597	26.7914975256239	43.3880307053448	16.5343387829446
Traf4_OG0009009	2.5856244532299	3.67925580922235	3.60273017482344	3.56970648205758	5.98361176086507	3.74727647917482
Traf6_OG0008302	24.5564767271283	20.854249858894	18.1098425990559	17.4953154134865	32.3895258304238	18.6234834861948
tral_OG0009946	85.1037667482363	107.695923873892	86.0778468288648	81.7674982362607	138.678030510755	93.0551065816044
Trap1_OG0001638_OG0	46.9431419587088	41.6364403181304	42.7049335899918	51.6353180068319	15.5702529180303	51.4269253473858
Trax_OG0005255	48.8475770459857	52.7873934859877	39.3948896074694	47.7807471179348	70.3489592601051	18.9027871654777
trbd_OG0002232_OG0	17.1449550411959	17.6891671670434	15.0259946448752	12.5092011826017	22.0016033601308	15.7786463116569
trbl_OG0010372	14.4917784799091	14.1521425932046	14.1442299813341	15.883801498318	23.2669472260397	13.5168150989624
trc_OG0003966	33.7459556306819	44.699346703309	32.2112772246286	31.4310667282817	51.3620708327928	32.043487958047
Trc8_OG0005112	42.2667428257009	30.4880363999468	24.7077719666667	22.2194313028511	31.7805268416281	24.4962872518329
Tre1_OG0007366	16.05906017127	17.4552060667134	12.4706278119332	20.3851767000945	30.3269973634336	21.4215499339025
Treh_OG0001583_OG0	58.2445478887887	42.0996024954359	48.2421240202139	44.1697191520023	2.46657732151612	71.07048174947
Trf_OG0009782	20.372492062191	15.595146441233	14.891115197763	12.8099879734608	19.0940339623556	13.439576299518
Trf2_OG0003261	11.7101487760609	34.9057769854662	13.8840119172965	19.1384193041808	21.3036017355651	6.36997224882698
Trf4-1_OG0007414	29.313873490746	49.8042407066154	26.5950410245025	35.8608502122556	53.611742379562	28.7072597076595
Trh_OG0011324	4.07538938262892	1.40377113051268	7.57532927483434	4.01503138667151	3.00638922297787	4.30844513795685
trh_OG0011369	2.76739143180084	8.75496525463753	5.53923971693641	5.24916842800114	9.08958164535908	4.40618206986421
trio_OG0004124	5.1035818569993	6.15979653413799	4.90224497269262	5.37371445872445	7.47411058553104	7.83157745865151
trio_OG0011330	10.1950587809252	15.0625575506184	12.382549643793	8.97373674364542	17.2945697539418	13.1544254601735
Trm1_OG0009745	27.9980326705184	27.9295989114811	19.6583227186649	28.461688669079	31.7465458492671	27.1590743403193
Trm7-32_OG0002375	24.0727985125405	28.8663433359369	22.2280826751104	24.6581120981802	35.2592790061926	18.2940874259055
Trm7-34_OG0004397	8.01322695600136	18.3032581386486	8.41723421374345	12.1587235374591	10.698839704175	20.1468703007975
Trmt112_OG0010313	28.7171103405427	24.4816908394721	25.7341331213789	28.2578002865203	26.7308633993151	22.6878616728007
trn_OG0010153	54.9771126154819	75.0624306306607	55.3405197533619	43.849597700359	65.7305594286905	44.3611695408033
trpl_OG0002885_OG0	5.61741676166668	2.65128887197678	4.28366993144778	4.20669829943	6.28506368625348	10.9252846264714
Trpm_OG0006835	2.8251612393316	2.7157426617945	3.04609439905003	3.14894321175414	4.13644438126669	3.49324163921058
TrpRS_OG0004871	36.0282407852871	44.1328367361118	36.1415302398894	39.7924970058069	43.3609495100433	32.257590317885
TrpRS-m_OG0000987_OG0	12.4529823003883	14.8031866669416	8.7229369162604	10.9179393798588	10.5968322533494	11.3776391450579
trr_OG0007638	17.4673887463431	17.8445958572453	16.3455932215268	16.1982568614084	28.90466114917	16.1623594504054
Trs20_OG0010790	34.4188132118276	27.4998586371358	24.4119890259314	23.6859828857311	27.549227268773	24.0195825955825
Trs23_OG0009807	15.6793340871754	21.7763747108684	18.6988605710731	21.3006471125221	24.2033213118942	25.3485360025725
Trs31_OG0006162	27.3419713641811	32.9494112673071	19.1524335711033	40.5896952772713	53.0853265226563	22.2535793271405
Trs33_OG0005258	12.1876296993541	12.0377368172244	12.0936075190175	14.9587966372126	18.8972897551072	18.4645146587443
trsn_OG0006311	70.3220162573715	62.9877364389907	61.7684926447482	58.6017197388014	68.0755322746727	39.757354229059
trx_OG0004545	6.56669259632681	20.1726605516829	14.3989048145396	7.48979414559313	14.1563338890289	25.0789206561661
Trx-2_OG0009271	126.566142974423	90.5167713111283	88.8372679200042	127.638109398185	99.6239072819517	150.970350675601
Ts_OG0008925	55.2101218213827	65.0960776626648	65.6889688922867	58.7835502191587	61.8856100369376	78.2125051622562
Tsc1_OG0005316	26.420792169144	28.8293468063206	26.339604296967	26.5198208799126	33.2125470872989	30.874537154008
Tsen2_OG0012680	13.764948809993	5.42413396316452	6.46957117311453	7.51552348567854	8.65041335944281	4.58214473872497
Tsf1_OG0008654	1852.47505910352	488.154220809319	439.575458857441	733.766559885146	329.923796216313	750.155696845769
Tsf2_OG0009942	82.136311091696	74.8269995600498	78.3748838516874	54.1312553934718	85.4347233953413	76.8253007320667
Tsf3_OG0006114	13.5888462327412	7.51430796280022	15.1036012698777	10.8833329059704	13.0006252255445	44.925074733304
TSG101_OG0010706	63.8714466088958	83.1440468143372	43.1160038880912	59.4000961811416	88.939278618719	52.2545447312766
tsh_OG0009581	22.0964584853889	29.5869682737839	18.735481880559	25.2903449477982	43.5544369280801	23.6979120187539
tsl_OG0001412_OG0	12.5343750556738	28.9718168393356	20.2310896699942	25.8339230896901	30.9825956677619	14.4530236397055
Tsp_OG0000974	6.8342608567195	5.02038402412997	4.54579541344379	11.5218799597065	7.42307506240903	5.10155740001745
Tsp26A_OG0005845	13.1919868149726	10.5001501826738	6.80730818822547	9.7334770941684	16.6511074467152	11.9974054434823
Tsp29Fa_OG0009801	15.4310755753127	2.98502227561965	10.1804247717667	16.0802224275746	11.5805148318018	1.16545330906461
Tsp29Fb_OG0003800	31.1036080908669	12.3941971926898	26.7490991167683	30.3579208304631	18.52557167709	7.90860207944126
Tsp42Ea_OG0002968_OG0	35.9537668302516	4.75344419079988	141.058545344647	35.0077430003375	55.0208388628994	38.1711903953478
Tsp42Ed_OG0002966	6.96755317895029	4.3876735463552	9.68482346275177	14.3569120449028	7.38033206680161	75.7010052079341
Tsp42Ef_OG0002965	50.7293610249932	32.6935118948744	41.6352608102002	40.255870743531	36.4282497855762	35.1110447676543
Tsp42Eg_OG0006776	13.6532323718869	11.8215418155037	18.1845483044214	7.72476252837023	6.40550037855844	10.2844426487562
Tsp42Eh_OG0006775	16.9834202007293	38.2764496190989	24.8349788412745	26.4773612927691	16.8332602176178	33.311013614126
Tsp42Ei_OG0006774	47.5390741850613	28.5518573966461	43.4251777755437	22.8853245155357	21.1098337134748	22.6740644861999
Tsp42Ej_OG0006773	2.44658223563491	2.87829703282056	6.50299626584223	4.65506879432519	3.44909244809847	2.00519629111718
Tsp42El_OG0000772	101.92434556794	35.8799279252738	43.9527009787402	51.5652458269079	38.9762622469431	47.2451125248061
Tsp42En_OG0006771	1.23215059103092	6.64100975931515	2.24974573029263	7.27595735031367	2.75640086168709	7.13336642774224
Tsp42Eo_OG0006770	21.6323149929089	17.6579319709602	9.06911181701236	8.7518467472785	8.70307403553094	14.1254057775492
Tsp42Ep_OG0006769	10.3302436603508	19.6069924882878	6.16326696334804	14.1539563094742	9.68133280971344	16.3023965953263
Tsp47F_OG0006236	2.49638108315924	2.33198502899625	2.85200663987327	3.27694339338302	1.68816215463757	1.9697906083316
Tsp66E_OG0011216	13.5906892074452	8.68551582455327	7.4168021019496	8.74926815869168	12.8516663620814	8.99069684599299
Tsp74F_OG0010118	20.2536136989925	9.63682003239896	7.3196477911943	5.92082891776779	9.54945858611829	40.0255611532895
Tsp86D_OG0002553	25.6876946577221	33.5934507556161	20.6199153937898	17.3690345222236	26.9222404093023	33.3420487361115
Tsp96F_OG0005683	2.49711810429884	5.54491809809385	6.62771128983879	2.91435835253199	5.8287398656071	5.62201586634284
Tsp97E_OG0005636	17.4106260119891	19.0651862614693	19.4975494006283	13.9088574572351	26.7909231292975	13.9808379948771
Tspo_OG0008763	319.651373890081	314.782165037594	212.988874396248	351.094081039644	356.837081081975	228.697439315494
tsr_OG0006868	576.72235199495	604.461347820508	460.271639276856	549.634026726944	577.400559629794	515.362576766493
Tsr1_OG0010298	37.9009500365518	51.6935492941695	38.3567246433758	43.0985097584739	47.0305069451913	34.8164054749608
tst_OG0002568_OG0	23.7518908533638	20.2266192084351	13.6681506532096	22.7340030130381	32.6558180898125	19.6337798086748
tsu_OG0006395	141.786121817203	132.663554176343	105.180536417375	139.98334850439	167.711004627564	96.7907861424622
Ttc19_OG0009539	12.0608802481918	17.3877302100939	19.0785503272166	14.3870378945426	14.2894682148996	28.7775339261259
Ttc7_OG0007312	16.8361551407718	12.1304540599124	17.2207012527375	12.8243362960326	16.3978734920157	9.78265865309105
Ttd14_OG0002950	20.8408112568846	17.1011933046339	20.7666701875636	18.2440088552544	16.7027672253887	19.4287885981535
tth_OG0008267	44.9364210592499	43.6173465591505	31.2706321248909	38.2565749373241	58.0244285647174	34.5664655869551
Tti1_OG0004560	8.80098389974222	9.13251140302254	9.4361238436973	10.6786281309221	12.687306195062	8.17865023058784
TTLL12_OG0002864	50.451208217601	34.0151032937985	29.9746430447919	47.6906645137795	61.4047914142138	41.8747165379276
TTLL15_OG0001430	7.8746553106096	4.40562930980723	7.00914326051742	3.18427083631803	6.35216061763369	4.0919748413177
TTLL4A_OG0009659	8.40875589320343	8.18875295230188	6.85606806524431	9.19079632643934	10.3164270362556	7.7887170148481
TTLL4B_OG0008779	12.7086303388549	10.785887961389	7.10602990771327	7.48248447101297	15.9901418998482	10.1198436236509
TTLL5_OG0005179	18.2987978945719	16.4128068001953	11.656115985228	14.8892939751062	23.6614861713216	15.8640354796744
ttm50_OG0008100	39.9498598242413	48.363420557436	36.5662166932913	54.3834356248155	44.8007077865821	55.6760077151604
ttv_OG0006140	13.137935285897	13.3800391627464	13.6908414253644	10.3251460928837	21.5312475228327	15.1408579794764
ttv_OG0006144	3.50531168308732	14.87029903368	5.73159892474045	8.53513869340933	4.801852180625	6.79644108065497
tty_OG0007486	4.77063567143771	6.39318930020164	8.9004070243138	10.1419220351553	15.4984781707848	5.35333448510477
tub_OG0007331	35.9449583492829	42.8638424949477	17.4677263467226	32.1011042069926	45.3255525063328	53.4867332446533
tud_OG0003005	73.894606725453	113.059219421428	74.1980612943271	44.6889732571071	66.2835499739217	114.673848436839
Tudor-SN_OG0011392	211.861484765994	211.759871369911	188.160698700335	193.693400010884	239.574359932239	175.439104773075
tum_OG0007301	59.4350579547074	52.9438554340268	50.0451453329062	50.5568753964918	50.7237512830283	52.9295413154143
tun_OG0011627	6.25484071498608	6.41431760222663	3.13364933105992	5.51886105580255	7.39254027235467	4.27340327057558
Tusp_OG0005353	1.51888890434506	1.52292543752192	2.31324374888488	2.18469611932464	4.01173082894697	1.45829092400638
tutl_OG0003386	4.45642232811531	5.82107049993944	6.11734718226976	4.020030714878	5.0199436104636	5.09111215241911
tw_OG0010144	45.8999958419233	35.1231603323942	38.2516138684938	30.0565979052996	41.9846726137153	12.5069482967003
Twdlalpha_OG0008541	7.265769887648	37.434291315192	199.45174804354	126.889391399185	24.4079147006577	160.486306803326
TwdlÎ²_OG0000256_OG0	15.3817198051835	10.9061805068448	3.2365312557804	3.83571616030626	8.19927757811449	3.99445594601182
TwdlÎ²_OG0000256_OG1	47.3679430503717	31.9671244874318	18.6194675034651	32.2205568913409	40.6351621389013	55.3129436764078
twe_OG0009136	3.73849594783446	4.09455807065175	1.08093041244879	5.67471183141089	7.4408622943642	2.5299068681828
tweek_OG0009458	1.70846318945436	9.27627594422478	8.80451011042113	2.9539812587374	5.54321691242094	8.41597786767903
tweek_OG0009459	18.2398772272254	29.837814655696	22.4937250257589	16.2579183037055	31.3609472002277	21.6627495514089
twf_OG0004533	42.6147927141055	39.8650876016553	33.2076203800948	43.6973059677178	47.7835600652676	34.8014917689371
twi_OG0005986	8.44127345232392	13.8704995650372	7.75605199525045	8.7384894180834	15.0046580243426	6.0880446148385
twin_OG0005301	10.6800172636231	13.6356376962385	15.7521282337734	32.8413072656365	49.6257392882143	10.4985481940315
twin_OG0011504	19.724673430563	20.6773711658884	22.298814220543	13.7690857494135	31.0649155737357	12.8618262780816
twr_OG0004309	223.177699414785	208.619644145376	171.474067582427	134.166592562235	152.392414623736	103.858865682946
tws_OG0002248	15.7368014511487	21.9800401966804	13.9310904817108	16.7170952881923	28.1748910266837	17.1661528173046
twz_OG0006905	20.7786757754332	33.3633844554221	12.9047623143351	14.3814809943095	43.0858714928916	9.77802561180784
Txl_OG0010201	267.628513118927	202.887090219371	124.420717341783	185.362773188478	297.824037464813	220.609007096167
tyf_OG0007935	17.969178266934	32.562940287629	25.952179738683	18.71150150115	21.9550124878933	31.0003452133413
tyn_OG0007853	37.5846574566296	34.0718249447675	37.2525035022684	38.2023024469737	77.2050600759768	13.1910052222548
TyrRS_OG0004016	87.1862994594989	98.0958451579348	88.4715995682988	101.260196322602	121.655217445171	85.0356139073812
TyrRS-m_OG0006050	14.4227714795178	15.7833208175638	12.0342206309159	11.7799244489624	11.520021480186	15.6206382986458
tzn_OG0010343	52.8335810019516	66.1278639168843	43.9507692276309	55.4250513691466	67.5287265325893	48.718519459117
U2A_OG0006718	43.8179025622828	46.6222557568328	32.2588355992969	51.2242119769714	62.7202691138483	51.0375842369775
U2af38_OG0008743	96.3080388673435	79.9827694550934	79.7128684797525	95.6306213114176	121.038542164468	99.9822911605879
U2af50_OG0003245	72.132840850804	86.1648338562891	59.0498136646538	77.4051838108361	123.050584496373	69.7338447166959
U3-55K_OG0006174	19.5212848684442	18.3904732332435	14.8740243170278	20.1826411017942	17.3953579494658	15.8130986386497
U4-U6-60K_OG0010093	27.1053556573871	27.1099144087953	23.9809451281237	28.6205261326	42.7988193706053	25.4270668545471
Uba1_OG0006346	294.59469079528	259.649459261394	190.21157787454	224.389291173567	347.364904467983	242.750932944004
Uba2_OG0010550	115.553746138701	147.904308790098	95.0490677128997	139.322604765547	215.784043475668	117.758661727156
Uba3_OG0007302	30.5042200593072	37.2807884385893	26.143656674359	35.5452274653153	41.7640207655439	50.3574715709487
Uba4_OG0001955	25.1197283431988	22.3149250456238	20.2598708909951	23.306712585825	34.553221952223	49.9426968315485
Ubc10_OG0001563_OG1	203.469969125918	212.768923794124	160.033564936094	182.827196221019	329.540686524993	210.946270138592
Ubc2_OG0009638	87.4783296268947	110.052984464728	78.9974636501198	85.4895487949722	127.1305193761	73.662099432359
Ubc4_OG0010997	73.8157301439167	71.8405950991336	60.8986210146871	59.1458149653069	83.0654655377083	50.8047188454239
Ubc6_OG0011422	83.302387538844	70.8869900565426	43.3982351535832	43.167327016685	53.8173669006396	67.098583542743
Ubc7_OG0008548	65.8272507161543	55.561395929104	72.9593116882013	52.5178415771604	78.2431632839344	77.2183267781697
UbcE2H_OG0008286	98.6640807317981	120.197715156408	87.5346903676744	107.803158258706	175.311648420897	147.026341572962
UbcE2M_OG0011155	87.7714988954574	96.3404621327355	86.2580178515653	78.7580188607916	114.891565425853	82.5220987287099
Ube3a_OG0010056	55.0900686390616	37.9419011722227	27.8438571760168	34.2725147628852	60.5539219019882	41.2430227882098
Ube4A_OG0009611	17.0682960842963	22.5804266285207	15.9233779048229	18.6265033945235	19.9631607361762	19.5301396176822
Ube4B_OG0009766	62.5260615452447	92.8770714788957	31.4700171461339	65.1567684142379	126.480479966147	48.7719599773184
ubl_OG0012301	56.9264846330598	51.6317623709477	39.9601624431318	53.9382968974441	65.8346540820736	64.6982151640937
UBL3_OG0011710	34.883943379192	45.967071686308	27.6250005283154	34.7777702570473	52.17157983776	32.2741769696035
Ublcp1_OG0004681	57.7440080541172	57.9830933537814	31.8880392227897	43.667831222909	66.9302541276548	41.81935498437
Ubqn_OG0007418	104.035123382251	99.2533978946272	88.7822460359093	88.3513600830074	133.474897625008	109.639563637507
Ubr1_OG0008582	26.1527580371888	36.0708557830495	16.647917096809	28.0117070869473	58.3787992746858	24.2092662165171
Ubr3_OG0007942	24.2798809828478	37.5849912805722	30.5503914461278	21.8378745620966	36.1795735382014	36.449049376566
Ubr3_OG0007943	13.7415063320131	13.334061599316	15.6042832209012	7.01544231459597	14.4301563373106	17.1715980183411
Uch_OG0001828	273.316998291818	264.462045471893	98.0369503385856	223.49781480631	345.929604480767	94.4939528016312
Uch-L5_OG0011014	183.021522285717	168.99418358648	106.195937074889	101.560806227938	169.741191471556	117.138984368363
Uck_OG0005291	24.5872121045829	16.5371230769654	13.5684700043289	20.3211561796408	28.2767354132135	13.8224252859709
Ucp4A_OG0007686	17.1241688889544	15.3105662566657	15.0755264456765	17.1156177520461	19.7151716284442	12.4786887607032
Ude_OG0004638	25.8756642096322	23.9297623575159	83.3509769247634	44.0408761678348	45.4975281123457	55.2378746888359
udt_OG0005524	141.465771387065	105.723055314526	104.05892317364	67.1096157376758	133.061490032963	127.934509834025
Uev1A_OG0003991	62.7193530696448	63.8813225854137	58.1050661197488	57.5232972283806	72.4080352911387	53.4436463991206
Ufc1_OG0006682	47.6813997621514	68.1080235436445	63.1063343645263	58.9456942463721	62.6556730772574	83.8930444138777
Ufd1_OG0010068	146.474969960967	111.710064046476	87.2960502638024	91.6679474085603	115.09539688423	68.1921378893953
Ufd4_OG0008852	34.2788658167908	64.3760746278745	44.1565212654765	46.7202662044983	79.7056925270331	68.6594116385028
Ufl1_OG0004315	27.4372665023109	35.9683908498316	31.3500309740713	29.1229818697115	38.5884657992698	30.2546934792856
Ugalt_OG0001732	34.8124204248956	33.9834713467659	27.156367429218	22.6606250507353	33.2577366752773	12.3199657729574
Uggt_OG0001972	68.6975264111548	66.3492872400493	58.4115575221442	46.8886943114778	81.4270569826482	52.0736637446191
UGP_OG0011247	89.9719662004667	103.858365540222	172.462891406374	105.07535910038	65.3041289866553	121.798414697294
Ugt301D1_OG0009504	66.17899470649	57.9190586449248	10.5718807545555	47.8587666879615	92.6129096581634	60.3464822146207
Ugt302C1_OG0000227_OG0	6.41121063823595	1.60866399495144	1.32688916973697	2.06821444288735	17.4521219717566	14.9675141004398
Ugt302C1_OG0000227_OG1	30.9804194866144	35.7431347006188	48.6869236359898	52.7005985839793	49.2314923640029	32.7394086619323
Ugt316A1_OG0003858_OG0	29.6928699317904	36.5039082835283	27.9022317606177	22.8690383173154	44.2994073129741	11.35908921483
Ugt317A1_OG0007005	5.06978305865876	10.5285435291875	9.67172391243474	11.3738938273938	20.5594349289941	13.7728798768848
Ugt35A1_OG0005462	8.92240184423964	20.1042157262413	6.93839914701844	8.02720309610795	4.83761664405835	12.1764025116319
Ugt35C1_OG0000464_OG0	1.21405266324708	20.5608496516838	1.43265783573628	3.69754664275025	5.15877857078178	10.6553430232605
Ugt36A1_OG0001871_OG0	4.42646388388194	7.66940055643913	3.45649487319064	6.14476559909373	9.11623352629335	6.31349230767076
Ugt36D1_OG0009527	69.4695475933325	18.4636639720613	2.0896940416577	13.4074455687847	52.4910160355783	56.2064808808035
Ugt37C1_OG0000137_OG1	15.4519603062856	2.73344054566449	34.8614107759452	6.0046231697772	3.74690873759889	5.45039203360768
Ugt37D1_OG0001853	38.9157343253776	11.5013556003601	77.5199373661447	44.1040615155723	13.4152802627109	26.9443434330966
uif_OG0009629	61.3815938987334	35.2576683495179	51.6083884576948	37.5832162910886	65.8056900379508	49.6457002005536
UK114_OG0008807	21.135631669257	35.2942594700127	14.1698178898398	51.7477011622341	23.6278116979846	34.9555608891968
Ulp1_OG0000197_OG0	31.0139079786012	54.1975583124998	47.2983414411814	40.1142633932695	23.4345156138912	1.18063595043158
unc-104_OG0002901_OG0	2.99252464467887	8.3838120375474	12.8074392977297	8.21422325876288	13.5728935519546	12.6880535693991
Unc-115b_OG0001386_OG0	51.9953558159772	3.81899451390464	72.7972761543401	30.5683830448126	68.2133922543237	55.6463785235336
unc-119_OG0007976	23.9962308811117	27.1676202193376	17.3802751883369	23.360581680082	49.9906430427072	14.0205134000357
unc-13_OG0012416	1.78203153474672	4.89846645629253	3.04832188639292	5.63708864784323	7.68547485134227	2.31358997652875
unc-4_OG0007690	2.3054553636873	3.03658428160429	1.66660735329383	1.5123227123493	3.20063264666724	1.80377182025804
unc-45_OG0002291_OG0	20.1295190336074	25.578202231071	27.6853608631493	21.6317686858446	26.7305677865069	19.7793108461887
unc-5_OG0006829	6.74790515353693	7.70387851771178	6.64932420566468	5.49895230391289	10.4807246919456	6.91958196939941
Unc-76_OG0007798	27.0573880594336	6.21367802475762	37.4652331615371	38.7391975237679	58.7695979663599	37.2710296511373
Unc-89_OG0006860	58.8075565493326	73.3313575448502	112.7733904672	100.276908383865	48.1776476343063	100.431042793459
unc79_OG0001024_OG0	1.0807077729807	1.52651798287033	2.98471691253576	2.01607183340982	2.9969988465424	1.55239058576194
unc80_OG0005349	1.62528826292219	1.43802519588771	3.55269198119968	2.91876630469407	2.6232750742603	1.95474210336593
und_OG0009261	173.317928023595	172.209593199864	181.678170497434	186.530442147581	264.139210573755	195.422539718225
unk_OG0004671	11.04329197425	14.6950954553901	12.2877126741272	11.7009711544716	24.9524244812142	16.8649065163783
uno_OG0007183	10.479062309382	10.1268927512205	12.4274006865672	10.4636799068228	11.1647788889647	18.6273352508141
up-PP_OG0008633	1104.78583309698	1269.20689840479	1339.18556550527	1636.66421103657	971.432372783159	1823.93649450367
upd1_OG0008649	4.10049072232083	2.57877950819727	2.88682507773154	3.37945821429709	4.16891907571808	2.56351230474469
Upf1_OG0008203	32.9615464386146	30.2556177288226	28.8510866798047	26.9510400774777	42.1005210558222	34.6723643677664
Upf2_OG0008282	19.6690731225821	23.3186147127254	20.5361682368521	13.7445426167493	24.8487828996058	19.5902352866792
Upf3_OG0006942	27.1363117126376	35.375102798514	21.8889109854901	26.7397290480871	32.3881648942828	17.2772306257909
upSET_OG0010894	8.8684014406686	21.218240282422	21.1721154072486	11.6430330812435	14.7453335519388	25.4294501959705
UQCR-11_OG0013243	83.0283127133327	115.343756908462	45.6448859619355	129.234162234963	119.604904915076	27.5636385647153
UQCR-14L_OG0000416_OG1	264.559743796786	507.675588196538	583.416055851027	408.265430681697	218.22857385626	489.728311406087
UQCR-C1_OG0004586	340.122400870868	453.542017993108	618.368222430782	559.393420900276	298.888148261015	538.983040594103
UQCR-C2_OG0010730	233.295922032943	425.516379586146	479.438149519096	448.633618796072	260.870425156536	408.291993819893
UQCR-Q_OG0010088	171.581842900444	172.02988479896	184.093897431296	617.460544675742	281.590100317416	190.58227375349
uri_OG0006020	13.3811641275425	15.2734841965686	14.2611642248331	13.5417939683856	17.8252775735329	15.8344833812184
Urod_OG0002888	84.8670790798075	69.104198360227	65.1569960747711	57.1238908808722	80.4827046217258	72.6197450467197
Uros1_OG0007753	12.9060620338636	11.3562031506918	18.1452714390628	24.4082217821428	34.78894775817	41.9976808525413
Use1_OG0011240	19.3699818545106	17.5096583464777	9.98450092907224	15.4876162293001	23.8016255965916	11.7156824052794
Usf_OG0007923	10.3360810409462	21.8171619711461	13.4866671527222	13.2358591137906	19.1633203779796	14.8997856470869
usp_OG0007624	60.541985795466	61.7266818290682	50.9166331817442	54.2253292772635	79.0945474982757	47.4271635853847
Usp1_OG0005105	19.357960612233	20.5435452089842	19.764116617339	14.8785949333477	24.914484124033	16.5575439153311
Usp10_OG0011336	15.0437986172468	15.2994759722365	9.19121736260004	10.8358164039252	12.4608845648107	19.2813601817134
Usp10_OG0011338	15.2882725536532	23.1661811324413	19.424517171795	14.680045424942	16.7056977374195	35.5031530612628
Usp12-46_OG0004693	27.4805500551876	20.3119419698427	19.148754785831	25.7861421307678	39.2611779948524	29.6969252186131
Usp14_OG0009388	212.658853186995	158.490010334634	111.461675711292	128.040616597687	201.10552092862	113.078499805822
Usp15-31_OG0006043	7.35769226334896	12.2052028976953	6.63497065315095	6.27361921854949	8.79726073238045	5.49625544210879
Usp16-45_OG0007381	38.6031839333482	31.2105654284612	34.9808299336879	37.0398545180496	70.609030187652	41.9145691975379
Usp2_OG0008695	17.9526563821612	20.1686467807315	24.1278004580572	20.9779472258016	22.0951235420557	16.2938121365442
Usp20-33_OG0006526	14.5410342000671	14.4679717064768	11.7789469667137	14.2825370065917	21.172692432486	11.2139883369376
Usp30_OG0008417	28.6271671614417	34.1802849117175	29.992994454326	31.4320708366259	34.1376285697925	28.7002200492284
Usp32_OG0010391	7.68813982587106	8.20369572005941	7.46909359295178	6.12294871820534	10.282653097048	7.10794210676774
Usp39_OG0008686	22.2553865911155	32.9487419976884	20.9402711951935	23.7992695339173	40.4343944431926	27.8654475277149
Usp47_OG0010199	107.788002403397	98.9318519465588	87.3407549599105	110.655585613168	132.57109738046	111.637271008258
Usp5_OG0010642	103.737734351282	84.3441448222057	74.8110566089428	88.351265962312	119.427947664504	80.9765414312824
Usp7_OG0008480	55.5832700916836	76.2403006844121	55.0579775857078	53.8470491842248	94.137220866235	76.8809386348914
Usp8_OG0004396	18.366176219582	17.3181827069486	15.923347402392	13.5884997489533	24.5874721805112	22.8319161350862
Utx_OG0008851	14.3805058272807	17.4622848082266	26.2167211926537	14.8433018848145	29.4396387981661	16.5068627474029
Uvrag_OG0009223	20.7782518839222	16.7392725155788	14.8688137137273	16.8949868016499	27.7109638395733	17.612482099465
Uxs_OG0011150	14.0304188367107	14.6261886251761	11.6352863935795	12.4409422961935	14.9900173364758	14.2963171301475
Uxt_OG0008805	15.8620775584265	19.5830079328656	11.6146894717075	16.1670950728033	21.6678940517744	16.0335559420164
uzip_OG0005853	107.24510353024	54.300952373855	135.176715053674	86.7544710462608	98.2319846518924	92.0842626682257
v_OG0008030	2.12476872975992	7.01918641125932	6.85405358374558	8.93543286828815	7.37760311976847	3.8833791446049
VAChT_OG0004450	1.07801993651997	4.56017777197968	5.61015122044571	2.73519723115084	3.17034979486869	5.66932554352699
Vago_OG0008022	4.98742949742247	12.3483703527283	8.64646098590864	15.5035889708591	11.866552641799	47.534062899679
Vajk2_OG0012154	1612.77183586548	1621.52504362477	2682.18688733491	2131.91125150462	1044.67834099731	1690.55895579434
Vajk3_OG0003656_OG0	604.698314419168	467.686751421722	782.32933583542	686.467996771781	241.112117114006	455.562651147202
ValRS_OG0007240	49.628671986887	51.1700093613119	65.5040346858045	55.84731395337	59.899650084306	61.511989863635
Vamp7_OG0006336	90.6378332256946	92.0347843874401	62.0941316147104	71.5086566701692	129.565669255562	80.1169205374986
Vang_OG0006397	43.9526727778279	59.9880523969586	37.5638574115603	36.2984972115097	66.1391765402839	39.3756089474023
vap_OG0008168	34.5626307983195	46.6125632755538	40.3495806795803	41.1755752301954	56.4552612116989	27.0547842024691
Vap33_OG0003300	55.2453104481073	96.5886799007984	66.3134854599798	48.603849162255	74.7440957807856	52.996965674896
vari_OG0009438	36.6471514882535	29.2465206506416	26.8166499097311	26.4411737625657	50.2034245396961	18.27602293896
Vav_OG0007455	15.9041875860576	18.4203825773433	12.6910888596752	16.6671862893039	21.81581148933	14.9722776048315
Vav_OG0007457	2.77751175028406	4.32371580247004	3.65116482101189	3.73240337596882	5.07258273931203	3.28655626488176
Vdup1_OG0011380	125.84970053337	193.288730355707	100.81582603961	128.080402006881	220.348634237719	162.251663280176
veil_OG0005893	36.025416183607	64.0765679062233	32.0274332974394	8.55293036474283	62.1556632126626	22.9715009179745
veli_OG0005186	49.2778425943238	45.8371091667051	38.2370354651219	50.315979426786	62.7924852667317	28.1500426312489
velo_OG0010269	41.8771072840386	44.1533955072977	38.1122511339569	38.8077916619843	65.4506999930584	43.8364263967073
ver_OG0012886	4.53543153443113	10.2219244866102	5.33070034869079	10.9106601357646	8.29925831405837	6.08486861809626
verm_OG0009883	413.62405167151	324.459216940064	354.291803551475	383.182461122068	261.095361163833	334.345376200245
vers_OG0011902	17.8877281953538	21.1975859040126	17.7051322885893	17.8880993510896	23.4233042898278	16.2636981820609
vg_OG0006666	2.29651743299996	2.0928055794269	5.01452628285904	1.64984873247214	3.45132324871013	1.39991720489293
VGAT_OG0006532	5.57346664926663	4.68244933275763	8.16356817696665	8.04805136524808	9.55843015063999	7.15586965270095
Vha13_OG0004506	447.750006271088	396.169466366232	373.108852400975	390.787448438078	487.768921610852	373.829140561379
Vha14-1_OG0006814	289.523404352763	263.317486639241	251.356572265079	243.015879478186	286.670648384893	312.029585774071
Vha16-1_OG0006797	104.491208454714	93.6260027728308	77.6196537638646	57.184120570732	97.1920769945964	90.1196721841862
Vha26_OG0004214	263.173659986125	206.000223375595	193.494216097074	165.590816834899	255.417445341583	244.034291139147
Vha36-1_OG0000260_OG0	14.3360486769199	38.081941262542	24.9321126320509	23.6326367116899	9.29409050463351	22.6624993084669
Vha36-1_OG0000260_OG1	236.861825827523	180.28766325026	185.76073731799	159.056550606808	203.407793683893	232.629125788541
Vha44_OG0006483	28.0813259620346	24.212921924053	23.5226533701679	24.5899320279522	30.9028717947914	23.272635040348
Vha55_OG0004433	237.255694607813	157.135497453691	148.374944093045	133.303888301985	185.844825519715	187.857942027882
Vha68-2_OG0000341_OG0	290.075983339255	233.185889932763	208.434984455838	172.676459610182	240.017695747576	227.781159408663
Vha68-2_OG0000341_OG1	50.0256255774061	37.2656915070725	48.3289251796188	50.8072508318851	38.931394067811	40.8033401119626
VhaAC39-1_OG0003301_OG0	185.62152216557	125.74338855038	126.014198115204	134.59557139072	167.191878931805	64.8466783317585
VhaAC45_OG0002893	326.155023096836	266.813785654323	269.378762113196	212.345348638654	314.598677904191	289.271090564605
VhaM9.7-a_OG0010535	5.57733453144195	13.9243196839615	18.3133710271021	24.1956547656308	32.1190040892101	15.492096072013
VhaM9.7-b_OG0009872_OG0	317.738178080702	241.067984464327	167.885545119534	167.765561972975	236.738288435867	188.745995232409
VhaM9.7-c_OG0010520	69.0134849766131	56.4760213934873	36.5716551058555	32.0792707028282	36.3001864189248	41.0060058463642
VhaPPA1-1_OG0004591	407.813596712069	302.175793478209	267.112443060762	242.677953565838	303.084826870884	286.911639424004
VhaSFD_OG0008870	65.552090975722	66.3522123240085	63.9820591748494	52.0386236765949	77.29758946203	53.8517285654835
Vhl_OG0002799_OG0	17.1946695130875	11.7273798573168	5.6083045453372	13.7077452040266	23.9168564365551	22.0989526323442
viaf_OG0010812	132.164008703021	79.5797448945625	117.897064179714	142.438652657151	168.851332623356	133.886929350486
vig_OG0008799	75.1718231712248	86.2756081615935	100.545108569463	111.267705883601	120.161427654035	93.436186029431
vih_OG0009948	110.286832718988	107.017400420211	77.5424588286622	96.0359404383385	167.207986718969	91.5827412568239
vimar_OG0006779	16.0806754921214	17.7016070797057	11.2120560185801	13.9686408761189	23.4489951946502	18.9106792954358
Vinc_OG0007778	58.1496709182168	46.7771329871397	49.4455891876087	47.8316994361836	50.5287065989252	18.6248554397764
vir_OG0006003	22.8136374515552	22.5580371515711	21.419251651603	19.2402636792236	28.3130051034627	22.8257133947391
vir-1_OG0009742	18.1386787085737	10.1756470000357	8.36670358193699	19.3036077728729	12.3236523546987	6.70877574084207
vito_OG0010204	26.0742568461386	26.9405952496736	26.6495023569915	29.0675362081723	33.8828801378543	20.2565232284021
vkg_OG0003414	21.9405138886118	46.0251466272381	58.4884008771458	44.1204418218635	34.0289411387511	53.3570910537028
Vlet_OG0008388	7.16910984687447	14.3288970672267	8.6651261558591	15.1607440659054	13.1851326271113	5.80152440290174
vls_OG0001764_OG0	18.41873060707	32.6749592150582	16.6462055089826	37.9817821564322	39.4824655360808	24.4649584381538
Vmat_OG0007272	1.78992240605999	4.10256108553743	6.24557284081049	6.61602047456344	2.77150817248254	7.89172246490328
Vmat_OG0007275	1.81358708988689	2.45094345298577	4.1251808954962	9.28757474367904	2.35533648185098	5.47937701521267
vnc_OG0004064	119.470243423513	157.873216944596	113.864705890304	125.644412818268	143.155435708114	101.713152034397
Vps13_OG0002955	41.9999432122006	40.6455380519346	31.0809766825588	28.2117361822594	35.5899999841222	48.5467570237744
Vps13B_OG0001512_OG0	4.49869758693957	8.61404935608546	7.11594898105675	4.5425436656374	6.79898640568174	14.2974158988663
Vps13D_OG0009933	6.2851240131767	5.41093843170933	6.53503268557628	2.83456939647657	4.33551164138639	6.80499546518859
Vps15_OG0004865	11.8941800345644	10.4080339568956	8.16206821918821	7.89627717745743	12.0430985923265	12.8654336215201
Vps16A_OG0004872	12.9158312599437	21.5695008347102	16.2464486637004	17.5546287527465	20.6820162882581	20.5080655937986
Vps16B_OG0005701	13.5936431844451	8.75900558453307	9.34238287997163	8.39325266614018	10.7408337400514	13.7449751110227
Vps2_OG0005660	132.992175752504	119.305563815559	93.9054287698204	108.035921636493	141.560616919744	125.149762935194
Vps20_OG0007012	87.4218193666964	65.9016877529614	58.4470325890075	64.2248935831441	92.9645360168429	51.5013863024847
Vps24_OG0007327	91.0857967809124	86.3927409980354	103.387552522048	83.4110097812514	95.2082339397679	105.994753367792
Vps25_OG0003051	79.1094410670074	59.0091304287019	40.6526786391745	34.5117142568064	42.5770391023499	50.584886094934
Vps26_OG0007641	75.0083108372558	69.1275468957938	63.2836591445578	61.6866687297059	88.7588555075125	67.9022727634768
Vps28_OG0007186	68.2283221827105	77.5348979551851	78.7368537937022	60.0456242692957	76.7853761592433	70.0203373939858
Vps29_OG0009024	69.3902986050643	86.506094598455	63.5292077546833	77.8314984333509	105.536574258336	60.0650601253332
Vps33B_OG0001070	17.6529563672302	17.7092528380477	12.5934994766417	15.3067765964864	21.6109688906424	13.9421990964592
Vps35_OG0003032	51.0843381405117	55.3978346707461	41.9903076698613	42.5838419556055	67.5363360318732	56.9029542580849
Vps36_OG0010562	35.2642862261935	24.2558828184493	21.4254528380554	21.0988918805048	22.930216682149	27.352175534693
Vps37B_OG0004165	68.7525902367331	65.7566615688911	57.9288172963054	56.3553745962964	84.2149216888571	54.2230341565274
Vps4_OG0007865	97.9092339627723	100.671878555597	85.6307243083374	96.2018244756853	109.200591399269	100.317800773865
Vps45_OG0005556	11.399450520234	10.9721226588453	9.46110638245967	11.8279243064233	11.9294483229977	12.7870446437087
Vps51_OG0007230	12.6319767699671	14.9535359079224	13.3403562952789	11.3517656497096	17.0309288051022	19.7545114244012
Vps52_OG0009452	19.138023959997	19.5176977611074	14.8621225686948	16.1096785101893	22.2154018464287	17.3702167363319
Vps53_OG0009008	17.2406553494565	16.5947419884341	15.3824556341706	15.3510358405177	26.8075790175338	12.4914335379345
Vps60_OG0003897_OG0	98.3467678088079	101.004401496721	72.2410270590302	91.3104200058001	106.476163382955	73.1572877786326
Vps8_OG0003944	9.98010406216088	9.24556912623157	9.11429042207229	8.41421439776991	11.7314938726954	13.679196426461
vret_OG0004700	5.17406251473608	8.3832121477716	5.04941148751905	8.42421722166796	17.9075713881342	14.0468462779337
Vrp1_OG0005928	14.3558932453127	15.1237916771679	11.889842278545	13.7434225274333	19.7499506004715	12.3804404227751
vsg_OG0010993	201.426107235391	274.049847250392	191.631624176373	221.398089610017	243.935329366245	172.14351735474
Vsp37A_OG0007830	27.6250528662568	48.3393018596889	31.3546514866761	43.7623219835427	52.2676006617788	30.9702210228211
Vta1_OG0011270	121.661154583074	109.256364434954	81.6435286731711	103.871706473375	157.603403744619	88.0689584366685
Vti1a_OG0011350	10.3644833977876	9.9486436500413	12.4006011003281	10.2785964067711	14.9491638742597	17.6828903402046
Vti1b_OG0005047	47.1063330180408	32.2554641875335	26.3088856488475	29.602890717979	39.7666791731681	44.1163074580245
vvl_OG0010273	42.5331876634093	87.888897138156	42.2629323373457	42.1433765560899	81.5416555926514	49.1193854437207
wac_OG0011936	37.6375988469388	48.3373680013797	36.5017216924006	57.2451969595989	47.2426831000134	44.8129986593411
wake_OG0002279	9.13847485473023	15.4626415966666	9.86295394201824	8.88619781140198	19.3697846448932	18.568920729528
wal_OG0006562	146.245956786944	187.64087965628	184.803169443467	156.141101103774	133.101303627272	215.860433067625
wap_OG0008694	39.5911719100089	61.6643934844712	52.1179566313834	45.9019332583695	77.5583070684335	21.5660282372847
wapl_OG0007792	23.9363344540225	20.4420145164778	21.5501060197313	20.5348695810562	31.1225333772491	20.1652220142373
wash_OG0006176	27.242143567182	20.685184718501	19.4381217402746	24.7437865494234	47.9300221312534	18.1081513764003
WASp_OG0005388	10.3605366534973	9.61742420436456	10.3873738950335	8.43752571506726	14.6460382793456	10.316350348414
wat_OG0005378	21.5660260474488	23.7004626208387	12.7702692384023	16.7279622944917	48.0610919725725	25.8745345242912
waw_OG0001782	12.5064757400254	9.85837739976895	11.9285041443354	12.2599240095623	16.5219543254748	15.2052876895496
wb_OG0009174	2.30564103271043	3.42412085817796	6.94544293318367	5.12848858534525	9.52436021505612	2.10315878946782
wbl_OG0006636	45.4041833223768	75.9450201908534	36.663290994092	35.8915984093276	108.53084422413	36.5878524165203
Wbp2_OG0009926	63.8761579865664	53.5439675130146	47.6132025268727	54.4513705562942	59.2706795512413	54.5464159850221
wcd_OG0006479	27.1766504668933	25.0674089276467	25.8881275249321	27.39148926064	30.7866445817754	35.6344093915486
wcy_OG0008585	16.0103371076289	19.7629604021625	17.9122095577883	13.8895172763455	23.9724538112059	22.0951776730773
wda_OG0004663	9.75280866066355	10.193394009173	8.15023961863734	9.13937532979351	15.2737182364793	11.1771406948023
wdb_OG0005358	70.2221312390197	100.417365961083	85.0192628077641	67.0312398937896	120.83375944292	106.236489584748
Wdfy2_OG0003644_OG0	85.6312149202531	85.9301245835339	101.723949962015	75.2883322346736	98.5920810785679	67.8865955567769
wdn_OG0005391	28.1737422844657	27.2576783139712	25.6378158353726	27.4884333282476	44.4206599377798	27.3261417898433
wdp_OG0003024	163.578447298321	92.1869954543132	110.441196908345	102.704060410994	93.0973240959024	118.281452512608
Wdr24_OG0005688	9.8360855891885	10.7749593248734	7.8352630289186	7.50475147555046	10.6401795864023	7.83657368324098
Wdr33_OG0004230	18.8176142484244	29.8293103592399	24.9218806296173	25.9042456069185	36.3208808267046	14.2150447886327
Wdr37_OG0005046	23.4021093175272	15.9002181335226	19.3534630443014	23.3978129381143	25.5441970998512	17.5077540226809
Wdr59_OG0009670	7.04601967668425	8.40532988692271	7.3688568124988	8.94258403758409	14.0163149796783	13.5820202707533
Wdr62_OG0009065	12.4898119324653	16.4090199381519	14.9716485219738	10.9347374401856	16.942988888115	24.598746506986
WDR79_OG0008718	20.5558337003378	15.5740082006962	14.4837793345478	22.6548996265199	28.6674733963232	58.3473858851255
Wdr81_OG0009713	7.50240834062392	7.31399975019808	7.83353591810878	5.84214282143594	9.34853254838939	7.98342638946192
Wdr82_OG0003480	33.9909638927558	48.7401116422257	32.3854114992618	41.986963440302	57.6184923558974	44.4502711505791
Wdr92_OG0010120	17.2618093201465	16.6151442264502	17.7668519110842	16.8167142325988	23.3291922158649	14.7801421371855
wds_OG0007607	92.7088371246674	72.9015313256213	68.9778048975009	58.2483518104546	79.1169811689432	38.9802385094484
wech_OG0006741	3.64484899152118	11.806433101433	7.12858825823855	5.688118606547	12.4882382411493	15.5574958971683
wek_OG0009149	11.5565384242815	15.6211116336904	8.59492488677741	13.3621956416487	20.4396321971221	11.137163759038
wfs1_OG0004710	12.390048119591	10.035587578418	8.42120142285055	9.31875602186843	13.4475991113906	7.45172943433178
wg_OG0009338	4.20625855341754	4.95195997800762	2.96930750132088	3.19770748056351	6.50498949874045	3.1465099050153
wge_OG0004705	20.9698767293121	24.8828917338597	19.4555856023269	19.9376924195973	32.4290592091497	31.045788906838
wgn_OG0008668	17.2080845804279	5.79386300886972	10.6339643672473	4.82784496567998	12.3784506657341	9.94831045074137
whd_OG0006310	57.3362185507482	50.8004935023548	26.339927990277	23.412685502603	53.2821265300071	33.3190786625782
wit_OG0010502	15.5366421565958	15.8137285172963	15.8511687554669	12.0747890757875	26.1002644488073	15.3536942165683
wkd_OG0005431	26.0605186603736	28.3086868698147	26.8808069017484	17.5187250620038	30.3933942328495	20.2165763677298
wls_OG0010064	41.590268974071	46.3992012503196	35.9895721700065	30.1844050228487	56.0015116487981	31.2238247297865
wmd_OG0005997	33.7661654539907	48.4413838642652	33.8991255574849	46.4269499553812	73.1545699724382	23.6904522558696
wnd_OG0009888	13.1461824608947	14.0684164536756	13.871066112808	12.7623006679631	23.7455827672508	16.475235510498
Wnk_OG0001963_OG0	17.3365420608774	24.2935092466306	25.5756148133491	17.5118771167591	31.3902529460331	28.6803024690789
Wnt2_OG0006363	6.14279088163342	18.4954774508622	4.02783540556022	8.04562080040848	17.7712937040547	1.3882488215226
Wnt5_OG0012128	21.372804003331	33.1363404827508	26.9152286627883	20.7687111289878	44.7535317161462	16.6946478725677
Wnt6_OG0009337	4.14112845716774	2.42248318868481	2.23098326713936	2.99798329776486	4.75360703128349	2.83295496798106
woc_OG0005372	60.566007461985	104.659824066135	53.1766577759967	63.6718851773348	103.227828095244	67.1343431404595
wol_OG0001837	75.6857191717236	68.516432000405	55.177346913958	49.6531972146936	69.0006048853752	69.9105000369047
wor_OG0001802	1.68496157379762	3.2771990619024	6.52545391255416	9.12948440620174	10.1032158492598	7.02465508296991
wrapper_OG0007029	2.90082530762359	7.24480417037913	9.40178634318845	10.6203849209383	15.2669984952958	7.06107888981477
wrd_OG0005063	23.0801691257764	21.8906787029636	22.9027362652596	21.1319939991084	34.2436858365315	24.4050200356264
wrm1_OG0010432	263.115376399976	249.703913410557	209.505530537884	184.975822011827	327.379885712375	135.842453933397
WRNexo_OG0002464_OG0	12.0914940188422	22.0928729232045	15.6322689352945	16.4403175471639	16.2910283351203	8.96026730714446
Wsck_OG0004621	33.9281105515658	25.6199560720236	22.1323556516889	25.1623276144154	48.961215414467	14.8585923772261
wtrw_OG0004369	13.5156553777495	4.64697777794232	12.0045858652611	9.8545052850403	7.70295917157428	12.0032957345999
wts_OG0002647	13.2237901853383	11.8482576111501	10.8750933910129	4.89442159515539	17.140357522216	8.94446436662302
wuho_OG0003166	33.0163396270901	35.120015719449	34.4208251148537	33.5996421504666	39.1440315086769	38.3483072338848
wun_OG0006370	14.2602650588745	8.95270108875761	6.09405592950476	8.33868930645089	9.7016855513524	5.84385500214958
wun2_OG0006369	5.54283364105665	7.64753949309851	8.28977118331655	8.73260445304475	13.5047469878121	9.84676873157529
wupA_OG0007877	410.570119988281	417.245957656931	488.740698599202	543.829696975607	477.514730604388	553.989883617441
wus_OG0008579	25.7853864259047	24.2785632975168	19.13806093275	12.0287237860627	31.9547828398192	11.3977977117861
Wwox_OG0009788	5.1043617623675	6.10733119266258	5.99947526579331	6.20503150734746	8.50853778252268	3.81177773646201
X11L_OG0007702	17.2714367547911	22.7697667524816	19.2041566616703	18.0673334968241	33.1343268346998	28.1019564206044
X11Lbeta_OG0008049	2.66583452483085	4.10569916279634	6.11181567237216	5.96604414071964	10.9946943751159	4.7376975941972
Xbp1_OG0006277	344.172839682066	450.222415235893	399.478642840525	606.108437382046	718.187625103649	476.763760897136
Xe7_OG0004231	52.0337343490669	74.9666939260928	47.7685707449339	50.1961891584242	77.7897288259905	68.1022848359168
xit_OG0007803	13.00453115547	21.038246728158	12.7337333612684	12.4945790634932	15.6748968588551	17.7690380367153
xmas_OG0003315	21.678955709308	10.7339138253743	8.89119465500403	16.0276800341182	19.809471325759	8.96747413698606
XNP_OG0002496	90.7623287871012	81.3177183481998	74.0257944284983	64.6868873355817	106.067093377057	78.4779320070039
Xpac_OG0008280	18.0946453862093	26.2346524958884	19.3656754888704	18.7593715613045	24.9661894715226	24.2754232670863
Xpc_OG0001643	26.6598601426649	31.8872563805162	51.3250121288356	21.6690331227968	40.7393661512987	38.9755130662336
Xpd_OG0006615	13.5421090948065	20.2613880903715	11.7504686098677	14.4184944039452	20.9429794666231	11.4806578728029
Xport-A_OG0011453	2.36284779384069	1.47857697937756	1.57589404581601	2.12375564367474	1.67544555245818	4.80843329466592
Xport-B_OG0004522	5.21413921725935	2.6202630214537	2.1141831876317	1.58651262514312	1.26549910076117	3.78137364771975
XRCC1_OG0007987	28.0423888004011	18.5688564199232	28.5376134933856	18.4063185361022	22.1736444333143	19.2368137711877
Xrcc2_OG0001204	4.21499090568306	1.38351977858141	1.93682896960619	1.33517038177357	3.38281378913373	3.95079185425126
Xrp1_OG0002156	60.4795413411862	69.6008094133923	96.7019621911345	142.85909568985	125.291800602855	376.548147085546
Xxylt_OG0002999	19.7509916381917	22.70333164554	18.0452962489823	24.2118335894074	32.3132492414812	18.8086312465402
yata_OG0005691	27.0504019891635	34.349135912382	22.1974803373588	22.6158570730073	34.6317745214653	26.5643201971143
yellow-b_OG0008877	55.2059191460944	25.6212539805976	39.2945509416616	23.2718244826479	31.7974874319365	42.3457563458308
yellow-c_OG0008794	72.7648789990574	101.506573773085	80.704953386716	144.029548247021	250.343364876798	86.8900232934663
yellow-d2_OG0006002	172.404705273618	214.71316786907	31.1106580824153	110.740706900981	176.593410691655	190.20568952868
yellow-e_OG0002190_OG0	51.722912742856	162.698595093827	128.354295484276	147.089713822692	126.980247837199	14.1913766442293
yellow-e2_OG0002189_OG0	10.083951817697	1.82205427069967	47.9766257837068	34.0665054504807	33.7312018074595	15.0042849323564
yellow-f2_OG0000388_OG1	10.476166834158	3.80518032181543	4.52233723901063	10.0689252050689	5.30752399198911	11.3182863589177
yem_OG0005090	32.1519190712236	39.7558953737306	26.3488886060496	30.5958126320624	49.4677716903214	27.5584892634266
yem_OG0005091	15.6722036835496	17.9531304988511	14.8576674296642	13.6128155263196	22.6105037554074	17.11589173245
Yif1_OG0011538	56.3156539864326	63.7613584703909	61.8793574694014	50.7761818293112	71.3615566637814	50.3355607325468
yin_OG0001198	22.2149507536305	12.7620742913134	4.78111100944686	10.4514523721276	15.1471627864846	11.4840321235889
Yip1d1_OG0009765	11.5000520870065	10.5155162927061	10.1655708928749	11.0516575636608	13.904512767172	7.39727650005706
yip2_OG0003505	163.998091080678	188.675472070725	88.843379846802	181.549220107037	122.599090771044	133.979104979791
yip7_OG0000037_OG1	432.437310984164	191.241790072197	499.738452952074	3590.77975423373	1861.51310059636	54.1571767510783
Yippee_OG0008397	56.9902740836151	55.0325720189379	59.7523164605454	43.6928484565556	68.0475399019746	25.2077343710036
yki_OG0006871	60.1106946024649	46.7956428475784	43.0501665266407	41.5736472474645	67.1147003827376	29.2282043946136
Ykt6_OG0007945	63.8458773635215	72.9450621401769	59.7791339706838	60.8357670900261	73.55087543465	65.6122488584545
YL-1_OG0009655	26.5136730809443	35.3836178758777	33.0768878259931	30.4637630749642	44.6687841215304	16.2750037300915
YME1L_OG0003013	47.9070441296395	62.9860742395429	54.1061075415979	57.9468035210414	60.0070392596269	59.6052343301227
Yp1_OG0007534	371.602995509343	4.7630475773468	1.66513275748526	2.79892035748102	1.10013107834283	1.17403239367775
Yp2_OG0007535	298.72645011123	4.56413620752074	1.77341583182397	2.22760114461521	1.51808525180456	10.6134485212116
Ypel_OG0007527	25.6029605135947	55.9740020868367	14.7170734289294	36.5241024342867	116.768206870295	39.0959837277382
yps_OG0002035	268.506386853537	231.369334348664	288.330590519524	198.832968530221	354.730553071769	307.424224935887
yrt_OG0002192_OG0	24.1742522506537	26.5040673348027	19.2529872545559	17.4358114496183	31.014386065207	9.05484375204475
Ythdc1_OG0010670	85.2772873975746	101.619922202542	75.6930835442357	96.1331035617825	142.980845288517	97.8427506424809
Ythdf_OG0005190	29.7560681012035	47.5872319058507	37.0333052595749	41.5825969419264	63.6921979615994	36.1877691134682
ytr_OG0006953	42.3835496159578	50.9773373436495	44.5641570984404	46.8821964186313	64.4566966420837	34.7979043553575
z_OG0007602	31.2007574377787	47.3136811368909	29.0075067442165	41.3657575703832	69.6742743425807	27.610027622818
Zaf1_OG0005074	6.83290137164943	3.9136044752307	5.46164812056127	4.71527352257742	8.28015799192376	4.84831705778373
ZAP3_OG0001692	22.9096616733735	34.1726374383987	27.4079306295533	23.8866041119336	38.0101076136722	37.2652011808254
Zasp52_OG0006811	43.7517124659045	28.3443278888423	57.6319135031788	48.0137467366629	34.5180188469511	59.6325372275099
Zasp66_OG0004097	395.036796913296	364.771935807895	373.559377684997	426.526810204357	327.697556184804	515.072070791618
Zasp66_OG0011195	6.95540335415584	6.53743141429387	2.63243555215546	7.05075642479323	16.842916400628	9.67486226462815
ZC3H3_OG0011182	15.0094278807979	15.128429403192	11.9632170056889	14.4865045777487	21.1025112886688	15.4608283284687
Zcchc7_OG0004012_OG0	27.3712976617703	27.5122008287866	33.4440317732409	22.1108841086963	39.0250270437133	36.0975617233555
zda_OG0006717	131.892819277635	116.319053930485	89.6241409215022	91.0295555888648	126.119010437885	96.4602238869379
Zdhhc8_OG0003134_OG0	1.49918523546163	3.540754897997	2.03382812834272	1.36842008207755	2.61234225031804	1.35314568675178
zetaCOP_OG0010719	49.6076444326724	47.8070744709105	46.046225378565	48.0892020595528	57.9038811181766	42.2262741001154
zf30C_OG0009263	76.2009519450109	62.0724343100349	28.2489590514718	54.9740711049007	96.2735448272331	43.3292153820942
zfh1_OG0005769	8.4103619992171	2.89023852078444	13.0873046657292	9.72381755816737	17.8815055699481	11.7276588556598
Zfrp8_OG0006880	30.3505725767923	21.2059843432128	17.5053583222378	26.2607998828883	33.0401629240605	25.8534217014207
Zif_OG0004300	30.8686868872386	47.1119616656851	26.5819913999781	39.8682305375215	54.5894591941444	22.714010887992
zip_OG0005854	79.9038199922163	99.729045099849	60.9642536319809	61.5349395325475	129.284322059699	85.9911740824203
Zip48C_OG0006575	21.2578858678415	11.1090482465717	17.9374330190347	12.7482268131108	12.2681570264381	19.0794121664674
Zip71B_OG0010848	1.02940513003818	2.34078600100148	3.93537042654491	1.41469423992323	1.49296893591437	1.37836214367062
Zip88E_OG0004609	17.0362546227134	17.3034765962733	13.5269970057409	10.2619401948664	19.9493925936898	12.197511688759
Zip89B_OG0002421	12.4307379354576	8.34840899056816	7.15731643751826	12.2485581086476	12.619800021903	9.36447412631617
Zip99C_OG0005708	51.5483036517837	28.8142792813052	50.4125147342756	50.2107828237292	50.5039706788027	50.9878198391888
ZIPIC_OG0005721	15.373288782788	20.2383971211602	16.1654089442465	18.9586217679181	26.9723597500913	20.4109482406516
Zir_OG0000526_OG1	35.5706572088651	43.0412353522064	11.2650405333429	27.5680595014101	54.8400447107026	18.8498440735949
Ziz_OG0009321	2.20407932767099	10.272905750156	2.9323093640873	2.53416473627771	3.89585786145119	6.29257781988069
Ziz_OG0009323	21.9042212809624	15.6894184366243	13.303528095364	13.4797363945652	17.3204951736653	20.1604032431184
zld_OG0003258_OG0	60.5297975289002	65.2482682509889	68.9013110305406	66.4506378415114	102.835055413624	66.1086992663145
Zn72D_OG0010796	32.8639107683487	38.8082827503811	29.5517953725277	31.0632469553212	52.1033436971397	42.0145080606086
ZnT49B_OG0007209	31.7730931417216	28.6311164551902	24.7451180119471	27.7217358849352	32.4942612301697	31.9594417626624
ZnT63C_OG0010664	28.3010648688661	25.7020952076922	19.2966025482446	26.6352878176558	36.3531148402628	17.1982795304483
ZnT77C_OG0003956	1.65303689224124	6.21959360421836	1.74918441286206	3.9259048067377	10.4686706372526	4.09384953186944
ZnT86D_OG0005459	63.3036402197863	57.1977434317146	45.9581338176737	53.6285393269839	66.9880490750829	78.7340310357412
zormin_OG0011064	32.3139376853883	33.5292833606356	42.665687948321	34.018219273543	37.3538326033129	55.3712004439351
zormin_OG0012757	13.6880800743684	32.9208995027219	15.3697966200292	9.50971272805717	10.2284013089353	16.3004954304031
Zpr1_OG0007675	39.286353061063	33.0202924250158	23.0375974459113	32.3537454048355	51.5418169990391	36.3486684813214
zuc_OG0003776	5.42076307458062	7.20767499045473	4.44003828524346	15.2600310575333	9.84830106052692	4.57681126914325
Zw_OG0001164	10.7581385582463	13.5931701617575	11.2193833792509	24.0961518740017	34.7962905043578	18.1429689669755
Zw10_OG0000914	46.1387792560399	38.7267234399347	39.819334556406	45.1911661107935	59.3914070485324	34.9006895041194
Zwilch_OG0005789	14.2192931615184	16.7334849345669	10.9255053550847	14.1483061003807	28.0199821596986	16.3887057170759
zye_OG0002012	736.004178154402	474.164933203302	147.310536557098	122.008954447808	323.312057044531	418.329368548836
zye_OG0010370	115.536536023735	115.543560119182	70.3735905667891	86.6395819868398	202.217793123751	243.72356700304
Zyx_OG0013487	51.0087109097779	49.6298965820152	60.4261373998122	45.4768772076123	157.490359429476	11.5476604068833
